-- MySQL dump 10.13  Distrib 8.0.25, for Win64 (x86_64)
--
-- Host: localhost    Database: vk
-- ------------------------------------------------------
-- Server version	8.0.25

/*!40101 SET @OLD_CHARACTER_SET_CLIENT=@@CHARACTER_SET_CLIENT */;
/*!40101 SET @OLD_CHARACTER_SET_RESULTS=@@CHARACTER_SET_RESULTS */;
/*!40101 SET @OLD_COLLATION_CONNECTION=@@COLLATION_CONNECTION */;
/*!50503 SET NAMES utf8mb4 */;
/*!40103 SET @OLD_TIME_ZONE=@@TIME_ZONE */;
/*!40103 SET TIME_ZONE='+00:00' */;
/*!40014 SET @OLD_UNIQUE_CHECKS=@@UNIQUE_CHECKS, UNIQUE_CHECKS=0 */;
/*!40014 SET @OLD_FOREIGN_KEY_CHECKS=@@FOREIGN_KEY_CHECKS, FOREIGN_KEY_CHECKS=0 */;
/*!40101 SET @OLD_SQL_MODE=@@SQL_MODE, SQL_MODE='NO_AUTO_VALUE_ON_ZERO' */;
/*!40111 SET @OLD_SQL_NOTES=@@SQL_NOTES, SQL_NOTES=0 */;

--
-- Table structure for table `communities`
--

DROP TABLE IF EXISTS `communities`;
/*!40101 SET @saved_cs_client     = @@character_set_client */;
/*!50503 SET character_set_client = utf8mb4 */;
CREATE TABLE `communities` (
  `id` bigint unsigned NOT NULL AUTO_INCREMENT,
  `name` varchar(150) NOT NULL,
  `description` varchar(255) DEFAULT NULL,
  `admin_id` bigint unsigned NOT NULL,
  PRIMARY KEY (`id`),
  UNIQUE KEY `id` (`id`),
  KEY `admin_id` (`admin_id`),
  CONSTRAINT `communities_ibfk_1` FOREIGN KEY (`admin_id`) REFERENCES `users` (`id`)
) ENGINE=InnoDB AUTO_INCREMENT=106 DEFAULT CHARSET=utf8mb4 COLLATE=utf8mb4_0900_ai_ci;
/*!40101 SET character_set_client = @saved_cs_client */;

--
-- Dumping data for table `communities`
--

LOCK TABLES `communities` WRITE;
/*!40000 ALTER TABLE `communities` DISABLE KEYS */;
INSERT INTO `communities` VALUES (1,'odio','Est error laudantium possimus sint ut et fugit. Molestiae minima neque ab doloremque.',162),(2,'nesciunt','Qui ex consequatur dolor praesentium dignissimos ut repellendus. Vel enim molestias consequatur facilis iusto. Quisquam aliquid ea recusandae qui aut.',71),(3,'quia','Odit beatae dolore excepturi dicta. Excepturi sequi inventore quo aut sapiente. Corporis quasi officia veritatis et consequuntur ipsum sit ex. Delectus quaerat iure vel necessitatibus.',6),(4,'at','Aperiam alias illum quas. Ducimus facere odio qui dolores. Porro sed unde quo vel quia quasi. Tenetur inventore corporis veritatis magni et voluptatibus tempore. Nisi et dolores officiis eum.',266),(5,'dolorum','Voluptatem animi reprehenderit harum molestias eum dolores velit. Dicta qui voluptatem ut suscipit non aut ut. Quis et fugiat recusandae dolores. Est ratione sint laboriosam voluptate sint ut accusamus.',210),(6,'deserunt','Labore sed magni debitis blanditiis inventore quidem. Sed porro quae numquam odio aut qui. Est velit qui voluptate est fugiat doloremque. Praesentium voluptatum rerum sunt labore. Ab voluptatem ullam occaecati et molestias non.',81),(7,'repellendus','Pariatur in voluptas exercitationem nemo. Magni tenetur magni sit eos eum. Sint autem est repellat pariatur nihil. Vel sapiente cumque ipsum sint.',298),(8,'provident','Dolor sed necessitatibus at adipisci voluptatem quis officiis. Earum voluptatem enim vel culpa. Asperiores quia cumque ut molestiae blanditiis aut excepturi. Cupiditate voluptate voluptas dolorem iure iure accusantium.',76),(9,'blanditiis','Quia consequuntur omnis sint sed. Totam aut odit non consequuntur suscipit dicta.',260),(10,'alias','Voluptas eum praesentium voluptas nemo. Officiis numquam voluptatum modi ea nisi officia debitis. Tenetur nihil debitis nulla sed. Sapiente aliquid dolor nisi dolor et earum consequatur.',216),(11,'labore','Dolores excepturi blanditiis dolores aspernatur reprehenderit similique. Quam accusamus quo quae fugiat voluptates libero voluptatem et.',73),(12,'et','Nisi sed velit eveniet rerum et. Libero fugiat id atque nesciunt in voluptatem. Sit nisi nihil fugiat doloremque.',22),(13,'in','Labore et eum reprehenderit alias sed commodi molestiae soluta. Asperiores dolorum ut iste earum voluptas. Voluptas omnis cupiditate repudiandae quae eaque tempore adipisci.',265),(14,'et','Ut sunt explicabo aspernatur dolore. Suscipit voluptatem non porro saepe nisi. Repudiandae facilis quaerat ut sed est rem. Totam quae incidunt hic animi et.',153),(15,'delectus','Voluptatem sequi libero a quo. Reiciendis a alias tenetur sed hic. Et similique voluptatum illo est iure tempore. Reprehenderit doloribus earum at quibusdam eveniet.',291),(16,'eum','Et consequuntur qui tempore expedita quod quia. Sed qui sunt nam in culpa iusto. Veritatis hic eum vel sunt voluptatum veritatis.',193),(17,'officia','Repudiandae laudantium et ut dicta. Et enim vel repudiandae voluptas id tempora molestiae. Incidunt in numquam sed non.',230),(18,'ut','Atque recusandae ea omnis aut nostrum cumque veritatis veniam. Ducimus corrupti voluptas reprehenderit. Esse rerum ducimus dolores mollitia.',21),(19,'tenetur','Sunt autem dolores nisi incidunt ea. Et aut aut rerum aut magnam similique maiores. Ea accusamus officiis molestiae harum odit magni.',197),(20,'dolorum','Qui consequatur temporibus in est. Nesciunt ut dolor voluptate. Reprehenderit velit dolorum autem. Consequatur autem unde vel minima. Veniam excepturi dolores dolore alias.',261),(21,'molestiae','Possimus voluptatem veritatis voluptatem explicabo esse quam. Est officia fugiat aliquid sed alias recusandae voluptatem. Quos nesciunt odit officiis cum magnam ratione sed.',227),(22,'eum','Dolor molestias ut unde in voluptate illum. Voluptatem corporis quod nemo voluptas quam tenetur. Alias minus nihil quo et et.',210),(23,'labore','Dolores repellat numquam facere voluptatum. Ullam sequi eum at neque voluptas. Rerum esse maiores et placeat et ipsam.',140),(24,'inventore','Illum incidunt cumque soluta qui. Iste et et laborum beatae omnis. Molestiae id molestias sapiente.',82),(25,'molestiae','Labore quo doloremque inventore minima perspiciatis et. Molestiae officia aliquam id vitae. Ipsam facilis sequi ad quos et.',247),(26,'suscipit','Quaerat vel quasi aut nesciunt. Consequatur aspernatur eligendi corrupti aut quaerat et voluptates. Error vel neque vitae temporibus aut ab. Non necessitatibus ab est a quidem.',296),(27,'eius','Autem mollitia natus iste id delectus maiores. Dicta ea sint accusantium porro esse. Voluptatem aut natus ut qui est voluptas. Consectetur non amet voluptatem in possimus pariatur deserunt.',293),(28,'eos','Neque rem accusantium ut molestiae nobis veritatis consequatur. Sed iure provident atque rem dolor esse esse minus. Provident fugiat consequatur et id natus.',79),(29,'vel','Quam facere ducimus repellendus ab. Optio veniam et molestiae dolorum architecto a. Culpa sit incidunt velit non ad porro. Distinctio qui consequuntur voluptas.',58),(30,'quos','Et facilis beatae incidunt laboriosam. Rerum dolorum optio fuga vitae voluptatem. Minima omnis rerum minima ducimus incidunt ut.',130),(31,'quam','Vel ea aut vel et. Dolor et repellat debitis nobis. Quia facere dolores delectus ipsa.',17),(32,'sint','Quod et eum est explicabo. Cupiditate repellat voluptas vero totam voluptatem. Fugiat vero voluptas optio ut magnam ut esse.',219),(33,'nihil','Delectus occaecati aut beatae temporibus non eaque hic tempora. Laboriosam ullam modi reiciendis necessitatibus.',200),(34,'sequi','Quod qui odit a nisi ipsum quae consequatur. Laudantium rerum ipsum nostrum aut provident fugit quia. Autem quidem laborum ut quo ad. Et totam aut eum a dolorem.',22),(35,'laborum','Sit accusantium ut sed sunt. Fugit mollitia harum consequuntur reiciendis ipsam cumque nihil.',185),(36,'asperiores','Non fuga aspernatur blanditiis ducimus nihil. Molestiae impedit voluptas doloribus voluptatum totam veritatis maxime necessitatibus. In qui minus quia veniam cum velit atque.',109),(37,'beatae','Voluptatem et corporis aut aut. Rem ullam quas aut ea ratione. Maxime reprehenderit eos accusamus dolor. Expedita non doloribus aut et.',103),(38,'culpa','Totam odio dolores voluptas cum harum id est doloribus. Aut non nam non eum labore aut quas perspiciatis. Consectetur et assumenda harum quisquam.',182),(39,'nemo','Error impedit eos voluptatem eum praesentium. Atque qui reprehenderit et quo nemo odio error. Error laudantium occaecati occaecati officia dolorem suscipit.',185),(40,'quod','Beatae ea exercitationem occaecati beatae quia. Inventore optio explicabo ab voluptatem. Quia delectus accusantium consequatur qui rerum qui itaque.',62),(41,'voluptas','Tempora nihil veritatis recusandae mollitia et qui aperiam aut. Consequatur non et voluptatum quod consequatur. Voluptate et neque sit aut. Voluptatibus labore accusantium pariatur odio.',97),(42,'et','Possimus est alias architecto sed commodi sint. Neque excepturi ut alias eius et. Ullam magnam iusto et.',258),(43,'quo','Fugiat occaecati aliquam nulla laboriosam. Omnis aliquam aut iure impedit fuga pariatur. Dolorem eius et aut veniam cum et corporis.',84),(44,'et','Ad consequatur officia deserunt quisquam numquam sint sunt. Vero minus et illo est at distinctio odio nemo.',62),(45,'atque','Nobis recusandae officiis quae magnam tempora. Veniam nihil aperiam aut id veniam officia. Porro enim in dolore et quae sit. Quidem ducimus magnam excepturi neque iste. Architecto eveniet et quia itaque quis debitis.',110),(46,'minus','Unde atque et beatae voluptatum debitis sit delectus. Unde eos aut facere reiciendis. Eaque illo non et voluptatem. Ut corrupti sequi inventore ut inventore laborum dolorem. Minima ipsum quam odit aut qui numquam totam.',74),(47,'voluptas','A aut quia nisi ducimus ex. Aut optio voluptates voluptas atque necessitatibus.',254),(48,'ut','Libero sed voluptatem et tempora quis ut labore amet. Suscipit ut rerum maiores aut. Consequatur soluta harum eveniet odio in veritatis. Ut quia vitae et animi.',39),(49,'maxime','Dolorem consectetur incidunt error saepe. Pariatur omnis repellendus accusantium quos vitae. Laboriosam consequatur debitis sint temporibus dolorum officiis quod cumque.',95),(50,'fugit','Illum consectetur voluptas dolores nostrum qui cum. Dolor fuga quia debitis alias similique magni quia. Ratione minus vero veritatis sequi est illum consequuntur.',151),(51,'fuga','Qui exercitationem dolorem quam id a dolorem est. Quis nihil nemo voluptates amet qui. Repellendus saepe doloremque fuga ullam qui natus consequuntur recusandae. Qui tempore voluptas ea iusto aperiam.',300),(52,'consequatur','Dolorem voluptatibus quasi est facilis voluptatem laudantium. Cumque omnis culpa corporis quaerat quia. Occaecati incidunt et in ullam. Incidunt vel perferendis officia sit repudiandae velit officia.',21),(53,'sit','Qui a occaecati minima et libero quod. Et sint numquam debitis consequatur atque quo. Architecto dolore et iusto ea consequatur rerum.',60),(54,'ut','Voluptatibus est enim ullam maiores quia asperiores. Dolores et labore voluptates beatae blanditiis at ut. Voluptatem odit quos fuga repellat ut maiores eius omnis. Est in sunt nihil at.',139),(55,'qui','Officiis reiciendis soluta rerum eligendi hic veniam quia sunt. Quo ratione voluptatem molestias laborum. Laboriosam deleniti consequatur alias harum velit excepturi alias expedita. Labore deleniti qui totam veritatis dignissimos maxime.',102),(56,'accusantium','Maxime quos ut enim est ducimus adipisci voluptate. Vel autem expedita qui aut. Ut numquam facilis beatae et occaecati.',7),(57,'perferendis','Ea vel laborum veniam cum. Ab necessitatibus odio est error. Sit et odit dolor illum ab nemo rerum.',135),(58,'reiciendis','Explicabo iste rem qui reiciendis non sit. Minima sed consequuntur et ipsum aliquam. Dolorem autem quod et qui eos impedit.',95),(59,'ducimus','Vel pariatur quidem debitis optio consequatur. Consequatur itaque iure maiores excepturi unde quae veniam et. Voluptatibus sint amet sunt velit dolores ut nobis.',85),(60,'qui','Rem alias dolorem ratione aliquid officiis natus consequatur non. Illum et tempore quia culpa ratione. Ullam officiis repudiandae aut labore ipsam.',193),(61,'modi','Alias voluptas sint iste blanditiis eveniet voluptatem. Assumenda voluptatem voluptatem sint distinctio odio sit. Consequatur cum harum illum inventore omnis asperiores neque soluta. Quisquam nisi necessitatibus commodi porro.',224),(62,'rerum','Quibusdam quisquam et aliquid impedit. Optio voluptatem veritatis sequi nam. Quasi ut perspiciatis deleniti. Saepe illo similique voluptatum quam officia id.',101),(63,'non','Earum eum ipsum eius culpa accusamus sit. Totam id voluptates doloremque exercitationem voluptas voluptatem impedit excepturi. Eligendi dolorum molestias quia omnis optio.',111),(64,'est','Corporis laborum omnis culpa laboriosam ut a delectus. Repellendus laborum consectetur sunt. Pariatur qui magnam ut eveniet veniam aperiam eaque enim. Minus ipsam aliquid mollitia ducimus unde accusamus suscipit. Ea et minus exercitationem sint ',123),(65,'sint','Modi et cum voluptates delectus non et autem. Sit facilis eligendi tempora consequatur corrupti amet natus. In repellendus architecto dolorem animi aspernatur. Dolor accusamus et animi et ut.',123),(66,'repellendus','Deserunt rem quis non necessitatibus nostrum nam quo. Doloremque omnis nemo ut et accusamus voluptatum. Mollitia iure dolore qui quod. Ut autem non et ab laudantium est. Consequatur et eos vel est eum est at harum.',295),(67,'distinctio','Quo voluptas numquam qui voluptas voluptatum consequatur. Laudantium molestiae ipsa explicabo assumenda. Distinctio architecto ipsum possimus quod repellendus error laboriosam ut. Repudiandae enim tenetur et veritatis.',232),(68,'id','Odit dolores soluta voluptatem exercitationem ut facilis enim. Ipsa est voluptatibus unde dolorum. Veniam voluptatum quia amet id mollitia quia incidunt.',225),(69,'est','Aut eum ea et rerum. Et dolore molestiae iure nam ullam. Nisi at magni et quas eligendi voluptatem quo explicabo. Error sunt ut corporis quis incidunt.',177),(70,'voluptates','Qui blanditiis perferendis nisi est. Repellendus unde eveniet sint sed laborum fugiat. Non illo est in. Aut quaerat architecto occaecati est.',117),(71,'sed','Dolorem molestias repellendus sed. Magni omnis dolorem consequatur nesciunt. Voluptates soluta possimus asperiores consequuntur dolor facilis.',287),(72,'rerum','Recusandae incidunt minus error quisquam quae aperiam omnis adipisci. Vitae excepturi et consequuntur fugit iste maxime sapiente. Vel temporibus est sed et labore.',274),(73,'dolores','Dignissimos et nostrum enim. Sint voluptatem corporis tempore molestias ea. Voluptatum sit dolorum voluptatem soluta non qui vitae. Vero temporibus voluptatem saepe fugiat accusantium quisquam qui.',75),(74,'cupiditate','Vero autem dolorem eveniet et deleniti magni. Odit consequatur voluptas quo placeat molestiae qui. Eos mollitia sunt dolorem aut maiores deleniti numquam. Eos repudiandae voluptas ipsam ipsam placeat.',71),(75,'voluptas','Cum qui ut aliquid at. Sed praesentium accusamus placeat maxime officiis maxime modi. Consequatur enim qui officia. Repellat porro earum quae neque a. Velit dolorem sequi vero numquam.',35),(76,'sint','Aut consequuntur dicta nemo aut omnis assumenda. Consequatur tempora hic quasi nihil explicabo quis doloribus nihil. Ut provident corrupti commodi rerum.',184),(77,'eligendi','Quod voluptatum quibusdam aut qui molestiae necessitatibus neque id. Totam ut porro ut facilis error voluptatem alias delectus. Et rerum ut explicabo rerum.',145),(78,'consectetur','Totam labore necessitatibus id quo labore dolor sint. Modi dolorum dolores porro dignissimos doloribus. Impedit quis explicabo quae velit qui.',289),(79,'repellat','Cumque ut cum id et quasi. Aut debitis quod ipsam aperiam quae. Fugiat est non nobis non enim.',223),(80,'quod','Est ipsam similique ut nobis reiciendis. Atque similique aut exercitationem eum natus perspiciatis reiciendis. Delectus consequatur nisi non necessitatibus. Dolorem et nihil sed recusandae porro corporis aliquid molestiae.',239),(81,'et','Placeat qui placeat optio debitis sed nostrum. Cupiditate libero et voluptatem enim quia. Velit non nesciunt non consectetur et aut et.',139),(82,'architecto','Quas eum voluptatum animi error at eum eos ex. Itaque odit ipsum autem dicta non numquam. Iste vitae omnis deserunt libero.',222),(83,'nisi','Aut magni repudiandae impedit numquam eum. Et possimus voluptatem dolores. Beatae nihil et ipsa dignissimos corrupti.',259),(84,'reprehenderit','Accusamus quos aspernatur eum expedita quibusdam voluptas. Sit maiores deserunt dicta veniam ab dolorem. Qui ut qui iure et. Vel tempora reprehenderit unde fugiat voluptatem incidunt excepturi.',199),(85,'aut','Consequatur ducimus neque laudantium consequatur eligendi quos. Hic cum occaecati error facilis. Facilis perferendis voluptatem repudiandae sit. Praesentium quia aut accusantium dolore et ea doloremque.',61),(86,'quia','Et rerum esse commodi deserunt rerum. Natus deleniti provident non eum occaecati dolorem. Velit sint officia quae ut magnam enim. Omnis voluptas quas a nobis possimus dolorem. Molestiae facere ad alias reiciendis.',61),(87,'qui','Ab ut officiis unde quia aut non. Nemo alias et facilis. Molestiae enim aut asperiores nam sed pariatur qui.',205),(88,'atque','Beatae quae suscipit sit et architecto unde. Quia consequatur magni impedit optio vero est fugit adipisci. Molestias ut non ut et.',196),(89,'voluptas','Qui aut ratione aut qui vel harum consequuntur quo. Facere consequatur fuga sequi eos. Numquam voluptatem necessitatibus totam temporibus.',155),(90,'aut','Est dolorem sint cumque quis voluptatem architecto. Vel earum sed debitis atque laborum maiores. Ut architecto sed ex enim repellendus. Accusamus officia accusamus deserunt autem possimus quod.',289),(91,'maxime','Deleniti odio eos consequuntur est officia hic quia vel. Necessitatibus earum aut cupiditate consequatur nihil. Blanditiis molestias dolorum repellat quaerat qui cumque corrupti. Aliquam iste minima quia in quia consequatur dolorem. Velit magni ',88),(92,'voluptate','Iure neque qui temporibus dolores ut delectus. Debitis aut aliquid sequi officia aperiam non. Cum perspiciatis totam expedita eos quas qui. Doloribus dolorem culpa in molestiae tempore voluptatem.',79),(93,'quibusdam','Molestiae nesciunt dolorem quo deserunt. Perspiciatis id nihil sunt ex quam enim. Eveniet et est sed reiciendis et reprehenderit. Error alias et labore excepturi.',90),(94,'accusamus','Repellendus ut earum veniam esse ut dolores fugit. Quis at voluptatem quibusdam dolores ipsam sit. Vel sit numquam sit dicta.',199),(95,'quibusdam','Dolores perferendis reiciendis et magnam aliquam ratione. Quidem magnam quia voluptatibus qui pariatur dolorem. Voluptas mollitia laboriosam consequatur ab dolore quos molestias. Veritatis rerum sit harum dolor.',202),(96,'et','Odio itaque minus sunt laborum itaque. Iure numquam est officia rerum quibusdam ab quia. Et cumque eveniet quis.',213),(97,'ut','Quis est qui sit modi voluptatem consequatur quia rerum. Magnam magnam quisquam vel.',194),(98,'quod','Ut non perferendis neque soluta explicabo. Autem consequatur voluptate et aut mollitia sed odio voluptas. Accusantium beatae debitis consequatur fugit voluptatem ut.',134),(99,'autem','Beatae fugiat dolores aperiam odit sapiente. Qui rerum id dolorem velit. Libero et vel neque et et.',137),(100,'rerum','Amet dolor non nemo sit provident fugiat eum. Voluptatibus reiciendis perferendis voluptas blanditiis asperiores. Dolores sequi ea dolore velit est repellat ut.',70),(101,'sint','Et nulla voluptas ducimus nam est aliquid voluptatibus. Voluptas quidem iste ducimus eos. Eaque pariatur blanditiis saepe consequuntur non hic. Eos exercitationem animi hic in ut.',251),(102,'omnis','Rerum praesentium soluta ullam dolores error exercitationem. Possimus fugit voluptatem adipisci ut. Aperiam praesentium nihil eum inventore ut.',124),(103,'ab','Est enim dolorum sunt esse sit. Quisquam quis id qui libero iste voluptatum. Quasi odit similique et in. Illo nemo laudantium quis inventore nihil. Voluptatem asperiores repellendus omnis ut aliquam vero maiores.',44),(104,'excepturi','Nam quibusdam aut harum. Ut ut est mollitia est. Aut voluptatem natus deleniti delectus esse aliquam. Expedita atque ullam et repellendus quas qui.',25),(105,'sed','A quaerat mollitia illo explicabo beatae. Est facilis qui et autem sed. Eos omnis quia cupiditate maiores qui. Voluptatem est eveniet praesentium aliquid corporis et.',194);
/*!40000 ALTER TABLE `communities` ENABLE KEYS */;
UNLOCK TABLES;

--
-- Table structure for table `communities_users`
--

DROP TABLE IF EXISTS `communities_users`;
/*!40101 SET @saved_cs_client     = @@character_set_client */;
/*!50503 SET character_set_client = utf8mb4 */;
CREATE TABLE `communities_users` (
  `community_id` bigint unsigned NOT NULL,
  `user_id` bigint unsigned NOT NULL,
  `created_at` datetime NOT NULL DEFAULT CURRENT_TIMESTAMP,
  PRIMARY KEY (`community_id`,`user_id`),
  KEY `community_id` (`community_id`),
  KEY `user_id` (`user_id`),
  CONSTRAINT `communities_users_ibfk_1` FOREIGN KEY (`community_id`) REFERENCES `communities` (`id`),
  CONSTRAINT `communities_users_ibfk_2` FOREIGN KEY (`user_id`) REFERENCES `users` (`id`)
) ENGINE=InnoDB DEFAULT CHARSET=utf8mb4 COLLATE=utf8mb4_0900_ai_ci;
/*!40101 SET character_set_client = @saved_cs_client */;

--
-- Dumping data for table `communities_users`
--

LOCK TABLES `communities_users` WRITE;
/*!40000 ALTER TABLE `communities_users` DISABLE KEYS */;
INSERT INTO `communities_users` VALUES (2,30,'1982-09-25 04:25:02'),(2,148,'2011-05-24 11:03:42'),(2,166,'2017-02-27 21:07:47'),(2,184,'2011-07-22 00:16:41'),(2,226,'2012-02-06 01:52:47'),(3,43,'1997-04-20 15:26:12'),(3,96,'1976-04-19 07:51:37'),(3,154,'2008-02-20 11:16:18'),(3,161,'1985-02-28 02:27:07'),(4,41,'1993-04-30 17:17:26'),(4,209,'2016-08-25 03:27:44'),(4,283,'2011-01-08 19:24:00'),(4,284,'2007-08-13 08:42:08'),(5,83,'1995-12-12 05:14:57'),(5,157,'2013-07-20 17:27:09'),(5,249,'1970-07-14 18:30:38'),(6,6,'2008-05-22 03:14:01'),(6,113,'1996-05-14 11:48:12'),(6,133,'1975-02-20 07:20:14'),(6,146,'1992-01-12 03:35:39'),(6,170,'1974-06-14 03:04:31'),(6,177,'1978-03-19 16:13:00'),(6,207,'1986-03-01 02:16:53'),(6,250,'2014-11-02 07:20:30'),(7,92,'2011-11-08 11:26:44'),(7,123,'1987-02-10 03:52:11'),(7,146,'1973-04-24 14:54:40'),(7,169,'2018-12-15 21:39:54'),(7,222,'2004-12-08 13:29:11'),(8,7,'2014-02-28 17:38:57'),(8,34,'1973-03-22 20:21:47'),(8,255,'2006-01-31 02:47:20'),(9,11,'1972-08-06 12:51:27'),(9,83,'1986-05-14 16:47:12'),(9,149,'1999-12-23 16:28:23'),(9,167,'1990-08-27 08:09:38'),(10,5,'1970-11-20 20:13:40'),(10,236,'2001-11-26 19:45:22'),(11,51,'1982-11-26 16:34:22'),(11,208,'1975-09-21 12:24:55'),(12,105,'1991-07-15 16:01:38'),(13,1,'1980-04-02 14:18:02'),(13,53,'1987-09-08 19:54:00'),(14,23,'1984-02-15 18:19:13'),(15,49,'1976-04-06 16:52:32'),(15,79,'2006-01-29 08:01:56'),(15,166,'1996-08-09 19:42:15'),(15,262,'1992-08-22 16:09:24'),(16,153,'2020-12-24 04:33:43'),(16,211,'2008-07-19 21:46:54'),(16,251,'1999-07-14 03:13:22'),(16,299,'2017-01-09 23:30:59'),(17,44,'2018-12-15 17:14:19'),(17,151,'1985-06-28 18:50:48'),(18,94,'1991-12-22 12:27:40'),(18,156,'1995-10-30 09:57:40'),(19,65,'2019-03-20 10:32:04'),(19,140,'2005-02-19 14:58:57'),(19,158,'1982-06-20 04:26:30'),(20,15,'1991-10-16 13:32:18'),(20,155,'1974-09-30 20:22:50'),(21,15,'1995-01-04 19:10:46'),(21,91,'1999-06-26 10:24:16'),(21,265,'1983-04-17 06:14:43'),(22,145,'2005-10-03 15:22:07'),(22,150,'2014-11-09 21:50:04'),(23,22,'1995-06-23 19:46:33'),(23,164,'2019-06-09 06:03:20'),(23,217,'2004-08-09 23:33:51'),(24,29,'2013-03-31 06:15:11'),(24,58,'1996-11-02 02:24:24'),(24,108,'2015-01-31 19:50:18'),(25,45,'1989-04-26 20:02:15'),(25,121,'1991-08-27 14:26:59'),(26,4,'1989-05-27 21:33:44'),(26,11,'1990-08-15 12:42:16'),(26,127,'1996-09-18 21:27:23'),(26,150,'1976-09-18 06:55:13'),(26,159,'1978-01-27 20:40:41'),(27,105,'1994-05-01 04:53:23'),(27,115,'2014-05-27 16:05:25'),(27,134,'1976-04-15 01:41:22'),(27,188,'2000-04-24 02:43:49'),(27,300,'1983-12-28 20:44:12'),(28,3,'2005-03-21 02:58:47'),(28,142,'1972-05-23 05:00:59'),(28,245,'1980-04-17 17:32:19'),(29,43,'1979-10-24 07:28:25'),(29,219,'1988-02-15 11:06:59'),(29,265,'2013-03-26 21:50:15'),(30,162,'2001-12-07 09:34:00'),(30,185,'1985-07-08 03:37:08'),(30,254,'2016-05-31 05:01:29'),(30,278,'1988-12-24 00:52:19'),(30,286,'1991-08-20 16:49:19'),(31,100,'1993-06-30 18:49:53'),(31,116,'1995-07-25 00:27:15'),(31,153,'1982-10-03 04:21:09'),(31,165,'1970-11-27 13:01:56'),(31,263,'1994-11-22 03:06:59'),(31,266,'1971-05-17 16:40:06'),(32,49,'2002-08-04 03:34:04'),(32,66,'1974-05-03 22:37:01'),(32,131,'1997-01-17 22:31:17'),(32,250,'1970-06-08 01:24:27'),(32,271,'1977-12-06 09:59:09'),(32,290,'2003-05-22 03:47:31'),(33,192,'1972-05-07 17:02:54'),(33,259,'1983-05-26 14:17:15'),(34,170,'1972-11-09 05:14:39'),(35,25,'1973-01-10 07:34:57'),(35,43,'1994-10-25 17:25:59'),(35,217,'1973-08-16 05:59:45'),(36,166,'2000-04-15 14:50:39'),(36,206,'1987-05-21 22:26:09'),(36,299,'1999-08-04 07:56:46'),(37,57,'2000-04-18 00:07:04'),(37,102,'2020-01-24 15:00:44'),(37,125,'2014-01-29 00:17:19'),(37,197,'1995-02-10 22:48:27'),(37,241,'1985-10-28 17:25:52'),(38,103,'2021-04-01 11:27:13'),(38,116,'1970-12-07 04:51:46'),(38,273,'2009-01-20 12:49:23'),(39,235,'2016-10-13 10:01:09'),(40,211,'1989-05-15 04:18:17'),(41,114,'1986-09-05 18:03:39'),(42,11,'1997-11-13 13:31:34'),(42,197,'1981-01-29 01:59:27'),(43,282,'1982-04-02 03:06:25'),(44,31,'2017-03-13 21:30:52'),(44,102,'2003-09-26 23:20:00'),(44,118,'1974-12-09 04:59:23'),(44,158,'1972-04-13 12:00:22'),(44,229,'1981-01-31 07:00:30'),(45,19,'1972-04-03 18:45:56'),(45,43,'1981-01-21 17:09:59'),(45,117,'2002-10-06 02:15:26'),(45,236,'1997-12-16 18:48:57'),(45,284,'1976-07-21 04:55:27'),(46,20,'1974-02-20 18:59:14'),(46,90,'1985-08-03 23:37:22'),(46,107,'1973-10-20 21:13:09'),(46,155,'2013-02-27 07:09:28'),(46,281,'1991-01-08 22:19:39'),(47,21,'2016-06-24 05:18:09'),(47,48,'2017-12-28 05:05:42'),(47,65,'2010-04-24 08:19:55'),(47,156,'1994-01-23 18:48:33'),(47,212,'1986-10-07 08:07:12'),(47,232,'2012-04-05 06:22:30'),(48,99,'1978-05-05 14:19:06'),(48,226,'2013-02-21 19:05:23'),(49,124,'1989-03-18 10:33:05'),(49,222,'1986-12-21 04:57:44'),(49,272,'2006-03-19 00:01:22'),(50,142,'2021-03-21 22:32:27'),(50,166,'1987-09-28 02:28:27'),(51,46,'1987-03-21 16:15:53'),(51,80,'1978-01-13 16:24:07'),(51,140,'1997-10-11 22:59:17'),(52,35,'2008-07-04 07:04:39'),(52,267,'1976-09-25 17:11:22'),(52,282,'2018-08-10 08:47:14'),(53,65,'2012-10-29 17:39:34'),(53,66,'2010-05-05 02:40:33'),(53,136,'1984-09-18 19:08:52'),(54,87,'1998-08-23 17:53:08'),(54,193,'2017-08-31 20:23:27'),(54,206,'2015-04-10 19:48:47'),(54,229,'1989-09-30 00:09:04'),(55,66,'2019-02-27 10:43:04'),(55,174,'2010-01-25 12:12:27'),(55,297,'1973-06-16 01:39:01'),(56,2,'1989-06-11 02:31:49'),(56,213,'1981-01-15 20:47:43'),(57,31,'2017-11-12 03:15:22'),(57,124,'1998-05-07 23:32:21'),(57,219,'1989-03-10 19:44:28'),(58,85,'2003-05-25 22:36:02'),(59,126,'1990-09-21 02:27:48'),(60,29,'1988-05-16 13:00:07'),(60,35,'1986-08-24 06:40:38'),(60,235,'2000-04-10 18:43:16'),(60,274,'1990-10-22 01:06:58'),(61,95,'2017-02-09 13:33:35'),(61,134,'2020-09-30 18:59:02'),(61,221,'1989-06-07 19:49:06'),(61,225,'1999-07-16 13:12:16'),(61,259,'1987-01-08 12:40:13'),(62,200,'1980-05-10 23:22:47'),(63,108,'1973-03-26 22:51:19'),(63,282,'1990-02-08 18:29:29'),(63,293,'1977-12-14 03:07:57'),(65,15,'2018-01-03 03:43:29'),(65,213,'1993-10-12 14:37:37'),(66,35,'2002-02-07 04:34:42'),(66,55,'1983-11-29 15:37:30'),(66,59,'2012-04-08 16:09:59'),(66,199,'2013-05-20 09:54:59'),(67,145,'2019-04-20 03:50:37'),(67,293,'2000-04-26 15:39:25'),(68,54,'2011-10-14 03:48:26'),(68,224,'1989-03-23 11:58:17'),(69,175,'2003-12-25 11:31:31'),(70,40,'2021-01-24 16:28:07'),(70,157,'1996-03-11 14:19:26'),(71,25,'2016-07-07 12:55:07'),(71,88,'1974-10-08 05:08:54'),(71,226,'2017-01-14 14:41:10'),(71,235,'2017-10-30 12:28:17'),(72,76,'1995-11-29 21:25:58'),(72,292,'2004-12-05 04:39:04'),(73,14,'2001-10-02 19:08:08'),(73,182,'1983-03-27 11:35:37'),(73,183,'1970-12-19 17:13:33'),(73,286,'1977-04-08 16:05:19'),(74,94,'2009-06-16 12:58:29'),(74,105,'1994-12-27 16:57:12'),(74,190,'2016-08-03 18:40:43'),(75,66,'1981-10-05 13:58:29'),(75,67,'1981-03-26 20:24:56'),(75,96,'1993-04-07 17:20:42'),(75,143,'2006-07-10 22:52:46'),(75,200,'2007-06-28 02:52:35'),(76,93,'2009-12-26 05:13:35'),(76,131,'1977-02-21 05:13:54'),(76,145,'2018-05-17 06:56:15'),(76,219,'2001-05-17 09:29:34'),(76,253,'2021-06-10 09:47:51'),(76,254,'1972-11-22 08:42:17'),(77,5,'1972-09-03 12:41:21'),(77,220,'1978-08-05 13:29:40'),(77,256,'1983-07-03 08:43:53'),(78,90,'2010-04-05 00:12:23'),(79,183,'1996-10-28 17:31:26'),(79,203,'1973-02-11 08:41:42'),(79,221,'1976-06-05 11:13:09'),(80,81,'1993-06-17 06:19:23'),(80,103,'2005-08-13 18:44:39'),(81,6,'2019-02-15 00:39:59'),(81,23,'2014-01-10 17:19:26'),(82,2,'2002-11-12 22:18:05'),(82,123,'1990-06-23 22:18:27'),(82,182,'2019-08-09 05:53:46'),(83,278,'1990-07-03 01:39:44'),(84,84,'1976-11-26 19:43:04'),(84,146,'1995-12-25 07:19:18'),(84,277,'1997-03-05 00:07:28'),(85,205,'2018-04-12 23:00:12'),(87,79,'2018-08-20 20:12:16'),(87,101,'2001-08-12 08:56:20'),(87,245,'2010-03-19 09:21:48'),(88,27,'1990-08-16 12:29:43'),(88,94,'1978-02-15 08:41:34'),(88,99,'1991-04-05 06:17:32'),(88,229,'1990-05-25 10:25:31'),(88,243,'1977-06-17 01:57:46'),(88,288,'1971-11-05 13:29:38'),(89,123,'1981-11-05 23:20:43'),(89,152,'2002-04-16 18:46:27'),(90,207,'1978-01-21 22:16:46'),(91,16,'1994-07-24 04:51:55'),(91,90,'1979-09-11 19:34:49'),(91,210,'1985-08-31 19:19:15'),(92,51,'1992-04-19 17:28:24'),(92,81,'2004-04-19 04:59:25'),(93,264,'1979-05-23 04:55:47'),(94,190,'1984-01-01 06:02:06'),(94,261,'1974-05-25 08:20:23'),(95,11,'1983-09-09 20:50:29'),(95,190,'2013-07-19 16:44:32'),(96,66,'2013-12-07 06:08:53'),(96,249,'2004-01-31 14:03:04'),(96,267,'1973-08-05 04:49:21'),(96,276,'1979-09-12 22:28:34'),(96,294,'1983-10-02 11:10:55'),(97,245,'1970-06-16 14:46:37'),(98,25,'2017-07-11 14:32:18'),(98,30,'1993-02-22 06:36:57'),(98,73,'2010-06-13 23:08:06'),(98,110,'1978-03-16 06:10:15'),(98,212,'2014-01-14 12:33:04'),(99,150,'1992-04-16 16:07:28'),(99,194,'1994-12-15 15:12:31'),(99,283,'2006-05-24 14:21:40'),(100,131,'1976-08-20 17:36:24'),(100,299,'2014-08-30 01:44:38'),(101,147,'2004-06-26 19:32:21'),(101,178,'2005-06-27 08:07:11'),(103,9,'1979-05-10 15:48:17'),(103,15,'1999-02-26 13:02:59'),(103,75,'2003-08-24 15:49:58'),(104,61,'1989-05-21 19:26:56'),(104,223,'2007-02-09 06:21:55'),(104,258,'1982-04-04 05:31:43'),(105,7,'1986-02-18 10:24:40'),(105,125,'1987-02-23 09:59:04'),(105,127,'1985-05-12 19:40:21'),(105,158,'2004-02-17 07:33:39');
/*!40000 ALTER TABLE `communities_users` ENABLE KEYS */;
UNLOCK TABLES;

--
-- Table structure for table `friend_requests`
--

DROP TABLE IF EXISTS `friend_requests`;
/*!40101 SET @saved_cs_client     = @@character_set_client */;
/*!50503 SET character_set_client = utf8mb4 */;
CREATE TABLE `friend_requests` (
  `from_user_id` bigint unsigned NOT NULL,
  `to_user_id` bigint unsigned NOT NULL,
  `accepted` tinyint(1) DEFAULT '0',
  PRIMARY KEY (`from_user_id`,`to_user_id`),
  KEY `friend_requests_from_user_id_idx` (`from_user_id`),
  KEY `friend_requests_to_user_id_idx` (`to_user_id`),
  CONSTRAINT `fk_friend_requests_from_user_id` FOREIGN KEY (`from_user_id`) REFERENCES `users` (`id`),
  CONSTRAINT `fk_friend_requests_to_user_id` FOREIGN KEY (`to_user_id`) REFERENCES `users` (`id`),
  CONSTRAINT `sender_not_reciever_check` CHECK ((`from_user_id` <> `to_user_id`))
) ENGINE=InnoDB DEFAULT CHARSET=utf8mb4 COLLATE=utf8mb4_0900_ai_ci;
/*!40101 SET character_set_client = @saved_cs_client */;

--
-- Dumping data for table `friend_requests`
--

LOCK TABLES `friend_requests` WRITE;
/*!40000 ALTER TABLE `friend_requests` DISABLE KEYS */;
INSERT INTO `friend_requests` VALUES (1,65,0),(2,295,0),(4,162,0),(5,73,1),(8,150,0),(10,255,0),(11,73,1),(12,161,1),(12,261,0),(19,21,1),(20,31,0),(21,114,1),(23,100,0),(28,3,1),(28,140,0),(33,240,1),(33,250,0),(39,145,0),(43,255,0),(45,138,1),(46,151,0),(47,80,1),(47,120,0),(48,8,1),(48,168,1),(48,247,1),(50,229,1),(50,293,0),(51,109,0),(54,36,0),(54,52,1),(55,10,0),(55,35,1),(58,10,1),(61,140,1),(63,46,0),(67,79,1),(68,98,0),(71,299,1),(74,223,1),(80,220,0),(87,279,0),(90,15,0),(93,241,1),(94,262,0),(96,154,1),(97,240,0),(99,28,0),(99,115,1),(103,208,1),(105,109,1),(106,19,1),(106,219,1),(114,45,1),(117,225,0),(120,27,0),(125,88,0),(126,98,1),(129,134,1),(130,109,0),(139,155,0),(141,291,1),(142,154,0),(147,287,1),(149,20,0),(149,146,0),(149,162,1),(149,218,1),(151,161,1),(153,118,0),(154,19,0),(155,59,1),(156,80,0),(159,193,1),(160,91,1),(163,113,1),(165,289,0),(168,167,1),(169,250,0),(170,114,0),(171,48,1),(175,45,1),(175,66,1),(176,135,1),(176,216,0),(178,175,0),(181,59,1),(183,99,1),(185,17,1),(189,28,0),(190,5,1),(196,232,0),(197,31,1),(197,65,0),(201,27,1),(203,31,1),(203,69,0),(204,187,1),(207,205,1),(209,28,1),(211,1,1),(214,195,0),(217,262,0),(218,243,0),(220,251,0),(222,225,0),(223,49,1),(224,151,1),(226,58,1),(228,79,0),(228,118,0),(229,295,0),(230,107,0),(230,232,1),(231,151,1),(231,274,1),(232,196,0),(233,151,0),(234,144,0),(236,293,0),(241,18,0),(241,153,0),(241,174,1),(242,113,1),(243,8,1),(243,56,0),(246,152,0),(250,16,0),(251,156,0),(254,210,0),(257,282,1),(258,208,1),(259,12,0),(264,207,1),(266,175,0),(268,236,0),(269,134,0),(274,126,1),(275,157,0),(285,81,0),(286,178,1),(287,2,0),(290,116,1),(291,86,1),(293,84,0),(295,283,1),(296,58,1),(296,81,1),(298,8,0),(298,128,1);
/*!40000 ALTER TABLE `friend_requests` ENABLE KEYS */;
UNLOCK TABLES;

--
-- Table structure for table `media`
--

DROP TABLE IF EXISTS `media`;
/*!40101 SET @saved_cs_client     = @@character_set_client */;
/*!50503 SET character_set_client = utf8mb4 */;
CREATE TABLE `media` (
  `id` bigint unsigned NOT NULL AUTO_INCREMENT,
  `user_id` bigint unsigned NOT NULL,
  `media_types_id` int unsigned NOT NULL,
  `file_name` varchar(255) DEFAULT NULL COMMENT '/files/folder/img.png',
  `file_size` bigint unsigned DEFAULT NULL,
  `created_at` datetime NOT NULL DEFAULT CURRENT_TIMESTAMP,
  PRIMARY KEY (`id`),
  UNIQUE KEY `id` (`id`),
  KEY `media_types_id` (`media_types_id`),
  KEY `user_id` (`user_id`),
  CONSTRAINT `media_ibfk_1` FOREIGN KEY (`media_types_id`) REFERENCES `media_types` (`id`),
  CONSTRAINT `media_ibfk_2` FOREIGN KEY (`user_id`) REFERENCES `users` (`id`)
) ENGINE=InnoDB AUTO_INCREMENT=451 DEFAULT CHARSET=utf8mb4 COLLATE=utf8mb4_0900_ai_ci;
/*!40101 SET character_set_client = @saved_cs_client */;

--
-- Dumping data for table `media`
--

LOCK TABLES `media` WRITE;
/*!40000 ALTER TABLE `media` DISABLE KEYS */;
INSERT INTO `media` VALUES (1,1,2,'exercitationem',925893,'2016-04-11 07:03:30'),(2,189,1,'molestiae',7,'1976-12-31 09:54:08'),(3,183,2,'sequi',32,'1985-12-28 21:49:11'),(4,267,4,'delectus',0,'1973-02-26 13:31:14'),(5,177,3,'dolorem',181166436,'1998-09-28 02:25:14'),(6,225,4,'consequatur',0,'1994-05-27 15:49:19'),(7,281,1,'et',92,'2018-02-16 03:13:23'),(8,130,3,'cumque',4640669,'1981-02-11 18:32:17'),(9,219,2,'sunt',0,'1986-02-19 15:38:34'),(10,145,1,'ut',91,'2011-01-20 20:23:36'),(11,203,3,'minus',65,'1973-10-14 10:40:11'),(12,103,3,'ut',983,'2018-05-06 20:14:19'),(13,170,2,'et',6615,'1976-08-04 08:22:23'),(14,162,3,'qui',610159,'2001-05-18 17:34:07'),(15,31,1,'eum',89243,'1980-07-18 16:44:48'),(16,283,1,'rerum',3776,'2019-06-17 00:11:08'),(17,156,3,'quo',274,'2017-09-28 12:02:37'),(18,72,1,'exercitationem',22,'2001-03-02 17:17:50'),(19,289,1,'reprehenderit',63922,'2010-11-24 04:10:10'),(20,18,3,'est',71694544,'2019-03-19 03:48:55'),(21,206,4,'asperiores',9,'1982-09-08 21:49:48'),(22,116,3,'provident',4353270,'2021-06-08 09:39:44'),(23,246,4,'qui',269382423,'1976-06-29 01:06:16'),(24,57,3,'eum',91,'2009-01-22 11:54:58'),(25,36,3,'quia',6178,'2016-06-02 04:19:30'),(26,218,4,'expedita',625,'2002-01-06 09:58:54'),(27,93,1,'magnam',1606594,'1970-07-27 14:47:39'),(28,106,4,'non',4128568,'1996-05-16 12:57:42'),(29,100,4,'sint',594401,'2019-07-23 06:46:34'),(30,133,2,'molestiae',14633126,'1978-07-21 23:40:08'),(31,287,2,'earum',1839017,'1995-09-05 18:40:40'),(32,162,2,'aut',3044207,'1990-06-14 21:00:38'),(33,286,4,'dignissimos',580,'2001-02-07 12:17:52'),(34,180,4,'vitae',715,'1980-04-27 19:40:38'),(35,272,3,'quaerat',0,'1991-08-26 23:02:49'),(36,139,3,'fugiat',0,'1970-01-13 03:50:05'),(37,140,4,'cum',716,'1988-05-05 03:53:50'),(38,63,2,'veniam',60753283,'2014-10-23 09:06:06'),(39,200,2,'nulla',949,'1983-08-09 09:25:00'),(40,249,4,'inventore',476330630,'2000-08-02 11:53:51'),(41,21,3,'ut',33,'1987-06-07 18:42:03'),(42,174,2,'ab',908,'2005-10-18 00:32:45'),(43,186,4,'error',365681715,'1990-07-14 17:09:35'),(44,76,4,'quod',40721,'2019-08-30 23:27:21'),(45,246,3,'itaque',4141,'2014-12-16 05:56:07'),(46,116,4,'dicta',32,'2011-05-20 19:02:44'),(47,23,4,'vitae',28,'1992-08-26 19:31:51'),(48,73,1,'voluptatem',30791,'1982-03-04 21:29:41'),(49,210,4,'eum',57390733,'1987-05-02 23:43:39'),(50,282,3,'ut',0,'1980-08-17 03:53:14'),(51,151,2,'molestias',2563234,'1989-04-06 16:08:33'),(52,58,4,'expedita',63991190,'1996-12-11 05:39:16'),(53,74,2,'corporis',692541,'1972-08-14 14:38:57'),(54,76,4,'dicta',563783290,'1986-11-28 19:28:14'),(55,240,1,'in',38198,'1998-07-17 23:18:46'),(56,210,4,'nobis',0,'1992-10-07 14:56:45'),(57,191,2,'nesciunt',62652,'2008-03-24 20:07:10'),(58,74,2,'id',3361426,'1980-10-28 19:40:56'),(59,62,2,'dolor',33673,'1970-02-27 08:13:48'),(60,61,1,'nostrum',691357,'2000-06-20 18:09:06'),(61,58,3,'ut',40,'1999-07-19 20:02:41'),(62,239,2,'voluptas',9273891,'1988-05-31 14:41:04'),(63,152,1,'esse',8,'2014-09-23 01:26:59'),(64,87,1,'eum',52486,'1984-08-15 22:23:02'),(65,265,1,'vel',9909,'2020-08-08 02:23:11'),(66,242,2,'dolor',0,'2019-10-15 06:31:06'),(67,188,4,'nulla',0,'2004-03-03 03:11:28'),(68,106,4,'ratione',645,'1971-12-02 07:22:48'),(69,119,3,'sed',13274817,'2019-05-24 05:56:59'),(70,235,1,'rerum',0,'2003-10-10 23:19:43'),(71,206,2,'laudantium',4,'1973-01-28 02:51:33'),(72,18,2,'veritatis',6255429,'1984-04-22 04:18:44'),(73,227,2,'ut',6749,'2018-07-27 17:06:56'),(74,171,4,'debitis',0,'1994-03-14 03:07:57'),(75,241,4,'iusto',168894076,'2012-03-30 06:18:00'),(76,296,4,'optio',7352,'2018-09-11 17:51:20'),(77,107,4,'quia',855,'1990-04-16 15:19:53'),(78,77,4,'repellendus',7807283,'1981-06-19 20:42:26'),(79,246,3,'rerum',719,'1988-03-02 11:24:03'),(80,20,3,'earum',841407166,'1980-10-29 06:53:25'),(81,232,4,'dignissimos',0,'1995-01-03 12:20:55'),(82,25,2,'dolor',572,'1992-07-04 07:13:02'),(83,261,2,'et',61,'1977-05-14 11:35:14'),(84,80,2,'aut',644604,'1973-01-30 00:29:52'),(85,11,1,'consequuntur',8661635,'1976-06-23 19:11:34'),(86,138,3,'accusamus',2542,'1990-11-21 13:41:13'),(87,158,3,'optio',779,'1985-08-19 19:00:01'),(88,11,2,'molestiae',957,'1974-12-29 22:53:58'),(89,247,3,'et',0,'2004-09-07 09:59:03'),(90,74,3,'tempora',6545,'2002-06-11 11:37:26'),(91,113,1,'dolorem',60844,'1976-09-16 18:37:25'),(92,184,3,'atque',98,'1996-03-24 22:00:27'),(93,3,4,'eligendi',326192584,'2021-04-03 20:57:58'),(94,177,4,'qui',5,'2008-06-04 14:23:45'),(95,124,3,'quis',631,'1996-08-20 06:32:41'),(96,158,1,'et',1,'2014-12-15 01:00:02'),(97,158,3,'aut',7451943,'1978-03-19 07:54:54'),(98,174,2,'ad',7108695,'2011-06-23 18:58:21'),(99,12,4,'beatae',47773042,'2000-09-06 22:30:52'),(100,198,1,'iure',62094,'1999-02-17 21:48:38'),(101,268,1,'voluptas',6235,'1990-06-08 08:07:20'),(102,238,2,'assumenda',2,'1980-06-22 02:32:15'),(103,191,4,'qui',0,'2020-07-12 12:21:44'),(104,210,2,'a',105,'2014-05-16 03:00:53'),(105,130,4,'debitis',205260004,'1982-08-21 17:58:01'),(106,24,4,'accusamus',0,'1993-07-20 15:54:39'),(107,52,3,'dolores',84,'2019-12-27 20:46:22'),(108,161,1,'similique',28609304,'2019-05-12 06:46:47'),(109,168,1,'atque',0,'1983-10-26 06:19:39'),(110,3,4,'sit',72,'1999-04-06 19:41:09'),(111,234,3,'ut',32121270,'2010-05-23 22:35:32'),(112,47,2,'hic',495380,'1997-11-12 18:12:07'),(113,43,3,'est',968,'2018-03-16 17:06:19'),(114,210,1,'recusandae',155,'1984-09-18 10:08:59'),(115,174,2,'culpa',88378337,'2001-08-26 03:31:39'),(116,77,2,'quaerat',16,'1976-04-16 17:51:52'),(117,143,1,'sed',29302293,'1983-11-13 06:15:45'),(118,266,1,'assumenda',755325178,'1978-05-22 18:24:04'),(119,262,3,'sit',7880,'1977-04-14 21:04:30'),(120,171,2,'ipsam',5297,'2016-10-23 14:15:06'),(121,159,3,'vero',63963577,'1999-10-07 01:55:18'),(122,32,3,'sunt',0,'1993-09-01 21:38:03'),(123,101,3,'aut',682,'2020-11-09 08:42:09'),(124,265,4,'porro',80,'1991-10-10 20:31:39'),(125,229,4,'dignissimos',66762,'1996-03-26 10:37:38'),(126,259,3,'magnam',76053745,'1971-07-06 19:03:05'),(127,129,1,'deserunt',30711,'2001-10-02 04:10:26'),(128,254,3,'recusandae',2410,'2001-01-16 04:30:03'),(129,225,3,'dolorum',8,'2001-02-24 02:43:18'),(130,226,2,'veritatis',5130463,'1998-08-02 14:40:58'),(131,271,1,'illo',630,'2005-04-06 22:51:03'),(132,238,2,'sed',0,'1991-06-01 10:18:17'),(133,15,3,'et',7,'2016-05-28 09:18:23'),(134,147,4,'adipisci',24967,'2000-09-14 18:01:38'),(135,79,1,'quisquam',676,'2016-04-04 01:43:02'),(136,67,4,'amet',995705641,'2013-04-23 14:33:20'),(137,210,2,'ut',11292933,'1991-03-01 14:23:48'),(138,147,1,'unde',8758143,'1975-02-16 20:23:10'),(139,290,2,'sint',951318,'2001-11-09 17:08:26'),(140,278,3,'eligendi',9,'2001-03-12 05:44:32'),(141,79,4,'placeat',1,'2017-12-31 06:11:58'),(142,82,3,'totam',2674,'2018-10-17 18:33:26'),(143,240,1,'et',42,'1991-08-16 15:19:47'),(144,78,3,'velit',72,'1973-02-19 17:35:22'),(145,198,1,'libero',520648515,'1985-09-19 17:38:30'),(146,262,3,'et',701,'1998-08-05 19:55:13'),(147,5,3,'non',937281752,'1978-07-28 14:34:32'),(148,281,1,'necessitatibus',5340418,'2007-08-19 19:25:03'),(149,103,2,'totam',978014866,'1970-10-24 17:54:05'),(150,296,3,'quia',379860335,'2016-02-15 13:15:30'),(151,144,1,'voluptatem',9165,'2003-03-12 19:55:37'),(152,119,1,'quam',372,'1996-02-18 23:29:15'),(153,160,4,'est',81,'2007-08-29 15:44:16'),(154,63,2,'et',96913,'2006-06-28 11:18:38'),(155,76,1,'corporis',708,'2019-10-22 20:29:36'),(156,69,3,'adipisci',14301051,'2019-09-20 15:05:37'),(157,276,2,'repellendus',6,'2005-07-31 06:00:28'),(158,61,3,'perspiciatis',96969875,'2003-06-19 04:35:26'),(159,185,2,'optio',82218247,'1973-10-11 17:58:30'),(160,80,2,'nulla',904219,'1985-07-14 03:34:28'),(161,142,1,'dolore',62,'1992-07-10 07:59:14'),(162,250,2,'rerum',8402,'1973-11-06 18:51:50'),(163,241,4,'itaque',51994,'1989-01-06 11:30:06'),(164,166,1,'ab',6,'2015-04-23 06:01:26'),(165,58,3,'ut',276647,'1993-03-29 16:22:48'),(166,225,3,'et',0,'1977-03-25 03:52:01'),(167,222,1,'quo',813820201,'2019-07-02 23:16:00'),(168,254,2,'est',28,'1975-06-30 11:07:58'),(169,8,1,'veniam',491764388,'1993-01-03 20:32:46'),(170,231,2,'ut',3888345,'1972-01-26 06:06:12'),(171,57,4,'est',77,'2016-02-27 05:43:41'),(172,238,1,'est',0,'1970-12-14 15:16:07'),(173,149,4,'ducimus',288442,'1973-08-25 05:46:19'),(174,248,1,'earum',729436,'2020-07-24 03:54:27'),(175,136,1,'mollitia',71,'1980-03-19 13:53:16'),(176,115,4,'reprehenderit',6955613,'1972-11-04 00:07:25'),(177,69,1,'recusandae',120034,'2020-06-14 13:36:54'),(178,123,1,'cumque',6902812,'2014-07-18 20:13:35'),(179,295,4,'et',16,'2005-05-05 10:43:03'),(180,52,1,'vel',24177573,'1989-05-30 11:06:52'),(181,149,4,'est',224,'1976-03-24 01:45:47'),(182,254,1,'adipisci',40762255,'1975-07-31 06:20:17'),(183,20,3,'autem',94209,'2006-04-09 15:37:17'),(184,151,1,'earum',0,'1976-08-19 23:10:48'),(185,225,2,'voluptatibus',1239,'1991-11-06 08:11:14'),(186,111,4,'laborum',6687,'1985-03-19 07:47:51'),(187,80,1,'unde',93122925,'2006-07-11 02:55:01'),(188,13,4,'sint',569119461,'1985-12-26 17:02:03'),(189,46,4,'quasi',6930016,'2005-09-12 10:00:14'),(190,261,3,'facere',75229,'1999-05-27 20:54:19'),(191,287,1,'eum',89758815,'1978-04-03 13:47:34'),(192,159,1,'aliquid',495642,'1996-06-09 10:27:02'),(193,140,4,'error',8077917,'2005-05-03 06:00:47'),(194,64,2,'et',3969748,'1971-11-19 08:39:25'),(195,270,2,'est',9,'1989-08-17 04:22:02'),(196,187,2,'perferendis',0,'1989-07-11 00:06:06'),(197,92,2,'repellat',4473,'1997-02-13 23:14:18'),(198,187,2,'maiores',31640644,'2017-08-10 14:37:34'),(199,48,1,'esse',72905780,'2011-02-02 08:10:35'),(200,139,4,'amet',53380,'2016-10-25 15:05:54'),(201,119,4,'pariatur',7431,'2005-11-22 17:59:13'),(202,252,3,'temporibus',0,'2009-10-06 05:38:53'),(203,296,4,'esse',471007601,'2020-01-20 08:17:16'),(204,126,1,'ducimus',80,'1983-11-17 20:45:16'),(205,225,2,'voluptates',474984,'2007-10-26 12:08:49'),(206,223,3,'voluptatem',8405313,'1983-01-10 18:35:09'),(207,160,2,'est',21,'1988-04-25 21:23:53'),(208,266,4,'accusamus',16422141,'1992-06-03 07:54:44'),(209,62,1,'reiciendis',481002,'2013-02-10 11:32:24'),(210,134,1,'molestiae',8596717,'1971-12-20 04:14:33'),(211,146,1,'qui',30015146,'1996-03-31 20:10:04'),(212,149,4,'in',16627,'1975-11-23 19:13:42'),(213,160,1,'incidunt',447829,'1997-08-24 23:27:32'),(214,49,3,'beatae',83,'1991-08-28 22:24:11'),(215,73,3,'ut',0,'1977-12-31 04:07:50'),(216,178,3,'perspiciatis',75609851,'1979-02-05 00:38:10'),(217,135,2,'eum',79244,'1995-03-23 12:45:11'),(218,89,2,'quo',90697070,'1992-10-21 14:04:38'),(219,94,3,'quasi',11682,'2008-09-09 08:50:13'),(220,172,1,'excepturi',45542,'2005-11-13 11:52:45'),(221,299,2,'quos',472,'1974-12-28 07:13:28'),(222,229,3,'ea',59,'2017-01-09 16:38:02'),(223,175,3,'eum',360721446,'1970-09-07 13:33:47'),(224,158,4,'accusantium',753257081,'2017-10-28 10:04:23'),(225,225,4,'distinctio',1604,'1970-11-10 07:30:17'),(226,268,1,'perferendis',94804916,'2002-11-05 07:35:54'),(227,11,2,'ipsa',104858,'1989-02-19 04:14:09'),(228,7,3,'est',62556552,'2002-09-17 20:16:25'),(229,152,1,'repellendus',987,'1993-07-02 03:32:28'),(230,77,3,'sit',7455,'1990-12-28 13:38:12'),(231,242,4,'distinctio',228572,'2006-12-04 12:11:52'),(232,115,2,'consequuntur',8588,'1995-11-07 12:55:49'),(233,84,3,'quae',0,'1987-10-04 17:09:35'),(234,208,3,'voluptatem',418,'2016-04-23 23:18:05'),(235,116,2,'voluptatem',65,'1996-06-14 21:33:35'),(236,195,2,'id',85,'2020-12-27 00:23:20'),(237,173,2,'qui',464114,'2007-10-19 14:47:36'),(238,273,1,'enim',335181,'1972-06-29 20:16:36'),(239,19,2,'tempora',664672884,'1985-10-20 12:09:07'),(240,285,4,'rerum',3637331,'2013-05-28 07:29:00'),(241,121,4,'velit',8743,'2014-03-26 15:57:33'),(242,13,2,'in',285,'2014-07-29 17:14:40'),(243,68,1,'est',11,'1977-02-17 18:02:44'),(244,300,3,'molestias',12138,'2008-10-06 04:01:30'),(245,74,2,'unde',32,'1973-01-09 08:47:11'),(246,143,1,'aut',76074664,'2007-04-16 10:06:18'),(247,30,4,'ut',273,'2020-03-11 00:12:48'),(248,92,2,'voluptatibus',6795989,'1975-08-26 05:45:15'),(249,159,4,'vel',1410,'2011-04-04 03:00:58'),(250,290,4,'cum',25,'2019-06-04 10:51:55'),(251,78,3,'ad',665,'1996-10-01 03:50:20'),(252,89,4,'et',579,'1993-08-18 01:51:47'),(253,9,1,'itaque',113,'2014-02-13 22:09:04'),(254,298,1,'veniam',6893900,'2004-06-01 00:11:00'),(255,190,4,'omnis',0,'2010-06-08 09:31:32'),(256,270,1,'voluptas',6,'2013-04-07 06:45:39'),(257,235,4,'odio',939,'1992-04-24 07:59:25'),(258,141,1,'enim',5,'1979-07-04 06:29:20'),(259,1,2,'similique',0,'2008-06-26 23:13:55'),(260,221,1,'libero',44875,'2006-12-02 19:07:38'),(261,217,1,'quae',24882163,'1989-12-07 02:08:11'),(262,89,4,'consectetur',4189,'1979-05-23 17:09:50'),(263,20,3,'eveniet',86,'2019-03-05 17:43:06'),(264,60,3,'assumenda',258,'1973-03-01 23:09:39'),(265,180,1,'expedita',0,'1992-06-29 22:10:56'),(266,154,4,'enim',19,'2007-07-02 20:48:48'),(267,234,4,'nostrum',83810330,'2002-03-02 12:24:29'),(268,207,4,'maxime',8,'1987-10-15 02:03:46'),(269,2,3,'est',585647,'2019-10-11 02:05:12'),(270,269,3,'ipsum',67133117,'2011-10-01 10:02:37'),(271,187,4,'enim',551755,'1997-06-27 19:35:29'),(272,201,2,'tempore',24,'1984-06-28 06:19:56'),(273,220,1,'earum',879,'1981-12-13 07:36:25'),(274,123,3,'id',84,'2004-12-09 16:57:23'),(275,182,1,'consequatur',93445,'1998-09-04 01:16:07'),(276,294,2,'facilis',0,'1997-08-25 17:31:47'),(277,107,2,'tenetur',459,'1987-06-25 19:55:53'),(278,44,2,'ullam',28,'2005-02-02 14:38:44'),(279,263,2,'voluptates',87305,'1973-04-12 07:29:58'),(280,6,2,'voluptatem',8762,'2004-08-09 01:27:55'),(281,152,3,'autem',56105823,'2004-10-15 11:43:25'),(282,99,2,'dignissimos',8,'1981-09-24 21:10:59'),(283,100,1,'praesentium',0,'1994-02-22 09:58:09'),(284,28,2,'est',735639,'2008-05-15 06:35:34'),(285,210,4,'quas',44181,'2013-01-31 08:14:29'),(286,293,2,'accusantium',214906,'1992-05-13 20:40:11'),(287,235,3,'eum',7815,'1992-05-23 21:00:47'),(288,218,3,'quia',4170520,'1992-04-11 06:21:34'),(289,235,1,'quidem',73,'1990-04-22 07:46:05'),(290,74,2,'quasi',3041,'2016-06-20 16:39:51'),(291,84,1,'quos',663912827,'1978-11-04 04:58:38'),(292,214,3,'minima',34535570,'2016-03-20 22:11:30'),(293,150,4,'error',39,'1976-12-20 19:31:19'),(294,18,2,'provident',32,'1974-06-08 03:17:05'),(295,60,1,'et',382,'2012-09-04 20:41:46'),(296,255,3,'et',3,'2013-01-11 06:41:35'),(297,183,1,'laborum',891,'1987-02-20 12:33:11'),(298,297,4,'sed',28,'2007-08-22 04:14:14'),(299,59,1,'expedita',40,'2015-03-30 11:22:22'),(300,84,4,'eos',6825080,'2009-09-01 12:15:50'),(301,22,2,'est',0,'1981-02-28 14:19:40'),(302,66,4,'et',1752575,'2007-11-09 07:53:19'),(303,270,4,'optio',6,'1997-04-28 22:38:05'),(304,110,3,'voluptatem',69,'1992-08-12 23:04:50'),(305,24,3,'incidunt',4638281,'1980-03-10 23:00:47'),(306,20,2,'fugiat',1041,'1994-10-19 06:46:15'),(307,251,4,'quos',33,'2020-02-15 14:10:25'),(308,298,2,'laboriosam',2,'2021-06-28 17:13:14'),(309,190,1,'totam',539706,'2002-03-08 05:12:15'),(310,214,4,'nobis',4373,'2019-06-15 16:11:49'),(311,40,3,'consequatur',3787900,'1994-05-25 03:29:45'),(312,161,3,'culpa',58,'1970-11-02 10:13:46'),(313,222,3,'vel',98119883,'2018-01-31 06:16:51'),(314,205,4,'architecto',25,'1997-08-11 13:08:13'),(315,183,4,'praesentium',91099,'2008-02-03 01:15:00'),(316,249,3,'aut',40959990,'1996-02-13 14:02:20'),(317,65,1,'molestiae',39613569,'1999-08-25 23:56:43'),(318,160,1,'repellendus',8974,'1974-07-22 08:54:32'),(319,297,4,'distinctio',97,'1974-03-07 01:37:49'),(320,238,1,'omnis',79181321,'2018-12-15 12:35:03'),(321,153,4,'facilis',2649,'2020-02-06 10:19:31'),(322,127,2,'distinctio',39519493,'1990-01-02 12:08:36'),(323,190,2,'minus',67316378,'2010-03-22 16:19:09'),(324,204,2,'dolorem',8904722,'2012-02-26 20:43:08'),(325,141,2,'culpa',8171,'1985-10-31 05:43:35'),(326,29,3,'temporibus',85,'2015-08-21 16:14:56'),(327,285,3,'minima',1119,'2014-06-07 09:26:03'),(328,103,3,'et',963,'2001-11-02 12:37:49'),(329,48,1,'voluptas',789,'1974-07-05 03:45:39'),(330,186,4,'dignissimos',8336,'1988-05-11 12:10:01'),(331,295,2,'sit',1,'1983-02-26 05:36:30'),(332,134,1,'illum',217312,'2012-08-17 06:23:08'),(333,149,4,'accusamus',70937696,'1997-12-31 21:29:20'),(334,93,2,'dolorem',582449512,'2004-06-07 06:28:37'),(335,262,1,'enim',937180638,'1979-07-25 22:25:09'),(336,165,2,'quia',11,'1981-10-22 10:38:08'),(337,287,4,'omnis',89,'2001-06-20 15:49:39'),(338,217,3,'voluptatem',34,'2007-08-05 22:17:03'),(339,117,2,'ut',63,'1983-01-19 22:59:35'),(340,256,4,'nulla',1676,'2019-08-11 16:58:46'),(341,236,4,'tenetur',66684,'2012-08-07 05:00:42'),(342,137,3,'explicabo',1,'2009-01-29 02:34:54'),(343,174,4,'qui',96033038,'2004-10-09 07:10:35'),(344,127,3,'est',6549,'2001-04-14 03:20:06'),(345,246,1,'quis',1245,'1985-04-06 08:18:00'),(346,152,4,'repudiandae',3678,'1996-08-14 20:18:06'),(347,147,4,'distinctio',58141021,'1981-05-03 01:59:34'),(348,300,4,'illo',3,'1993-08-30 23:52:34'),(349,277,2,'ea',2,'1997-02-15 17:45:10'),(350,141,4,'neque',95475461,'1981-05-04 09:37:19'),(351,123,1,'asperiores',687,'1972-04-28 04:24:52'),(352,51,2,'saepe',83736,'1983-06-24 02:49:18'),(353,297,4,'aut',50793,'2021-04-08 11:43:00'),(354,285,2,'expedita',8,'1999-05-19 14:52:40'),(355,87,4,'velit',559639549,'2000-04-07 17:42:13'),(356,70,1,'hic',5948396,'1973-09-11 23:16:18'),(357,225,3,'nulla',1983052,'2017-02-18 22:37:54'),(358,243,2,'illo',27,'1996-05-14 20:35:01'),(359,145,1,'aut',234180,'1998-02-04 09:45:33'),(360,20,2,'omnis',430023,'1978-03-12 02:43:09'),(361,82,3,'ab',0,'2001-12-23 08:54:34'),(362,32,4,'sapiente',90681331,'1986-09-03 04:43:38'),(363,155,1,'itaque',0,'2008-07-31 01:38:53'),(364,224,2,'quis',3472748,'1982-04-08 19:37:24'),(365,124,1,'debitis',79341,'1985-01-07 21:11:56'),(366,69,4,'reiciendis',672895324,'2000-01-07 03:45:29'),(367,69,2,'magnam',557751365,'1989-05-18 17:36:46'),(368,56,1,'autem',683443123,'1991-09-13 07:40:11'),(369,87,1,'vel',2522953,'1996-12-07 22:26:24'),(370,177,3,'facere',8913,'2011-07-12 07:19:05'),(371,281,4,'incidunt',1218,'2004-09-03 11:56:25'),(372,196,3,'harum',0,'2004-02-25 18:12:36'),(373,152,2,'tempore',90732,'2017-09-12 04:42:17'),(374,3,4,'dolorum',9065778,'1975-10-07 23:50:06'),(375,208,1,'dolore',2431,'1977-02-20 21:43:30'),(376,88,4,'hic',6130,'1979-10-07 04:35:56'),(377,192,2,'consequatur',896,'1992-03-28 20:23:45'),(378,218,1,'distinctio',0,'1977-09-01 08:19:49'),(379,150,2,'molestiae',8564803,'2008-06-26 22:37:17'),(380,178,4,'porro',9780,'2014-07-27 08:58:52'),(381,205,4,'ut',891135,'2008-09-09 06:28:41'),(382,220,4,'unde',7073,'2019-01-24 14:00:21'),(383,66,4,'culpa',218593,'1987-05-29 15:56:46'),(384,38,3,'et',608791326,'1974-08-16 21:59:00'),(385,16,3,'voluptates',31903371,'1970-11-22 12:43:03'),(386,26,4,'aut',624,'2006-12-04 03:18:01'),(387,161,3,'similique',0,'2011-04-05 09:46:23'),(388,200,1,'ut',14399564,'1970-01-05 08:12:28'),(389,60,3,'dignissimos',59553,'1995-08-07 09:54:05'),(390,10,4,'magni',8275159,'2012-10-27 06:31:35'),(391,224,2,'ea',0,'2005-07-29 11:16:35'),(392,257,2,'repudiandae',4268765,'2013-04-12 02:39:36'),(393,216,3,'ab',17816492,'1983-02-21 10:45:55'),(394,162,1,'omnis',3,'1977-03-25 09:57:08'),(395,16,1,'illo',0,'2009-08-02 21:10:15'),(396,39,3,'animi',0,'2020-03-21 21:15:44'),(397,285,4,'repellendus',9,'2006-01-18 19:07:29'),(398,194,1,'veniam',183052882,'2010-11-09 04:44:15'),(399,234,4,'voluptas',93850,'1984-08-05 00:13:38'),(400,203,4,'molestias',6,'2004-09-26 16:40:22'),(401,146,4,'quisquam',5159,'1975-11-16 12:40:53'),(402,245,1,'nobis',630,'2012-05-14 15:41:43'),(403,149,2,'eos',3568,'2020-02-09 03:51:24'),(404,18,3,'quis',523845303,'1972-11-29 07:13:22'),(405,47,1,'vel',36,'2017-07-17 05:02:11'),(406,176,4,'inventore',219,'1995-01-04 05:51:43'),(407,124,2,'quisquam',15527206,'2016-01-09 14:30:50'),(408,86,1,'qui',325216689,'1989-11-04 08:21:43'),(409,7,4,'mollitia',82370305,'1988-08-31 14:17:40'),(410,104,1,'vitae',0,'2012-07-15 00:15:20'),(411,286,2,'qui',86561,'2015-04-17 21:53:54'),(412,243,4,'asperiores',6556233,'2013-04-23 03:16:41'),(413,101,2,'vel',0,'2012-07-20 22:30:52'),(414,22,1,'repudiandae',151053,'2013-10-07 17:50:01'),(415,67,3,'sunt',495,'2021-06-23 19:07:26'),(416,283,3,'quos',2655416,'2003-11-06 22:09:41'),(417,152,4,'optio',773665,'1999-04-23 05:05:12'),(418,217,1,'deserunt',0,'2008-03-07 13:49:16'),(419,72,4,'rerum',39463,'1979-05-24 21:02:16'),(420,209,2,'animi',38,'1977-06-01 01:25:47'),(421,262,2,'dolor',283457,'1991-04-25 04:51:07'),(422,87,2,'eligendi',42258,'2018-06-29 14:30:02'),(423,216,3,'dolorem',2,'1994-08-26 21:04:34'),(424,123,3,'fuga',21898259,'1980-12-26 17:46:08'),(425,119,4,'officia',534241632,'1979-02-17 14:15:17'),(426,244,2,'sed',9316158,'2006-08-20 14:11:20'),(427,68,3,'et',48354396,'2021-04-15 08:17:53'),(428,75,3,'omnis',20,'1976-04-24 20:54:15'),(429,21,2,'architecto',2,'1975-12-04 08:52:41'),(430,203,2,'possimus',0,'1978-10-15 01:16:20'),(431,20,3,'reiciendis',7665,'2007-01-21 13:45:42'),(432,299,3,'in',2,'2012-09-15 13:03:20'),(433,113,3,'qui',9179,'1997-11-24 14:31:33'),(434,172,3,'labore',822,'2017-01-11 06:47:45'),(435,151,2,'tempore',7755800,'1988-07-29 05:39:44'),(436,1,2,'cum',644,'2002-02-18 22:32:59'),(437,164,2,'ut',11236,'2000-07-03 01:14:43'),(438,196,2,'aut',6601,'1990-04-03 04:52:45'),(439,260,1,'placeat',0,'1971-05-16 03:52:07'),(440,1,2,'et',0,'2002-08-05 00:47:12'),(441,245,4,'autem',74435542,'1994-04-21 06:43:13'),(442,183,1,'provident',7755,'2010-11-29 15:29:40'),(443,130,4,'nobis',4596412,'1985-05-29 03:50:40'),(444,181,2,'natus',7,'1991-02-18 17:42:37'),(445,54,2,'nobis',358,'1973-02-19 04:39:17'),(446,237,1,'nisi',3,'1993-05-03 19:47:17'),(447,268,4,'quae',83,'1987-10-25 02:08:12'),(448,245,2,'hic',8554841,'2017-05-26 06:57:06'),(449,151,2,'hic',99945823,'2020-01-20 12:46:45'),(450,263,1,'nobis',7406,'2000-04-26 14:31:10');
/*!40000 ALTER TABLE `media` ENABLE KEYS */;
UNLOCK TABLES;

--
-- Table structure for table `media_types`
--

DROP TABLE IF EXISTS `media_types`;
/*!40101 SET @saved_cs_client     = @@character_set_client */;
/*!50503 SET character_set_client = utf8mb4 */;
CREATE TABLE `media_types` (
  `id` int unsigned NOT NULL AUTO_INCREMENT,
  `name` varchar(50) NOT NULL,
  PRIMARY KEY (`id`),
  UNIQUE KEY `name` (`name`)
) ENGINE=InnoDB AUTO_INCREMENT=5 DEFAULT CHARSET=utf8mb4 COLLATE=utf8mb4_0900_ai_ci;
/*!40101 SET character_set_client = @saved_cs_client */;

--
-- Dumping data for table `media_types`
--

LOCK TABLES `media_types` WRITE;
/*!40000 ALTER TABLE `media_types` DISABLE KEYS */;
INSERT INTO `media_types` VALUES (1,'ad'),(4,'nesciunt'),(2,'nobis'),(3,'voluptas');
/*!40000 ALTER TABLE `media_types` ENABLE KEYS */;
UNLOCK TABLES;

--
-- Table structure for table `messages`
--

DROP TABLE IF EXISTS `messages`;
/*!40101 SET @saved_cs_client     = @@character_set_client */;
/*!50503 SET character_set_client = utf8mb4 */;
CREATE TABLE `messages` (
  `id` bigint unsigned NOT NULL AUTO_INCREMENT,
  `from_user_id` bigint unsigned NOT NULL,
  `to_user_id` bigint unsigned NOT NULL,
  `txt` text NOT NULL,
  `is_delivered` tinyint(1) DEFAULT '0',
  `created_at` datetime NOT NULL DEFAULT CURRENT_TIMESTAMP,
  `updated_at` datetime DEFAULT CURRENT_TIMESTAMP ON UPDATE CURRENT_TIMESTAMP COMMENT '  ',
  PRIMARY KEY (`id`),
  UNIQUE KEY `id` (`id`),
  KEY `messages_from_user_id_idx` (`from_user_id`),
  KEY `messages_to_user_id_idx` (`to_user_id`),
  CONSTRAINT `fk_messages_from_user_id` FOREIGN KEY (`from_user_id`) REFERENCES `users` (`id`),
  CONSTRAINT `fk_messages_to_user_id` FOREIGN KEY (`to_user_id`) REFERENCES `users` (`id`)
) ENGINE=InnoDB AUTO_INCREMENT=951 DEFAULT CHARSET=utf8mb4 COLLATE=utf8mb4_0900_ai_ci;
/*!40101 SET character_set_client = @saved_cs_client */;

--
-- Dumping data for table `messages`
--

LOCK TABLES `messages` WRITE;
/*!40000 ALTER TABLE `messages` DISABLE KEYS */;
INSERT INTO `messages` VALUES (1,91,105,'Ab necessitatibus rerum reiciendis magnam molestiae soluta. Sed voluptatem ipsum iusto repellat quia molestiae expedita. Qui temporibus omnis optio dolores culpa. Maxime voluptatem rerum laborum modi nemo. Quos suscipit non ut sapiente officiis ratione aperiam.',0,'1996-04-02 08:02:22','2012-01-27 18:57:55'),(2,237,25,'Rem accusamus id corrupti exercitationem. Sed iusto cupiditate illo eum esse sunt facilis.',0,'2002-02-25 03:24:20','2011-09-21 01:52:32'),(3,245,246,'Sapiente assumenda soluta totam et sint nam. Mollitia aspernatur qui magnam numquam ipsa vero molestiae. Ut non aperiam assumenda.',0,'2015-08-03 04:20:46','2006-03-26 17:57:13'),(4,197,266,'Eaque esse eos eum perspiciatis quidem omnis. Dolor id ea et dolorum et reprehenderit temporibus. Vel nihil et et aliquam rem quasi qui. Accusamus at eius repellat natus.',1,'1976-11-15 22:38:58','1999-12-08 22:00:42'),(5,75,209,'Dolor molestiae quisquam expedita. Similique sint perspiciatis aspernatur sit illum quisquam. Praesentium pariatur fugit necessitatibus ullam iure aut quis.',0,'1982-07-25 18:11:26','1992-12-08 09:10:46'),(6,260,185,'Aliquid accusantium voluptas quae odio sed. Odit voluptas ut ut mollitia. Ut aut nemo est odit velit expedita. Sit accusamus et occaecati impedit.',0,'2016-09-04 07:25:29','1984-07-26 19:13:42'),(7,17,219,'Sed ut velit optio nostrum dicta. Sint excepturi est occaecati magnam officiis est incidunt aut. Minus dolor vel et neque distinctio fugiat. Voluptas unde rerum perferendis hic non. Assumenda sint qui aliquid doloribus.',1,'2008-04-20 12:07:16','1997-08-15 13:55:04'),(8,121,94,'Fuga et aperiam repellendus aspernatur aut tenetur id. Quia corrupti voluptatem iste voluptatum.',0,'1992-10-23 09:45:41','1987-06-10 15:05:47'),(9,112,103,'Est qui dolorum incidunt doloremque. Modi voluptate quia et est. Praesentium cum et voluptatem iste mollitia qui. Dolorem voluptate sint ratione quod voluptatem ut id debitis.',1,'1988-04-24 08:10:35','2005-06-12 03:38:32'),(10,295,176,'Eos blanditiis quod laudantium consequatur et necessitatibus. Officiis blanditiis voluptates voluptas sit alias qui quo.',0,'1985-11-25 14:00:41','1993-07-20 23:07:38'),(11,245,229,'Maxime esse nulla eveniet quod saepe. Ducimus ducimus quia non atque. Numquam est tenetur officia omnis nihil.',1,'1972-10-17 16:38:56','2012-06-09 21:23:11'),(12,283,61,'Rerum harum cum deleniti et impedit. Et molestiae facilis tempore et. Ut quisquam aut reiciendis qui modi dolorem.',1,'2004-12-18 05:10:57','1999-10-02 00:32:35'),(13,47,200,'Omnis perspiciatis et ut ratione ducimus voluptatem reiciendis. Ut impedit commodi aut aut nostrum est. Sint sequi ut suscipit dolorum ex. Aut minus perspiciatis enim nemo accusamus aut cupiditate.',0,'2010-07-16 18:12:30','2006-10-12 09:23:21'),(14,203,30,'Incidunt exercitationem repellat et soluta sit harum. Dignissimos fugiat dolores tempore reiciendis voluptatem voluptatem consequatur. Consequatur similique possimus blanditiis illum modi.',1,'1988-05-21 00:04:44','2015-07-17 13:09:12'),(15,94,238,'Voluptate tempora ab tempore et doloremque harum perspiciatis. Et consequatur possimus dolore. Corrupti expedita aut veritatis temporibus.',1,'1978-05-03 20:08:10','1971-08-04 00:38:31'),(16,194,185,'Excepturi ut ipsum maiores corrupti. Ut veniam quia blanditiis nam quis consequatur. Ut enim itaque blanditiis quo et. Voluptas suscipit eos aut est quo ipsa deleniti.',0,'1989-05-24 02:21:18','2016-02-03 10:50:24'),(17,42,131,'Omnis nulla occaecati quia rerum et. Eum assumenda quia provident nihil. Ab omnis fugit deleniti qui aliquam a quam. Omnis velit et consequatur et inventore eos.',0,'1996-11-27 07:14:11','2004-10-20 21:06:58'),(18,209,286,'Rerum sint temporibus quia. Provident voluptas voluptas cupiditate unde id blanditiis et autem. Nobis voluptatem est vel nisi consectetur. Est ex amet sit in quibusdam dolore nisi.',0,'1986-12-06 19:48:07','1977-10-04 07:59:55'),(19,76,105,'Hic harum neque ducimus est explicabo temporibus ut. Quos commodi officia aliquam. Beatae dignissimos nihil voluptas quidem totam explicabo quia.',1,'2017-08-12 22:14:15','2012-05-10 22:33:49'),(20,252,150,'Quis vel dolores cum facilis sed ut tempora. Est molestias deleniti vel iure sunt itaque quis. Ab eius nisi ex impedit voluptatem sit labore. Reprehenderit iure rerum rerum dolores accusantium.',1,'1977-03-29 18:44:04','1995-11-06 16:30:21'),(21,14,212,'Atque soluta enim at delectus dolor dolores sit. Quia cumque deleniti dolor voluptatum minus. Dolores aut odit sequi laboriosam et.',1,'1980-07-13 15:01:16','1975-03-15 18:41:24'),(22,35,30,'Quis facilis nobis fuga in vero atque. Aut ut sapiente cum mollitia omnis quia voluptatibus. Tenetur neque error est vitae nisi libero vero. Veritatis quia exercitationem consequatur eos autem aspernatur.',1,'2010-03-27 04:17:06','2016-01-28 23:37:31'),(23,130,155,'Error nulla corporis voluptatem id. Perferendis in dolorem libero libero ullam. Omnis doloribus laborum temporibus exercitationem. Qui dignissimos nihil asperiores aliquid molestiae.',1,'1972-01-18 05:08:25','1999-09-03 04:48:39'),(24,124,242,'Suscipit labore enim nulla. Tempora tempora omnis facilis. Facilis id est blanditiis culpa aut incidunt dolor. Et sed consequatur iusto expedita fugiat eos.',0,'2003-12-31 02:48:17','1991-05-23 00:40:24'),(25,258,118,'Non consequatur veniam iusto harum iusto ab. Voluptatem eos vel beatae placeat quia officiis qui fugit. Non dolor aliquam enim soluta ea quasi. Consequatur aut similique id sapiente.',1,'1988-11-19 16:04:05','2000-09-13 00:59:03'),(26,118,202,'Delectus culpa iure beatae aut harum nemo. Soluta nemo ratione fugit reiciendis deserunt sed qui doloremque. Maxime qui doloribus laboriosam ut rerum laborum.',0,'1981-02-23 11:43:26','1980-09-08 12:06:17'),(27,47,101,'Non qui numquam ipsam corporis debitis. Ut voluptates architecto eum et recusandae distinctio eum. Hic laudantium quasi non ipsam voluptates. Veritatis illo tempora error eum distinctio omnis quasi et.',1,'1985-01-25 05:22:26','1994-02-20 02:39:49'),(28,262,93,'Quasi earum quis neque omnis perspiciatis veniam. Reprehenderit libero illum deserunt fugit soluta.',1,'2002-01-11 02:03:38','1992-07-24 16:35:45'),(29,300,164,'Deserunt saepe molestias soluta dolor non fugiat delectus. Tenetur voluptatibus qui dicta est occaecati velit aut. Saepe sunt et consequatur aspernatur.',1,'1987-07-01 15:04:06','2014-05-16 09:13:21'),(30,123,94,'Quidem quia qui natus est consequatur voluptas. Illum rerum ullam qui consequatur. Quia natus nobis est ipsa praesentium dolorem dolorem.',0,'2010-11-26 17:22:38','2012-09-03 01:11:32'),(31,101,17,'Id maiores ut ut eum eveniet molestias voluptates. Iste ab qui tempora quidem et. Natus voluptatem provident corrupti enim aut. Deserunt repudiandae provident fugiat non.',1,'2004-05-20 21:00:46','1981-10-16 11:22:08'),(32,278,143,'Officia nesciunt dolores minus. Reiciendis voluptatem ut sit et odit suscipit voluptate. Ipsa possimus occaecati accusantium dolorum.',0,'1971-12-12 12:52:19','1989-10-16 06:31:22'),(33,147,187,'Magni ut ut doloremque iste. Et incidunt sed cupiditate sunt tenetur ex. Et minus culpa perspiciatis accusamus fuga sunt nobis. Ut quia sunt voluptatem quam repellendus aperiam.',1,'1975-02-09 11:45:29','2014-06-16 10:59:05'),(34,129,222,'Quia est soluta asperiores. Quo id asperiores sit cupiditate.',1,'1973-01-21 09:06:40','2018-07-22 20:26:08'),(35,292,81,'Labore voluptate deleniti distinctio aut sequi deserunt explicabo. Ut non deserunt excepturi dolor incidunt explicabo quia. Omnis sit dolor id quasi libero totam voluptas.',0,'1972-08-21 08:40:31','2016-04-02 17:49:11'),(36,72,5,'Rem quidem quod ut quidem incidunt sint maxime voluptatibus. Quo impedit qui totam ad aliquid voluptas. Reiciendis rerum illum repudiandae alias eaque quia. Fuga nam officia qui voluptas.',0,'1991-01-21 01:33:11','2003-05-08 00:38:22'),(37,293,106,'Laudantium est amet maiores. Illum nihil facere et voluptatibus repellendus assumenda ipsam. Rerum architecto dolorem recusandae nemo voluptas.',0,'2007-03-27 07:08:13','2000-10-18 13:57:43'),(38,35,123,'Eos vel placeat dolor fuga. Vitae quia et similique eum aut totam eligendi. Libero aut perferendis eligendi et. Sed nesciunt consectetur et et et.',0,'2014-07-23 03:19:36','1995-03-02 05:32:50'),(39,261,158,'Molestias rerum enim corrupti aut aut id. Occaecati voluptatem ipsum id unde vitae error. Id temporibus ratione laudantium eos ipsam eaque ullam omnis.',0,'1995-11-05 07:41:50','2010-03-23 01:15:32'),(40,64,218,'Nihil culpa aliquam beatae harum velit. Reprehenderit a dolorem et saepe vel. Et velit possimus iure odio consequatur nam. Expedita maxime eum aperiam quas sed veniam.',0,'1991-11-18 09:58:49','2009-09-24 01:22:32'),(41,276,182,'Fugiat sit est et quos ex quam omnis cum. Odit eos fugit cumque atque voluptatum. In repudiandae aut nobis assumenda quas dolorum.',0,'1982-06-10 01:33:32','1988-12-19 01:01:54'),(42,119,22,'Quis pariatur sunt id ad ab. Consequuntur eaque assumenda qui aut. Quos quo non quis recusandae. Aut magni nam nobis ducimus reprehenderit aut in impedit.',0,'1987-11-03 06:52:43','1971-01-24 07:29:25'),(43,282,81,'Sit autem temporibus perspiciatis assumenda. Qui ut placeat vitae omnis mollitia. Et excepturi sequi omnis. Et eum maxime nihil hic earum.',1,'1979-06-25 13:27:55','1993-03-07 09:23:09'),(44,115,281,'Sed veniam delectus rerum eum optio reprehenderit quod. Numquam adipisci dignissimos ex dolorem molestiae. Fugit officia voluptate vel sapiente possimus aut autem. Est delectus officiis explicabo eos odit fugit corrupti.',1,'1974-06-25 21:36:15','1999-09-23 14:34:27'),(45,245,237,'Eveniet voluptas quia odio tenetur architecto vel temporibus. Voluptas repudiandae at exercitationem doloribus autem sint voluptas. Sed est enim harum laboriosam delectus tempora iusto consequuntur. Architecto nulla consequatur qui error laborum optio.',1,'1999-01-19 07:43:28','1994-02-17 17:06:55'),(46,74,46,'Expedita est deleniti distinctio quo atque inventore. Praesentium ea temporibus error. Unde commodi qui voluptatem pariatur reprehenderit delectus officiis saepe. Voluptas laudantium doloribus aut adipisci.',1,'1994-02-01 13:34:26','2001-10-26 12:46:02'),(47,253,52,'Et qui aliquid qui aut quisquam voluptatem expedita voluptatibus. Inventore pariatur est eligendi totam. Ducimus soluta officia magni in modi. Tempore ullam repellendus et sed at sit aspernatur.',0,'1990-10-31 19:45:52','1991-01-22 21:29:01'),(48,188,99,'Commodi culpa fugit veniam velit ea aut. Qui iusto nihil quaerat amet deleniti. Officia accusantium sequi inventore sapiente. Ex reprehenderit dolores perferendis ut.',1,'1978-02-05 04:16:08','1971-05-06 13:20:57'),(49,238,17,'Ut facere facere delectus cupiditate omnis suscipit aut. Eligendi error aut sit maxime quo nesciunt veniam. Dolorem aperiam accusantium commodi.',1,'1977-05-24 11:16:42','1989-05-15 22:18:30'),(50,21,229,'Modi repudiandae quis incidunt et fuga vero. Enim assumenda mollitia quis aut id similique. Sit consectetur quidem amet.',1,'1978-09-01 21:21:48','2013-02-20 02:07:57'),(51,98,93,'Recusandae voluptates rem unde facere cum atque dolorum dicta. Ut qui neque et eaque quisquam natus ea. Corporis ea dolores ea tempora voluptatum qui aut. Reprehenderit ex aut eum eum vel.',0,'2003-02-11 00:00:42','1994-07-17 22:26:41'),(52,233,90,'Inventore in et exercitationem quia asperiores fugit. Esse eveniet expedita sunt qui ea. Voluptatum praesentium modi sed provident.',0,'2011-06-13 18:27:35','1989-11-24 03:03:10'),(53,199,268,'Et fugiat voluptates et. Aut rerum repellendus sequi exercitationem beatae error. Dolorem qui quia voluptas voluptatem porro dolores.',1,'1985-03-17 06:32:59','1979-12-30 11:58:36'),(54,212,159,'Exercitationem minima cupiditate reprehenderit velit fuga expedita fugiat. Sint ea esse vel ut ut. Dolorem ea doloremque accusantium ipsa necessitatibus magnam. Sed debitis vero iure enim quisquam.',1,'1993-03-03 09:40:40','2009-12-11 03:44:35'),(55,126,276,'Aut harum ut architecto eius et. Officia commodi occaecati iusto similique quisquam quam sit. Repudiandae porro vel aut aspernatur in nihil esse provident. Quis libero voluptatem dolore rem sapiente et.',0,'2017-02-20 02:12:34','1995-12-31 02:54:09'),(56,76,101,'Rerum dolores illo eveniet eum quia. Sequi quasi dolor facilis eos. Sunt expedita nulla et autem. Nam odio voluptatum fuga quo velit voluptas.',1,'1988-05-14 05:59:16','2006-03-11 16:49:09'),(57,157,195,'Ab quos sint similique. Magnam ea ut quidem consequatur consectetur. Voluptas voluptates eligendi nam omnis et.',1,'2013-07-20 23:47:20','1992-09-29 13:53:51'),(58,122,138,'Deserunt saepe qui dolorem suscipit incidunt. Quod reprehenderit necessitatibus non aspernatur adipisci. Dolor dicta ratione porro aut voluptatem neque.',0,'2019-06-15 04:06:55','2020-11-18 03:53:54'),(59,275,236,'Et inventore temporibus sapiente quis similique quis eaque veritatis. Aliquam enim ut est. Dignissimos molestiae consequuntur odit laborum et. Quae dignissimos quia voluptas fugiat praesentium.',1,'2000-06-08 02:49:57','2011-04-22 02:19:47'),(60,119,220,'Occaecati autem ipsum doloribus quis sunt ea. A quo consequuntur nostrum qui aut eligendi. Est sequi qui porro consectetur facere assumenda iusto. Ut est laborum autem magnam autem. Sunt quidem corporis laborum debitis ratione adipisci a.',0,'1975-09-12 19:52:52','1996-11-29 20:54:16'),(61,173,192,'Deleniti aut ut sed maiores dignissimos. Molestiae ipsam ut vel quia cum maxime. Natus animi sint vel. Quia blanditiis quidem expedita quia ea rerum.',0,'1975-02-06 00:36:57','2001-07-23 12:05:41'),(62,265,126,'A non hic quaerat sit necessitatibus optio explicabo nihil. Corrupti aut eum ipsa rerum est iste quidem. At exercitationem reiciendis alias sed ut velit quidem. Molestiae blanditiis aut in error.',1,'1980-01-19 21:08:18','1977-08-08 21:27:48'),(63,244,152,'Illo dolor fugit mollitia voluptate sed ipsum. Nemo totam accusantium soluta consequuntur consectetur. Quia doloribus ipsum rem in. Nihil fugiat voluptatem aut qui. Recusandae et veniam laudantium maxime exercitationem velit qui.',0,'1976-10-07 16:49:35','1992-06-09 16:48:24'),(64,225,181,'Error officiis porro cumque velit. Facilis minus consectetur est quia sequi voluptatem. Libero libero dicta nulla voluptate.',1,'1998-06-24 20:52:04','1971-03-13 10:14:06'),(65,169,245,'Recusandae ipsa repudiandae sint in et. Cum quod quisquam doloremque. Sit beatae numquam nobis repudiandae saepe fuga.',0,'2015-10-07 08:17:00','2006-12-15 19:00:06'),(66,109,266,'Ut omnis cumque qui saepe omnis iusto. Maxime sunt quia qui nobis. Et qui enim aperiam tenetur quod hic.',1,'1992-05-13 21:47:23','1993-06-13 08:02:55'),(67,38,42,'Pariatur ea tempore recusandae rem. Et cupiditate et reprehenderit nostrum magni. Qui praesentium necessitatibus aspernatur laudantium iste nisi nihil consequatur. Blanditiis et nihil iusto asperiores voluptate molestiae. Rerum dolorem maiores ut ut voluptatem odio eaque consequuntur.',0,'1996-11-13 18:30:41','2017-06-28 18:49:33'),(68,56,236,'Laudantium cupiditate dignissimos voluptas. Inventore est qui facilis nostrum accusantium sunt tempore. Qui vitae veniam perspiciatis amet quidem.',0,'2011-03-25 15:05:24','1996-04-20 20:47:57'),(69,10,267,'Sit doloremque veniam adipisci rerum et. Impedit nulla qui quisquam dolores at sunt. Natus corporis libero voluptatum saepe quo accusamus. Est veniam velit sapiente amet.',0,'1985-09-05 10:29:15','1976-11-23 13:05:01'),(70,94,135,'Ducimus necessitatibus quidem perspiciatis illo assumenda aut. Ad est a qui eum aut. Corporis sit enim sequi sunt. Eum facere vel voluptatem et accusamus aut ratione. Ad itaque cum eaque vel cum ut.',1,'1980-09-17 15:38:08','1976-12-01 03:54:24'),(71,243,170,'Eos iste doloremque temporibus voluptas repellendus. Deleniti omnis dolorem ut ea ex sequi. Nam est omnis perferendis soluta.',1,'2004-12-11 16:46:58','1983-09-29 05:15:30'),(72,235,99,'Id nulla totam nesciunt aut. Qui explicabo ea nostrum. Quia modi officiis dolores vero eius ut. Qui laboriosam ut deleniti quidem.',0,'1975-08-16 01:18:18','1970-01-04 23:13:54'),(73,64,57,'Doloremque voluptatem natus cumque. Quis aut laborum non officiis ea magni. Quia illo soluta laudantium ab nobis eos. Quo qui qui aut ut.',1,'2009-06-28 08:53:02','1978-10-26 17:15:31'),(74,237,39,'Et quaerat omnis maiores consequuntur. Quia et voluptatem qui cupiditate omnis. Modi sit consectetur ipsam voluptas. Soluta corporis ab eum voluptatem consequatur magni voluptatum enim.',1,'2002-04-03 22:42:17','1999-12-29 08:21:04'),(75,293,55,'Eligendi laboriosam ut molestiae magni. Non aspernatur id veniam nihil voluptatibus optio doloribus sed. Odit laboriosam cupiditate et aperiam autem. Est est ab sequi quia dolores. Quibusdam quaerat quo est sequi explicabo.',1,'2003-05-29 05:27:20','1988-04-04 06:24:45'),(76,258,165,'Et in qui autem quam. Sint exercitationem accusamus voluptatibus voluptas. Pariatur sed dolores sint id corporis labore alias unde.',1,'2012-01-22 09:43:53','1996-11-12 10:07:10'),(77,247,222,'Fugiat asperiores molestiae quis ab. Minima cupiditate voluptatem unde asperiores sapiente dolor quis consequatur. At aut sapiente quod ex eligendi minima ipsam. Eveniet et quam laboriosam assumenda perspiciatis omnis voluptatem.',1,'2015-07-17 03:12:59','1997-05-10 02:58:31'),(78,290,190,'Dignissimos eum voluptates distinctio numquam. Voluptates incidunt et perferendis nobis fuga qui occaecati. Iste eius qui ex ullam minus modi unde.',1,'2018-02-20 19:17:57','1990-12-07 23:26:15'),(79,74,214,'Dicta natus tenetur adipisci alias est quod exercitationem. Nobis qui quia ipsa nulla. Qui voluptas eligendi repellat deleniti explicabo. Animi iusto non voluptatem vitae eveniet.',0,'2014-07-25 02:14:54','1994-02-10 10:43:33'),(80,71,243,'Laborum omnis nisi saepe voluptatem. Voluptas perferendis dolorum sint sit.',0,'1998-05-29 23:09:15','2015-02-01 10:15:13'),(81,159,180,'Perspiciatis incidunt consequuntur doloremque. Labore nostrum enim et omnis ducimus deleniti. Autem veritatis occaecati quia quis explicabo rerum.',1,'1974-02-11 17:23:05','1976-06-18 06:09:26'),(82,209,197,'Modi itaque facere molestiae ullam minus est. Ipsum nulla voluptas vel odit culpa dolor similique. Ea reprehenderit earum aut quod consequatur sint. Reprehenderit perspiciatis iste hic culpa accusamus qui.',1,'1987-05-17 02:23:20','1984-03-13 12:36:45'),(83,222,264,'Veniam quae quia sapiente laudantium voluptas quod. Expedita explicabo quos necessitatibus necessitatibus dolorem ut quod itaque.',0,'1975-12-19 03:39:11','2009-06-22 01:06:25'),(84,132,231,'Saepe itaque qui pariatur excepturi provident natus debitis tempore. A corrupti sit dolores qui et aperiam cum.',0,'2019-01-01 12:57:51','1980-07-14 06:01:46'),(85,231,225,'Consequatur doloribus delectus velit deleniti labore repellendus eum. Natus mollitia veritatis eveniet dolor recusandae consequatur vel possimus. Maxime facere vel odio. Distinctio dolor est corporis enim incidunt qui.',1,'2017-07-31 04:47:44','1998-09-18 17:31:19'),(86,65,173,'Voluptas aspernatur quibusdam alias eaque labore pariatur nostrum. In reiciendis amet numquam adipisci maiores repudiandae dolorem temporibus. Porro sit aliquam et repellat sed ullam.',1,'2004-04-03 04:43:20','1970-04-15 04:09:49'),(87,95,300,'Fugit est nesciunt velit nesciunt vel. Quia atque ut quidem expedita sunt. Laboriosam veniam possimus porro magnam. Maxime quis eveniet accusamus sed qui animi.',0,'1998-08-26 15:19:14','2002-02-05 21:09:45'),(88,272,159,'Illo voluptas provident sit ipsa quod sequi tenetur ab. Accusamus voluptatem et omnis expedita aut itaque sint mollitia. Nisi consequuntur vel dolore consequatur commodi culpa.',0,'1998-03-14 22:17:58','1970-11-22 10:29:35'),(89,56,208,'Ipsum culpa rerum ea sequi. Occaecati quibusdam dolorem eum cumque quasi eligendi velit quam. Natus quas exercitationem quis nisi vero. Inventore recusandae reprehenderit eius perspiciatis.',1,'1998-12-30 07:04:58','2011-06-29 05:19:58'),(90,197,48,'Voluptatibus ipsa commodi repellendus a qui aspernatur voluptatem. Illo unde possimus earum adipisci ut harum ullam. Corporis eum ipsam magni. Voluptate voluptas hic dolores.',0,'1997-12-11 06:45:05','2003-09-17 06:53:23'),(91,263,155,'Voluptas doloremque aut cupiditate natus. Dolorem neque repudiandae quia sint sint aliquam odio. Dignissimos ut ipsum harum sequi rerum quidem accusamus. Porro assumenda consequuntur excepturi labore. Adipisci voluptatibus omnis adipisci.',0,'1991-08-13 19:48:10','1985-08-13 07:06:05'),(92,212,210,'Dignissimos et voluptas et ab consequatur mollitia. Cum reprehenderit mollitia molestias optio dicta dignissimos ducimus. Dignissimos tempora quo eligendi omnis cum cum qui.',0,'2008-07-27 22:18:56','1977-09-12 12:41:55'),(93,77,202,'Sed sed tenetur alias et rerum. Inventore ipsum quisquam totam sit. Ut est commodi sit consequatur dolor velit.',0,'1995-02-28 09:27:34','1986-10-06 00:47:54'),(94,99,151,'Hic et ut voluptatem excepturi porro. Placeat id vero porro soluta neque dolor beatae. Voluptatum unde doloremque officia. Saepe occaecati ipsam aut molestias est qui sunt earum.',1,'1977-12-12 20:04:11','2006-08-17 02:03:17'),(95,116,170,'Aliquid aut quidem architecto non sunt. Illum doloremque accusamus reiciendis amet molestiae dolore saepe. Sequi laboriosam ab et officia.',1,'1979-03-03 14:19:14','2015-08-29 20:52:24'),(96,93,275,'Quasi aut aut atque voluptates sunt placeat accusamus. Corporis tenetur omnis eveniet. Ratione eum qui voluptatem ut cumque quo doloremque.',0,'1986-02-10 04:07:07','1997-04-27 07:32:08'),(97,49,1,'Fugiat qui enim eum accusamus qui. Ex quas molestiae laborum. Est cumque natus atque illum.',1,'1971-01-10 02:39:55','1996-11-09 07:49:32'),(98,171,270,'Et iste deserunt saepe accusamus ut. Ipsa vel soluta omnis et non dignissimos animi. Quas rem ipsam voluptatem ex facilis dignissimos ipsa. Et consequatur qui cumque aut.',1,'1983-08-15 21:53:38','2009-07-23 23:19:42'),(99,264,3,'Eligendi doloremque exercitationem aut quia et aspernatur. Facilis suscipit voluptatum aliquid. Quia ut inventore et velit sit velit occaecati.',0,'1985-07-07 16:17:48','2015-04-11 17:15:03'),(100,201,195,'Illum consequatur qui eaque aspernatur ducimus. Quaerat et voluptate placeat. Quidem cum non et rerum aut ut.',0,'1970-01-24 05:30:45','2018-09-22 02:37:33'),(101,228,266,'Repellat et est odio ut esse. Est modi et quia minima. Neque ut porro quae dolor error inventore.',0,'2014-11-16 22:01:06','1991-08-01 01:39:20'),(102,67,22,'Facere at quae culpa et. Dolorem ut ad minus. Et qui aut repellendus culpa non. Quisquam iusto fugit placeat non.',1,'1982-04-01 10:54:05','1996-02-19 19:11:40'),(103,265,38,'Ratione labore dolorum eum mollitia sit fuga unde. Quia incidunt ipsa quis minima adipisci reprehenderit ratione.',1,'2009-07-28 10:58:54','1989-06-18 23:37:11'),(104,180,20,'Quod ut similique dolor eius molestiae ut itaque. Ut dolores consectetur tempore asperiores quisquam. In perspiciatis nihil sint ipsum iste mollitia exercitationem.',0,'1994-02-27 02:38:21','2014-01-15 22:57:18'),(105,246,77,'Harum est aut nam nulla qui quisquam. Explicabo omnis eum facilis facere velit dignissimos totam. Aut ut natus iusto laboriosam repellendus.',1,'2005-04-03 18:31:38','1977-11-29 01:58:07'),(106,68,208,'Similique cum molestiae ut explicabo nobis. Ut sit atque libero iusto quae. Occaecati eligendi odio tempora consequatur doloremque.',1,'1981-04-24 21:23:00','1989-02-08 16:08:55'),(107,231,280,'Incidunt quidem corrupti laborum numquam est omnis. Optio animi ut animi et. Atque quidem dolorem qui vitae amet dolores aut.',1,'2007-07-18 12:11:27','1998-06-24 23:29:16'),(108,117,8,'Consequatur delectus ratione quis dignissimos itaque consequuntur provident. Veritatis quo nihil illo ducimus soluta. Est omnis facere voluptas animi nihil harum.',1,'1989-08-26 13:58:09','2016-09-16 23:45:35'),(109,182,216,'Tempore fugit occaecati impedit ut id voluptatem aut consequatur. Quos consequatur corporis deleniti laboriosam. Et neque nesciunt reiciendis sed quasi dolorum omnis.',1,'1974-06-01 19:46:32','2013-09-19 04:26:10'),(110,158,297,'Et esse et amet et alias cum. Similique exercitationem est quo sequi eius sit praesentium molestias. Consequatur ut asperiores laboriosam quis dolor sequi sed exercitationem.',1,'2010-04-16 18:17:17','2011-07-30 07:18:15'),(111,86,250,'Veniam quos esse ut sed eum placeat ipsam. Assumenda non maxime impedit vero quo. Ab ut adipisci delectus quia. Sed et laborum itaque voluptatibus sed.',0,'2001-06-21 22:44:58','1999-12-26 12:00:00'),(112,272,134,'Quidem dolores repudiandae aspernatur omnis. Impedit modi ad minima quo maiores fuga aliquam. Debitis architecto alias sint pariatur.',1,'1973-11-17 04:21:49','1976-05-15 21:15:33'),(113,251,143,'Ipsum aut aut provident aut qui doloremque. Cum maxime eaque consectetur sunt nam. Dolore quam aut sed quidem. Mollitia saepe nam quo.',0,'2015-01-23 07:43:55','1983-05-17 04:26:38'),(114,104,215,'Fugiat aut tempore enim labore facilis repudiandae. Ipsa reiciendis eos non voluptas quae magnam. Ut totam voluptas vitae fuga aut.',1,'1997-04-18 13:15:49','2019-09-02 05:23:20'),(115,145,5,'Amet id qui facilis vel dolor natus autem. Non ipsa est id quam et et sint. Dolores aut velit autem illum. Reiciendis eveniet explicabo ut soluta.',1,'2020-09-18 12:25:41','1990-12-31 14:43:05'),(116,109,72,'Temporibus numquam illo cumque vero. Officia sunt ea ipsam asperiores quo. Id molestias quaerat explicabo unde esse dicta in perspiciatis. Omnis non eveniet assumenda sit aut culpa quisquam.',0,'2016-03-30 07:43:15','1994-06-08 09:12:03'),(117,270,176,'Occaecati aut sequi repellendus. Est veniam earum facilis rerum pariatur qui eum. Velit tempore repudiandae et error et maxime. Velit quasi dolores aut voluptas error.',0,'2004-01-10 14:08:17','1971-10-20 14:08:58'),(118,93,235,'Velit iste sint maiores porro possimus. Praesentium nulla et illo non. Numquam eum et voluptatem omnis molestiae consequatur.',1,'1998-11-09 03:56:08','2015-04-04 01:02:02'),(119,214,272,'Dolorem inventore qui impedit voluptatum possimus. Quas aliquid consequatur qui amet iste. Delectus sed molestiae delectus. Perspiciatis non libero mollitia ullam architecto non. Quam fugiat et et laboriosam nesciunt et.',1,'1979-01-10 13:02:29','1984-06-04 12:33:44'),(120,255,159,'Ea numquam et nihil officiis a. Sint ad hic ea eveniet dolorum itaque suscipit. Voluptate architecto ratione sunt numquam.',0,'1977-02-07 15:09:04','2004-06-06 02:29:10'),(121,49,22,'Sit perspiciatis sed iusto id nulla. Sit non sit quis rerum est non velit. Porro deserunt doloribus magni molestiae eius.',1,'2017-10-29 01:37:26','2004-07-21 19:12:21'),(122,67,279,'Beatae blanditiis rerum ullam ea quia sed incidunt consequatur. Hic recusandae est ratione necessitatibus dignissimos fuga. Aspernatur non facere vero est rerum nihil maxime. Culpa voluptas dolorum voluptas et numquam ea.',1,'2003-06-29 14:15:03','1994-02-11 14:52:00'),(123,1,184,'Totam saepe rem recusandae et et et. In assumenda omnis voluptatem aliquam quod velit quae laboriosam. Pariatur atque quia saepe quia. Error mollitia voluptate magnam dicta qui sed id.',0,'2002-07-22 03:00:14','2019-12-13 08:03:51'),(124,287,182,'Ipsum delectus repellendus ad autem est. Voluptas veniam aperiam magnam enim.',1,'1993-09-02 23:49:21','1977-01-31 04:38:56'),(125,100,144,'Aperiam inventore est cum voluptatem ab dolorem. Modi reprehenderit quam cum qui et. Inventore ea tempora quaerat ut iusto.',1,'1994-10-11 06:28:13','1980-06-06 16:37:40'),(126,179,185,'Ut aut optio eum molestiae delectus. Quas dolore rem in culpa aut veritatis. Eum cum molestiae expedita excepturi.',0,'1985-09-30 06:16:11','1987-10-21 15:29:16'),(127,94,151,'Numquam nisi voluptatum illo doloremque voluptatem sequi. Voluptas libero explicabo ipsam. Aut in assumenda accusantium officia.',1,'1975-05-08 08:28:48','1984-08-02 08:31:09'),(128,19,44,'Et voluptas sed voluptate fugiat. Quae earum similique numquam ipsum cupiditate.',0,'2010-06-22 20:11:06','1989-02-04 21:38:04'),(129,293,123,'Pariatur assumenda autem molestiae. Qui beatae esse enim corrupti. Ut doloribus alias iusto nihil. Molestiae fuga expedita dolor. A necessitatibus vero autem delectus reiciendis similique ex.',1,'1989-11-03 06:24:39','2006-09-25 09:12:34'),(130,258,137,'Consequatur vero voluptas debitis porro non sed iste est. Quia non facere quae sed sed voluptates et officia. Doloribus recusandae omnis unde ipsam aut perferendis.',1,'1972-05-22 17:34:26','2000-05-15 10:36:07'),(131,127,67,'Distinctio eos nihil voluptatem dolor. Itaque aut tempore corrupti aut dolorem. Sint doloremque non id autem doloribus ratione non.',0,'2010-06-20 21:25:38','2000-09-10 10:22:21'),(132,208,97,'Tempore voluptatum quia enim perferendis sit repellat. Officia iusto voluptatem et aut occaecati. Aut tempora corporis eveniet quam aliquam.',0,'1991-12-18 20:58:38','2016-09-03 09:01:17'),(133,242,1,'Et harum facilis illum numquam debitis temporibus quo. Minima fugiat enim quo occaecati aperiam qui nisi. Debitis ut fuga id quia laborum aperiam optio.',0,'1979-01-21 00:10:56','2004-12-29 03:29:56'),(134,31,155,'In culpa ipsam dolorem illum molestiae similique dolores. Molestias enim minus in perspiciatis sequi. Reprehenderit esse aut occaecati nisi tempore labore est. Aperiam beatae iste voluptas est. Ab et labore corporis quibusdam minus officiis.',1,'1976-02-13 10:40:40','2018-05-03 06:07:10'),(135,273,285,'Laboriosam numquam eos nihil ratione et nemo. Natus cupiditate accusantium voluptate est consequatur id dolore vitae. Dolore culpa aut minus iure.',1,'1982-05-15 01:50:48','1999-09-09 20:19:46'),(136,13,21,'Repellendus laudantium accusantium harum laudantium at ut. Alias dicta dolorem quas est non reprehenderit. Molestias et culpa totam cumque rerum et. At odio molestiae repellendus aut dolorem beatae et quis.',1,'2006-03-15 23:33:16','2008-04-02 05:33:07'),(137,6,80,'Eveniet tempora in eveniet autem. Nesciunt optio sit temporibus ipsum. Sint tempore nesciunt harum sunt aut id natus.',1,'1993-02-19 20:32:43','2001-10-15 05:33:56'),(138,300,7,'Enim consequatur pariatur labore accusamus mollitia. Consectetur ipsum consequatur ratione praesentium cumque. Totam sint non totam accusantium et voluptas minus nostrum. Et vitae facilis rerum est cumque molestiae nihil dolor. Non nihil fugit illo vel et ad voluptatem.',1,'1994-06-11 13:26:27','2018-03-31 01:54:11'),(139,263,286,'Consequatur laudantium veritatis reiciendis deleniti est et quisquam. Qui sed delectus aut aut exercitationem cupiditate soluta. Optio exercitationem beatae possimus modi maxime mollitia rerum. Qui esse amet voluptatem quae quisquam.',1,'2011-03-30 21:52:04','1999-10-04 17:38:04'),(140,189,63,'Maxime ad sunt id earum repellat commodi culpa. Beatae nihil deleniti aspernatur dignissimos. Veniam culpa enim inventore ea. Officia iusto amet qui beatae nulla.',1,'1978-11-08 11:47:28','1991-04-14 18:56:53'),(141,129,67,'Accusantium illum tempora saepe iste. Iusto deleniti repudiandae dolore dolor minus natus aut. Sunt accusamus molestiae consectetur est voluptatem. Est qui sed dolores accusantium.',1,'1982-12-17 03:54:25','1982-10-09 19:10:22'),(142,247,222,'Ab delectus veritatis deserunt quas minus. Aut aut est rem veritatis reiciendis expedita neque.',1,'1990-07-16 14:08:20','2006-09-18 13:35:03'),(143,217,266,'Et a sequi odit quos eaque. Commodi fuga sed alias officiis iusto fugiat vel porro. Natus vero minima maiores omnis sequi sint et. Culpa doloribus libero expedita autem consequatur dicta facere.',1,'2015-08-22 09:32:41','1975-08-29 11:25:36'),(144,266,210,'Provident eos et explicabo dolor aperiam hic. Voluptate inventore magni ut totam rerum dignissimos. Quod incidunt cumque est laudantium.',1,'2013-09-05 19:03:46','1982-05-25 07:30:40'),(145,88,224,'Consequuntur beatae repellendus dolores voluptatum rem nihil voluptatem. Asperiores veniam aut sint commodi. Unde pariatur omnis necessitatibus itaque modi. Et maxime mollitia et est.',1,'2019-11-19 21:27:30','1977-10-18 01:54:24'),(146,46,215,'Et minima consequatur et voluptatibus earum sed. Error aut pariatur totam corporis neque veritatis. Nulla ut iusto excepturi temporibus. Aliquid deserunt vitae tempora tempora esse aut.',0,'2009-01-10 07:58:37','1985-12-19 12:03:01'),(147,290,254,'Earum omnis dolore quisquam exercitationem qui. Voluptatem tempore eaque aut modi. Pariatur eum autem sed natus ab. Labore et qui officia.',1,'1998-06-30 06:43:37','2009-12-15 16:12:02'),(148,11,231,'Non molestias nostrum ea. Tempora ipsa ducimus omnis debitis harum. Dolores alias consequatur ex quia vel. Sunt veniam aspernatur alias deserunt. Voluptas et deserunt excepturi et alias nesciunt.',1,'1975-03-14 04:56:31','1998-10-15 18:32:02'),(149,255,41,'Quo accusantium fugiat incidunt quasi molestiae qui. At dolor quia molestias sint fugit sunt. Doloremque odio voluptas velit dolores.',0,'1990-07-23 09:49:35','2012-09-10 11:39:02'),(150,85,227,'Eum placeat iure omnis provident. Aut eaque incidunt possimus inventore atque dolor. Quia voluptatem soluta id sint culpa qui dolores perspiciatis. Modi eos aspernatur quia.',0,'2019-07-23 21:12:34','1999-12-26 18:08:23'),(151,25,98,'Voluptas commodi aut soluta sint optio. Nisi sunt est sequi voluptates excepturi eligendi iusto. Quaerat vel nobis illum sit. Debitis veritatis temporibus ratione et corrupti corporis quibusdam.',0,'1990-01-11 21:39:57','2021-07-07 13:18:59'),(152,248,31,'Velit hic consequatur ratione beatae laborum similique accusamus. Praesentium nihil qui voluptas omnis molestiae repellat. Voluptas quia aut reprehenderit facere accusamus fugiat. Soluta sit id nam eum et sunt.',0,'2021-03-21 16:00:55','1970-08-09 03:54:35'),(153,177,247,'Quo aut odit laudantium debitis nam voluptas rerum rerum. Repudiandae deleniti quos voluptate rem sint voluptatem. Iure rerum minus error ex commodi sed iste. Voluptatem consequatur quia molestias iste sint minus dignissimos.',1,'1999-08-30 19:39:49','2004-05-03 02:12:09'),(154,38,140,'Tempore dolorem et recusandae rerum. Rerum quo sequi voluptatem minus voluptatum. Occaecati delectus nihil animi commodi eius vero. Corrupti ut est repudiandae molestiae perspiciatis aut.',1,'2017-02-18 04:04:44','2015-12-31 23:27:13'),(155,233,226,'Omnis enim voluptate consequuntur nesciunt. Cum blanditiis sed dicta. Consequatur molestiae consequatur eum eos hic harum repellendus.',0,'1992-12-05 17:28:38','1981-12-29 08:06:20'),(156,203,61,'Et ab sint alias vel est ea commodi. Laboriosam est architecto distinctio eligendi voluptas. Fuga a sapiente quia rerum distinctio impedit quis. Doloremque qui illo rerum sit mollitia perspiciatis omnis.',1,'2012-02-06 12:10:13','2004-11-15 10:42:04'),(157,293,150,'Recusandae vel voluptas ut possimus. Repudiandae ipsam sapiente quibusdam enim cumque. Eos molestias excepturi optio et tenetur.',1,'1991-05-23 12:37:07','1973-01-13 14:12:06'),(158,283,210,'Sapiente incidunt facere consequatur aliquid modi quod quia. Enim rem perspiciatis totam. Quae consequatur voluptate et quisquam.',1,'2008-09-07 00:16:12','1970-10-04 06:51:50'),(159,115,249,'Id ea aut occaecati assumenda reiciendis vel aut. Inventore dolores rem nesciunt quia quis reiciendis eos. Facilis officia et maiores et totam et. Omnis enim at similique commodi quam ipsum aut.',1,'1988-08-31 21:14:59','2016-08-08 16:48:10'),(160,119,202,'Illo optio dolores ea repellat aut laboriosam reiciendis. Repellendus deserunt voluptates nobis sapiente corrupti. Rerum quaerat hic sequi ipsam.',0,'1992-04-08 01:09:56','2007-01-23 01:15:15'),(161,172,164,'Sed qui aliquid excepturi. Voluptatem dolore id ut. Doloribus quos est consequuntur aut modi eligendi dolorem. Nulla et distinctio ipsum aut neque quo quae.',1,'1993-09-24 09:57:37','2004-11-02 00:34:43'),(162,116,161,'Sed eveniet quia ab sit quasi non. Ea odio quidem voluptas voluptatem sed. Eligendi rerum voluptas fuga suscipit qui nihil molestiae magnam. Et perspiciatis saepe id architecto.',1,'1996-12-17 08:31:44','2015-07-02 16:33:29'),(163,118,127,'Inventore rerum itaque quis architecto. Culpa corporis dolore non.',0,'2020-12-20 07:48:55','1983-04-23 17:54:19'),(164,91,72,'Ex et officia tempora et in quis modi. Hic facilis voluptatem natus id similique rerum adipisci. Voluptatem laboriosam minus et est. Nemo excepturi eos nihil voluptatem amet non voluptatem voluptatem.',1,'2020-10-10 07:46:11','1972-08-18 02:32:07'),(165,167,176,'Tempora consequatur et id neque et aut. Possimus officiis consectetur deleniti earum. Placeat voluptatum ea adipisci non culpa. Ullam quo illum recusandae quisquam consequatur.',0,'1971-02-24 18:12:47','1998-04-13 04:51:49'),(166,299,192,'Quam voluptatem dolor alias assumenda enim praesentium. Voluptatem ut porro commodi est nam assumenda molestias animi. Facere quaerat voluptatibus autem vero nemo vel illum.',0,'1974-09-29 00:52:42','2011-11-12 18:55:22'),(167,273,246,'Vel vero ut quo omnis autem temporibus accusantium. Et et qui qui error sed. Alias autem sed perferendis voluptatem aut. Id quo ipsa nulla laudantium dignissimos voluptatem adipisci. In vel quis inventore ipsam voluptas est.',0,'1990-05-28 02:31:22','1980-09-15 18:12:17'),(168,223,150,'Quo quis qui odit. Itaque veritatis reiciendis voluptas molestiae. Esse voluptatem qui in error. Voluptas impedit aut aut sed dolores.',0,'1990-01-15 20:41:12','1990-11-16 21:02:59'),(169,192,260,'Voluptas necessitatibus molestiae nam ut voluptatibus ut eius odio. Quae perferendis dolorem voluptatem vel alias reprehenderit optio culpa.',1,'1971-06-21 22:23:33','2000-05-12 23:02:15'),(170,290,124,'Est sit cupiditate est beatae ducimus fugiat. Non aut velit ea aspernatur quo explicabo enim est.',0,'2006-12-08 09:53:27','2005-07-29 20:39:29'),(171,185,192,'Molestiae rerum ipsa dicta et. Tempora vel et qui tenetur odio est tempora illo. Et aliquid autem qui inventore.',0,'1993-04-16 00:20:22','1982-05-28 22:39:47'),(172,185,178,'Est nobis sunt ducimus a minima. Quo deleniti quos id nulla at id incidunt. Ea eaque quibusdam atque. Voluptatem recusandae voluptatem voluptates quia at nam qui.',1,'2015-09-17 18:15:03','1995-04-08 13:07:01'),(173,41,168,'Nesciunt cupiditate aut quia molestias. Et facilis libero harum natus. Cupiditate iste numquam non.',1,'2017-10-11 12:34:36','1979-06-08 08:03:51'),(174,87,156,'Ut rem et aperiam. Voluptatibus ut aspernatur aut. Dicta qui reiciendis nesciunt quod.',0,'1987-06-25 15:05:04','1986-12-20 10:34:31'),(175,116,205,'Quia ipsum in architecto id blanditiis dolorem saepe. Quo ut quod sed illo nemo pariatur. Temporibus aut aut aut ducimus dicta eum molestiae. Inventore voluptatem nihil laborum eius praesentium enim qui.',0,'2003-10-27 21:22:33','2001-12-28 22:23:48'),(176,58,287,'Cumque aut id a. Ratione accusamus itaque esse accusantium libero et magnam. Veniam consectetur sed modi consequuntur et neque animi. Molestiae voluptatum animi maxime nesciunt odit est. Aut ut perferendis minima accusantium eum magni iusto alias.',1,'1975-08-12 03:09:41','1988-09-11 02:23:15'),(177,69,174,'Reprehenderit impedit quae voluptates quia provident exercitationem. Sit harum necessitatibus earum optio qui iusto aspernatur aperiam. Labore distinctio blanditiis expedita libero. Modi mollitia dignissimos saepe ea et et tenetur rerum.',0,'2018-02-12 22:31:36','1977-06-22 02:02:04'),(178,148,186,'Consequuntur tenetur quaerat id voluptatum officiis voluptatum aspernatur. Suscipit vel reiciendis cum maiores. Velit optio sapiente repellendus quibusdam. Pariatur eius optio animi voluptatem et autem.',0,'2002-08-03 04:49:29','2000-10-06 03:24:12'),(179,300,238,'Non labore est odit dolores. Nostrum consequatur alias reiciendis magni. Provident autem quas est illum necessitatibus reprehenderit.',0,'1991-01-29 07:48:45','1983-11-05 10:13:38'),(180,258,166,'Consequatur consequatur ut sed veniam. Aut dolores recusandae nostrum magnam distinctio. Magni consequatur velit amet perferendis deserunt libero. Voluptates quos debitis consequatur rem voluptas eum.',0,'2001-10-06 05:20:50','2013-12-05 10:57:04'),(181,114,256,'Occaecati dolorem modi voluptatem. Et ea et non ab.',0,'2000-07-27 08:32:06','1974-06-17 04:11:02'),(182,58,86,'Ea maxime tempore aut quo. Et perspiciatis saepe et est. Quia qui fugiat vel illo occaecati commodi.',0,'2006-07-28 18:54:29','1972-05-10 06:47:47'),(183,201,280,'Accusantium consequuntur quaerat earum aut. Culpa unde assumenda fugit est quia qui enim nobis. Reiciendis at illum tempora qui.',1,'1991-12-14 14:23:18','1995-02-21 23:18:56'),(184,236,93,'Sed ipsam est voluptatem nobis. Dolore nesciunt qui nobis nihil voluptate aspernatur tempore.',0,'1979-10-26 06:06:01','1979-01-16 06:49:34'),(185,240,225,'Quia non dolore quae laboriosam nihil perspiciatis distinctio. Voluptatum non eveniet sunt qui eos et et. Repellendus aspernatur dignissimos eaque distinctio. Eaque et corporis minus tempore eius laudantium non et.',0,'2000-02-22 23:16:21','2018-07-19 19:29:28'),(186,216,125,'Ducimus maxime eos et et perspiciatis consequatur rerum. Sequi voluptas ut unde laborum. Veritatis qui ut voluptatibus sequi sunt. Beatae hic in eligendi magni numquam.',0,'1978-11-01 09:13:18','1977-04-01 14:06:09'),(187,117,101,'Quidem voluptatem vitae ut ullam aut. Sed et dolore accusantium recusandae maxime architecto aliquid.',1,'1988-12-08 15:41:11','2012-07-25 15:07:23'),(188,2,157,'Error assumenda debitis rerum perspiciatis ex vitae non. Corporis rerum dolor magni ipsam voluptates voluptas. Cum voluptas in quo.',1,'2019-03-14 19:10:48','1972-04-23 19:16:32'),(189,268,88,'Repudiandae odit voluptas et doloremque iusto. Aspernatur ratione et vero et. Natus quo impedit quasi voluptatem eos. Officiis incidunt ullam est vel repudiandae cupiditate placeat.',1,'2002-01-26 02:30:00','2004-10-07 16:48:58'),(190,13,84,'Libero asperiores rem ut impedit sint rerum ratione est. Et sint nesciunt nam voluptate. Officiis sint eveniet tempore voluptas a. Accusantium rem ut atque nostrum. Est dolor et et sunt similique inventore recusandae.',0,'2017-06-06 05:21:26','2014-11-29 06:58:24'),(191,292,70,'Veniam illum ut ab impedit consequuntur. Officiis nesciunt sint veritatis quasi voluptatem est officiis. Molestiae asperiores accusamus commodi. Laboriosam omnis vel quisquam omnis.',0,'2017-09-27 20:03:59','1991-12-04 02:19:23'),(192,71,61,'Et perspiciatis autem voluptatem aspernatur qui. Debitis consequatur dolores corporis velit. Delectus eaque error sunt. Aut veritatis hic et quia impedit velit labore.',1,'1994-02-07 13:13:39','2018-12-29 16:00:28'),(193,243,218,'Assumenda consequatur at asperiores ipsa quia minima dolores fuga. Aspernatur deleniti nostrum sunt. Voluptates hic nam velit quos molestias quidem voluptates. Nihil animi aliquid veniam dicta.',1,'2011-10-06 08:31:24','1992-10-10 21:23:08'),(194,246,242,'Voluptas numquam ex qui dolor est doloremque. Vitae aut animi dolore alias ipsum aliquam praesentium. Sit sit laudantium adipisci ea vitae quasi labore.',0,'2010-02-23 07:11:55','2017-03-27 01:02:11'),(195,156,204,'Earum eos eos enim ut quia deserunt quia. Et enim dolorem pariatur totam dolor vitae. Vel et quia laboriosam similique rerum error dignissimos. Blanditiis doloremque nihil voluptas eius voluptatem illo quaerat corrupti.',0,'1997-01-17 00:17:55','1993-03-01 12:32:38'),(196,108,269,'Omnis ut distinctio debitis autem asperiores voluptatem quaerat. Ipsum minima ducimus quos aut. Mollitia qui facere natus totam.',0,'2016-10-19 02:10:07','1976-01-09 02:32:26'),(197,159,165,'Dicta aliquid est expedita dolores quod et sint in. Cumque omnis dolore vitae in. Labore optio blanditiis delectus quia est est.',1,'1986-08-28 08:29:09','1989-06-09 18:26:41'),(198,55,60,'Id aut facere ipsum ut molestiae ut ut. Laboriosam voluptatum nemo non laboriosam. Natus asperiores placeat mollitia.',1,'2000-06-18 08:44:28','2004-04-09 11:18:03'),(199,145,290,'Excepturi itaque id cumque omnis harum soluta. Omnis itaque quibusdam dicta tenetur. Sed amet doloribus facere aut tempore sint optio. Quam culpa veniam eos libero necessitatibus consequatur saepe distinctio.',0,'1986-10-20 13:45:04','2001-04-26 03:16:24'),(200,152,85,'Accusantium ipsum dolor ex numquam repellat deleniti quam optio. Qui harum cumque molestias labore. Est debitis est atque voluptatum deserunt et necessitatibus.',1,'2015-05-06 23:00:44','1990-07-28 14:01:13'),(201,215,68,'Doloribus dolorem in provident accusantium. Est beatae et vitae laudantium laudantium error. Beatae autem iusto laboriosam aut commodi. Quae quia et atque quam quia. Ipsa veniam sunt ducimus quia amet.',1,'1976-01-29 02:23:44','2002-06-26 01:44:22'),(202,209,31,'Suscipit error suscipit quo sit porro dolore. Cupiditate pariatur aspernatur quos magnam deserunt ipsam rerum. Velit sunt in expedita culpa. Asperiores qui eius nihil sit numquam nesciunt.',0,'1987-01-16 10:43:21','1971-03-14 12:03:42'),(203,168,211,'In perspiciatis id rerum rerum id cum qui. Impedit eum est aliquid velit. Magni voluptatem voluptate aperiam in distinctio rem quisquam.',0,'1975-10-27 12:16:09','2021-02-26 12:49:50'),(204,188,136,'Eos est commodi repellendus dolores quaerat est. Laudantium vel magni nihil nisi velit enim est. Modi modi tenetur labore dolore velit.',0,'1993-04-24 14:59:03','1984-09-16 20:23:37'),(205,298,200,'Animi reiciendis accusamus corrupti dolores. Quia vero quis ut fuga. Cum vitae minus quod.',1,'1985-08-23 02:55:44','1990-05-30 08:08:32'),(206,220,290,'Fugit quo dignissimos adipisci. Et amet omnis inventore omnis.',1,'2008-03-04 22:21:19','1997-09-28 12:45:33'),(207,269,290,'Vitae molestias iure et nam dolorum. Qui delectus sit sint molestiae. Tempora harum recusandae porro voluptate omnis. Vel enim voluptatibus itaque molestiae. Laborum tenetur eum tenetur quae unde.',1,'2012-06-25 13:21:08','1972-01-05 14:19:00'),(208,50,211,'Odit temporibus aut harum error sint corporis non. Maiores quo et dolorem rem. Expedita qui neque unde aperiam voluptatibus voluptatibus placeat dolorem. Saepe sunt maxime laudantium officiis officia consectetur velit. Qui nemo vitae ab ut voluptatum iure commodi.',1,'1974-07-20 14:30:00','2009-09-07 10:40:33'),(209,207,296,'Hic in aspernatur eum deleniti dignissimos rem eum. Eaque repellendus et quo. Dignissimos ratione sunt adipisci corporis nihil. Nostrum illo id explicabo commodi.',1,'2002-12-02 20:54:57','2008-12-23 19:30:29'),(210,152,63,'A deleniti omnis dolores esse molestiae. Tenetur voluptatem eum sit eos sequi voluptate sit. Odit illo ipsum doloribus. Culpa quo nesciunt ut enim ad.',0,'1974-02-23 08:36:42','1983-01-29 11:15:45'),(211,200,260,'Voluptas laboriosam fugit ipsam odio amet adipisci voluptas. Rerum pariatur delectus ratione cumque. Corporis quis doloribus cupiditate eum quaerat consequatur. Est error ut iusto sapiente. Dolor quibusdam quos distinctio.',0,'1979-03-19 16:34:38','2017-01-11 07:25:06'),(212,31,58,'Numquam magnam nisi aperiam commodi vero omnis sit. Explicabo vitae ea esse et eum. Voluptas illo pariatur totam odio sequi et molestiae.',1,'2016-04-18 12:31:10','2006-10-26 18:20:42'),(213,124,86,'Voluptatum quo eligendi ut omnis adipisci maiores. In quos dolores voluptatem voluptatem qui iusto consequuntur. Qui fugiat aut dolorum rem. Sed dolorem facilis quia est nihil consequatur qui ipsum.',0,'1997-02-25 08:58:00','2009-11-13 04:29:24'),(214,118,269,'A officia eum voluptate asperiores nihil. Libero aperiam delectus temporibus vel. Rerum necessitatibus itaque est cum voluptatem accusantium.',0,'1987-12-11 09:43:25','2014-06-24 01:18:06'),(215,76,270,'Quam tempore molestias dolorem aut. Repellendus eius ad accusantium nobis nostrum. Aut et facere corporis dignissimos. Aut eum amet illum voluptatem molestias vel non.',0,'2020-10-29 19:20:50','1991-03-21 19:33:21'),(216,54,290,'Sit ea sit nobis perspiciatis. Unde est adipisci distinctio in explicabo quaerat quas. Voluptas et incidunt earum et. Illo eius vero numquam ullam dolorum et mollitia.',0,'2005-06-09 12:20:30','2001-01-31 18:52:43'),(217,37,262,'Architecto ullam optio et incidunt non doloribus. Aperiam nostrum eligendi id praesentium totam quia nostrum. Asperiores cupiditate voluptatem iure quis magni.',0,'1993-02-17 21:01:47','1986-12-04 18:15:31'),(218,21,205,'Molestiae explicabo et dolorem ab voluptates. Pariatur autem similique est sit vel. Quia ratione et quibusdam error autem est. Blanditiis dignissimos earum numquam nam dolor. Possimus error nulla commodi delectus est et in est.',1,'1978-12-31 06:20:28','1983-12-11 20:18:50'),(219,172,208,'Maiores nisi esse est. Omnis deserunt culpa est et. Necessitatibus repellat nobis labore sint.',0,'2020-10-06 03:12:09','1995-03-09 00:39:39'),(220,41,170,'In consectetur ad asperiores dignissimos in et voluptas. Et repellat recusandae autem vitae est et nesciunt. Tenetur eum nobis veniam ipsam rerum debitis a. Enim eius omnis pariatur aut et dignissimos.',0,'1970-06-11 23:15:25','1997-07-01 10:26:31'),(221,107,260,'Placeat aspernatur delectus asperiores amet recusandae unde accusantium ad. Nemo magni et magnam sed. Non quibusdam doloribus consequatur voluptatem. Cumque atque fuga est et aspernatur velit totam.',0,'2012-08-27 08:33:58','1988-01-15 10:30:39'),(222,159,76,'In dolor alias adipisci laborum consequatur aut laborum ipsum. Et voluptatem vel eius eligendi harum omnis. Ad voluptas quis autem quibusdam accusantium assumenda corrupti in. Ullam dolorum ab id nihil exercitationem dolorum.',1,'1984-05-03 20:08:57','2009-08-17 03:02:06'),(223,249,209,'Aperiam necessitatibus quia accusamus id fuga ipsam. Aperiam maxime et in voluptatum in.',1,'1973-08-20 10:18:14','2010-03-03 19:11:09'),(224,287,156,'Porro et quas nesciunt. Sunt eos placeat qui aut. Magnam odio nulla facere et. Sunt quo aliquam sunt rerum molestiae quia quisquam.',1,'1992-08-14 16:34:11','1972-09-11 11:13:20'),(225,204,139,'Dolorem magni animi ipsum repellendus. Quod asperiores est harum voluptatem aut. Perspiciatis libero alias quis laudantium molestias maiores voluptatum. Autem nesciunt quisquam sunt accusantium at.',1,'2010-11-27 13:41:49','1973-06-12 11:12:28'),(226,218,103,'Recusandae voluptatibus est repellendus. Aliquam eum et aspernatur consequuntur modi explicabo autem. Quos sit voluptas numquam nesciunt.',1,'1985-04-01 06:57:08','1994-02-25 20:16:01'),(227,98,249,'Rem nemo velit sint a et et perferendis. Rerum quo excepturi cumque. Ea est debitis labore a sunt quidem animi.',0,'1978-12-24 19:13:12','1978-08-12 11:24:13'),(228,161,222,'Eum ut unde deserunt cum ex incidunt magnam. Modi atque modi quos ab ea voluptatem. Odit suscipit sequi tempore ea. Totam qui a doloremque harum.',1,'2015-06-13 23:28:42','2009-12-31 06:35:20'),(229,35,279,'Deserunt inventore perferendis explicabo. Consequatur nulla ut libero tempora voluptas debitis nulla. Ab sit vero non placeat sit ut aspernatur. Accusantium qui doloremque eveniet aspernatur et debitis ratione.',1,'1983-06-18 19:20:07','1985-07-20 23:06:24'),(230,190,110,'Soluta et minus aperiam qui cupiditate. Eum quis sint ipsum ducimus. Molestias rerum aliquam placeat nostrum et. Totam et ab commodi ducimus eveniet. Dignissimos animi delectus velit dolorum.',1,'2017-03-13 23:30:28','2009-10-02 17:39:53'),(231,248,244,'Adipisci non magni minima non officia qui. Esse est recusandae dolor vero illum qui. Beatae tempora ullam quo et quas ut.',0,'2013-12-31 17:04:07','2016-03-21 22:06:39'),(232,99,284,'Qui in quos quo assumenda sed facilis et qui. Iure facilis sed quia est veniam eum nisi. Numquam rem ea nulla eos. Odit illo laborum dolores numquam. Voluptatem quis sit qui velit iste eius.',0,'1994-06-30 11:44:49','2006-04-01 04:59:35'),(233,205,119,'Enim qui perferendis id officia. Id est qui enim quod odio sit. Corporis est nemo quisquam sed. Voluptatibus qui inventore et voluptatem aut atque.',0,'1988-01-13 02:53:07','2003-12-30 01:47:38'),(234,189,77,'Et illum id commodi et quae id quam atque. Tempore voluptatibus illo non et aut consequatur. Dolorem odio doloribus consectetur velit saepe.',0,'1983-08-05 01:49:32','2002-04-07 03:19:50'),(235,27,229,'Qui illum illum ut. Non qui quis recusandae quibusdam. Aperiam pariatur nihil placeat aliquid quas soluta minus.',1,'1984-12-14 02:56:17','2001-05-06 00:49:08'),(236,246,134,'Nemo est sapiente beatae delectus rerum sunt tenetur. Aliquam quis veritatis optio et est et. Et aperiam excepturi inventore accusamus.',1,'1991-06-05 13:56:26','1999-01-17 05:26:45'),(237,188,105,'Et impedit sit quos impedit delectus culpa. Qui ipsa ipsum voluptatem. Laborum cumque labore enim voluptate. Nostrum earum ducimus et quo voluptatem.',0,'2005-07-13 01:00:09','1999-09-26 16:28:39'),(238,209,137,'Ducimus consequuntur sunt vero. Voluptatibus dolorem enim ut voluptatem aperiam sed assumenda. Sequi praesentium sed et cupiditate perspiciatis fugit vel.',0,'1991-09-30 14:19:58','1979-06-18 11:58:09'),(239,13,195,'Exercitationem voluptatibus quibusdam vitae unde harum autem nam necessitatibus. Odio minima tempore dolor quia incidunt at. Velit molestiae expedita delectus qui aliquid rem temporibus. Culpa eveniet officiis sunt maiores ex voluptatibus dolores.',0,'2018-05-31 12:04:59','2002-10-21 04:27:00'),(240,292,217,'Expedita tempore natus magnam in. Et consequuntur id et molestias eos. Vitae eos delectus aut odit.',0,'2018-12-02 06:21:55','1970-07-12 19:19:39'),(241,34,210,'Est eos consequatur est libero. Architecto totam animi perferendis quasi consequatur quia occaecati. Quidem rerum libero voluptatem corrupti. Magnam occaecati et cupiditate est vitae quod. Sed ipsam quis unde non.',0,'1970-11-15 21:57:05','1993-06-14 10:47:37'),(242,20,131,'Perferendis eos molestias rerum quo. Cumque error nesciunt enim magnam est necessitatibus. Odit ad expedita dolore. Enim magni ad quod eos maxime.',0,'1983-08-16 06:51:43','2004-12-07 23:23:07'),(243,159,180,'Beatae sit ipsam ut et odit quia sunt. Et labore quidem incidunt molestias alias cupiditate. Dolorem repellendus aut et.',1,'1973-08-08 08:32:06','1989-09-18 16:36:18'),(244,52,193,'Esse sunt molestias autem voluptatem quis. Ut doloremque ut et qui dolores inventore et. Exercitationem vero sit amet velit porro qui repellendus.',1,'1977-11-26 00:20:50','1996-09-11 02:46:39'),(245,158,242,'Assumenda eum dolores architecto eos quo. Qui autem rerum qui asperiores deleniti sunt temporibus. Consequatur incidunt explicabo et aliquam omnis eos omnis voluptas.',1,'1984-03-14 04:29:04','1996-01-09 00:16:54'),(246,2,106,'Consequuntur inventore qui dolores itaque quia omnis. Nam ipsum aspernatur repellat enim. Ipsam et soluta nemo et saepe.',1,'1994-02-21 11:54:32','1983-11-28 13:39:16'),(247,185,101,'Accusamus nam qui non error quos qui. Repellat quia ut sapiente delectus. Ut illo consequatur deserunt sit cum. Totam in iusto veniam dolores.',1,'1979-10-15 07:28:07','1986-09-08 21:46:56'),(248,89,90,'Tempora est nobis est quod provident velit alias. Amet explicabo quae ipsum sed architecto. Sit aperiam quasi aspernatur ducimus consequatur. Praesentium itaque iusto nemo perferendis. Optio unde autem ab dolore sapiente earum.',0,'1991-08-17 07:48:56','2000-03-04 07:06:54'),(249,220,278,'Sit et sit delectus voluptatum. Illum nobis mollitia repellendus molestiae rerum.',1,'1993-04-28 02:48:27','1975-10-08 21:09:06'),(250,166,246,'Dignissimos ea qui et excepturi sint quisquam. Sit reiciendis ipsum quaerat iure voluptatum eum est. Assumenda est necessitatibus pariatur amet. Molestiae suscipit dolores enim nihil accusamus officia quos.',0,'1997-11-15 19:13:11','2011-06-24 16:51:08'),(251,206,111,'Blanditiis iste amet ipsa ipsam eum. Vitae quia animi est praesentium nihil omnis. Atque est est non possimus.',0,'2020-02-15 21:40:16','1976-07-08 04:11:12'),(252,79,94,'Tempora ut est rerum neque et doloremque. Dolores iste quos modi nobis numquam. Aut dolorem neque est minima corporis est.',0,'1973-08-24 04:42:06','1984-10-05 23:14:37'),(253,215,288,'Ratione perferendis explicabo enim fugit doloremque in praesentium. Non itaque rerum odit et. Maxime quo eum quia nemo nihil sint. Soluta quo unde et non consequuntur ut quas. Ullam exercitationem reprehenderit suscipit omnis qui dolorum eveniet.',1,'1983-03-24 00:09:15','1996-02-11 16:38:26'),(254,230,228,'Et iusto et repellendus in. Ducimus sed quae omnis voluptas vel eos est. Magnam ut suscipit blanditiis. Est distinctio possimus rerum voluptas quia cum.',1,'2019-12-16 06:08:23','1980-01-17 09:49:41'),(255,183,222,'A quasi ut non. Nam debitis tempore veritatis maiores eos rem quae. Eum maiores saepe laudantium doloremque.',0,'1981-07-22 08:08:26','2015-10-22 09:43:51'),(256,144,216,'Blanditiis et a optio iste fuga qui dolorem. Voluptatem eos corrupti et ea saepe distinctio tenetur. Et adipisci dolorem voluptatum ut nulla autem.',0,'1975-12-31 04:57:24','1976-01-30 07:15:17'),(257,132,163,'Accusantium nemo voluptatum aut ex. Ut neque minus veritatis at quis. Saepe assumenda vel quis qui aut. Id non ut eius est aspernatur consequatur et.',1,'1999-04-15 17:35:34','1991-08-26 23:26:57'),(258,46,290,'Maxime in consequatur similique maiores fuga quasi. Enim perferendis reiciendis odit sit iusto magnam molestiae. Explicabo repellat ut voluptas est quis quia. Nobis voluptatem dolorum est recusandae est qui.',1,'2015-12-09 21:09:17','1979-10-04 09:34:55'),(259,43,97,'Maxime nihil autem perspiciatis dolore. Quo et consequatur quis sit ut. Similique harum illo pariatur qui in ut.',1,'1974-03-12 08:34:03','2019-08-29 20:00:11'),(260,183,201,'Temporibus et assumenda officia qui illum. Dolor tempore necessitatibus nisi sunt et similique iste. Perferendis dolorem quos ut delectus unde.',1,'1980-11-24 03:39:27','2016-10-03 17:19:13'),(261,39,185,'Dolores et quo aliquid commodi quo laudantium velit. Omnis eveniet quasi at delectus unde voluptatum.',1,'1989-06-05 03:33:07','2015-12-10 09:56:28'),(262,6,223,'Nostrum nobis et aspernatur similique voluptas. Neque ad odio ab numquam sit. Voluptatem eos voluptas autem beatae enim. Aut nostrum consequatur ut voluptatum sed autem qui voluptatum. Ea provident iusto nobis fugit nobis et.',0,'1986-12-22 17:39:20','1979-06-27 18:52:33'),(263,285,95,'Commodi maiores excepturi laudantium sit. Nam quidem aut quam et. Deleniti necessitatibus vitae dolorem.',0,'1994-01-08 17:10:43','1992-11-07 10:04:38'),(264,13,204,'Qui repellat reiciendis eum ducimus exercitationem velit eius. Rerum aliquam est est vel ea et. Possimus ut quia reiciendis alias. Laboriosam magnam ea velit voluptas vel aperiam voluptate.',1,'2002-02-16 02:04:06','1974-12-19 21:13:05'),(265,72,178,'Dolorum possimus nihil sapiente et commodi facilis debitis cumque. Debitis totam dicta rerum eveniet atque sit architecto. Est id consequatur et quis harum. Voluptatem fugiat placeat placeat dolore facilis numquam eum.',0,'1998-08-05 12:34:42','1971-06-11 00:56:31'),(266,150,277,'Est error commodi eum nam. Et enim quis harum hic adipisci enim numquam.',1,'2001-04-07 21:05:45','1988-08-04 19:03:28'),(267,289,228,'Voluptate omnis totam alias. Dolore qui voluptatum ratione soluta adipisci. Ut architecto aut labore et.',0,'1978-10-07 21:20:47','1974-12-20 16:52:06'),(268,71,204,'Hic a eligendi exercitationem magnam minima. Tempore excepturi voluptatem odio et. Quidem repellendus cum facere porro. Aut neque est sunt neque magni.',1,'1970-12-28 22:30:08','2007-04-26 16:08:11'),(269,216,300,'Et debitis distinctio natus aut vitae incidunt. Consectetur quia non ut doloribus ut rem omnis. Soluta aliquam sed architecto nostrum nobis a. Dicta reprehenderit rerum consequatur officia assumenda.',0,'2000-07-22 12:44:46','2012-11-12 20:58:13'),(270,131,98,'Sunt nesciunt nostrum et vel quia aut architecto veniam. Quisquam quia sapiente iure reprehenderit aut et nam. Qui voluptate vero sed omnis amet ut omnis. Id quia odit perferendis qui voluptas autem.',1,'2006-11-30 12:04:23','2010-05-26 09:42:39'),(271,222,274,'Voluptatibus sit sint iure dolore quidem. Ipsam facere aut et consequuntur velit quos harum esse. Aperiam porro ipsa et maxime quas odio dolor. Non fugiat sit totam.',0,'1982-01-08 06:25:53','1992-07-01 03:26:19'),(272,13,53,'Autem voluptatum est beatae voluptatem aperiam eius numquam. Architecto amet et omnis totam nihil dolor nesciunt. Officia veniam sed aut et et est. Neque omnis id recusandae. Dolorum ducimus fugit dicta et sequi eum.',0,'2019-04-24 18:00:49','1979-02-07 20:19:03'),(273,137,59,'Qui et rerum nihil delectus. Modi perspiciatis voluptatem sunt aut. Vel neque vel deleniti ducimus eligendi facilis et.',0,'2006-10-02 22:27:22','2006-08-09 13:32:26'),(274,43,179,'Rerum pariatur corporis eos. Ad ducimus autem ipsa voluptatem soluta. Velit dolore porro accusamus eos velit quis. Placeat omnis laborum quis.',1,'1982-06-18 22:21:09','1996-04-05 06:12:02'),(275,155,226,'Numquam cum rerum dolores quas est minima. Qui doloribus quod atque qui molestias.',1,'1994-01-01 10:22:45','1975-04-12 02:56:14'),(276,80,194,'Molestiae sapiente voluptas cumque est at et ad aut. Aspernatur id consectetur quis non. Et iste quos eum sunt eum quia. Deleniti ipsam officiis voluptate ea autem dolores. Veritatis enim architecto numquam et repellendus.',0,'2009-12-10 18:01:49','1976-03-02 08:12:16'),(277,110,85,'Delectus non vel rerum quasi. Facilis quis velit molestias sit. Et earum minima voluptas pariatur id. Possimus sit quam ducimus.',1,'2008-08-30 05:13:02','1986-07-09 18:55:58'),(278,117,94,'Expedita ullam laboriosam quidem corrupti. Reiciendis architecto qui magni cum. Facilis et sunt ex laboriosam est et voluptatem.',1,'1975-12-24 01:14:16','2014-03-16 23:20:03'),(279,179,129,'Non nesciunt et inventore corrupti dolor. Provident tempore quia ex odio maiores quaerat. Consectetur assumenda asperiores quia hic eum sapiente.',1,'2008-05-09 05:14:40','1973-07-02 19:11:14'),(280,298,251,'Sunt ut sapiente distinctio. Doloribus magnam odio dolor saepe dolorem natus voluptatem corrupti. Sequi eveniet laborum architecto mollitia sit. Similique quia velit laborum dolores laboriosam architecto.',0,'2020-01-21 06:28:43','1984-09-08 19:27:35'),(281,6,147,'Sit nostrum omnis praesentium molestiae iste velit. Qui velit alias ad error voluptates. Incidunt ad blanditiis accusamus fugit.',0,'1974-10-02 03:52:25','2017-07-19 16:45:44'),(282,227,294,'Qui velit ab minima esse. Officiis labore harum aperiam quis ut eos. Omnis corporis veritatis voluptas sunt commodi fuga. Ea eveniet iusto ab omnis et sunt vero.',1,'1988-04-06 11:55:42','1992-02-03 13:47:41'),(283,75,297,'Et quia vel voluptatem exercitationem reiciendis molestiae et. Totam animi eligendi non dolores rerum quo. Consectetur voluptate quisquam sed aut quis dolor a. Quisquam qui reprehenderit eos in qui dolorem.',1,'1989-01-03 12:33:50','2020-07-07 01:39:00'),(284,197,290,'Aut iste sit excepturi. Officia sed eligendi tempore. Inventore voluptas dolores dolorem ducimus quo sed eligendi occaecati. Consequatur odio voluptates eius temporibus et suscipit magnam.',1,'1976-12-05 19:22:26','2010-11-03 18:00:05'),(285,297,28,'Laudantium qui incidunt earum atque temporibus blanditiis. Cupiditate id est veritatis autem eius sit.',1,'2018-10-02 21:35:01','2003-05-24 11:30:59'),(286,88,218,'Sint numquam mollitia omnis ducimus quia. Culpa dignissimos est repellendus cum. Rerum temporibus eveniet quae dolores laudantium.',1,'1987-02-16 16:31:37','1985-01-29 03:39:44'),(287,1,100,'Sed occaecati aliquam officiis iste numquam. Veniam doloremque temporibus et officiis. Consequatur repudiandae rem magni. Autem doloremque quidem et.',0,'1994-11-24 00:17:52','1992-11-01 23:06:56'),(288,271,138,'Eligendi in repudiandae et quisquam. In temporibus mollitia mollitia ipsam tempore sit. Esse quia sunt dolor nisi debitis quae.',0,'2015-02-23 23:19:44','1983-03-28 06:42:28'),(289,158,14,'Et at voluptate aut dignissimos eius quaerat aut. Asperiores animi occaecati eius explicabo pariatur est provident. Iusto cum sit perferendis. Sit in illum accusantium saepe eos est deleniti earum. Hic sint omnis cum consequatur ea.',0,'1999-08-08 23:28:10','1986-09-28 19:17:38'),(290,16,13,'Nemo aut minima blanditiis ut eos voluptatem vel. Sit perspiciatis porro perspiciatis aliquid sint fugit hic commodi. Temporibus ullam pariatur rerum enim qui omnis. Est deserunt fugiat atque. Sunt aut et magni rerum.',0,'1991-08-26 04:28:42','1976-03-24 16:35:58'),(291,239,96,'Ipsam iure ab cumque sit quaerat magni aspernatur. Labore est sed nobis ut ex rem quas. Eum sequi laboriosam corrupti accusantium. Ea ipsam similique atque et pariatur sint a explicabo.',0,'2015-06-12 11:08:23','1994-11-14 01:17:08'),(292,207,48,'Et illum possimus occaecati quasi quod ab. Non dolores facilis saepe illum non et hic. Maxime inventore ut sint ut laborum. Est reiciendis quas dignissimos sint velit.',0,'2003-05-27 09:23:32','1978-07-30 16:27:22'),(293,180,23,'Repudiandae aut eius fugiat id reprehenderit aut. Ullam velit modi et eveniet saepe. Omnis eligendi voluptas harum quidem natus enim voluptas. Voluptatibus doloremque autem aut voluptas neque.',1,'2017-02-08 18:04:41','1970-05-30 08:55:56'),(294,142,59,'Incidunt in consequatur non perferendis officiis eveniet. Quibusdam fugiat repudiandae aliquid qui natus et voluptatum enim. Sed sequi quidem non consequuntur. Et enim enim non ab magnam.',0,'2002-08-24 03:50:29','1971-01-15 18:44:37'),(295,151,140,'Molestiae reprehenderit ut amet in quasi quisquam aut. Vero quia eaque et totam. Fugiat dolor eveniet atque ratione nulla quae. Sequi iusto aut sed et nihil molestiae rerum non.',0,'2014-02-10 08:44:23','1993-09-25 06:42:17'),(296,9,157,'Hic ut necessitatibus doloribus quaerat. Consequatur recusandae earum omnis. Explicabo delectus architecto nam ut nobis dolorum. Consequatur harum dignissimos et laborum totam officiis temporibus.',1,'1989-01-15 01:15:39','1983-12-04 15:21:30'),(297,287,236,'Et et laboriosam quas debitis sint. Fugiat magnam id itaque asperiores error. Cum aliquam error voluptatibus maxime. Vel earum error eaque nihil architecto adipisci.',0,'2008-06-27 13:42:28','2016-11-26 04:39:26'),(298,151,61,'Cum voluptatem deleniti et quia. Id et fugit aut corrupti assumenda sit consequatur harum. Perferendis sint ex odit facilis et est. Nihil consectetur impedit et assumenda fugit.',0,'2010-09-16 23:00:41','2002-07-16 15:24:03'),(299,233,48,'Ipsam quis saepe eos quidem adipisci facere dolores. Vel hic sequi quibusdam dolores sed ut. Harum rerum accusantium ullam nemo sunt. Eaque molestiae est quis sunt quia.',1,'1970-12-08 14:10:38','1993-07-26 22:01:28'),(300,51,229,'Optio quo minus enim aliquid odio aut dolorem. Nulla porro omnis architecto.',0,'2008-08-06 07:01:56','1999-11-04 21:01:32'),(301,75,138,'Quae impedit nam dolor et. In consequuntur dolor maxime iusto autem quia. Repellat quos quas asperiores vel ipsum. Sit ea aut repudiandae commodi et sint aut.',0,'1981-08-16 09:43:16','1979-05-24 03:01:23'),(302,147,76,'Necessitatibus ducimus minus aut voluptas minus aliquid nemo. Atque corporis aliquam eos temporibus doloribus. Ut voluptatem qui perferendis totam aperiam ut sit.',0,'1971-07-27 19:48:05','1976-09-23 19:49:21'),(303,238,118,'Dolor eos repellendus ut. Et eius asperiores temporibus maiores et illum laboriosam. Quia voluptates quibusdam et tempore quia. Soluta non quo cumque.',0,'1991-09-24 10:17:39','2005-12-25 05:54:53'),(304,213,95,'Molestiae nesciunt omnis corporis saepe illo voluptatem reprehenderit. Modi ipsam rerum ipsum enim quia quas. In officia dolorem eligendi.',0,'1972-03-03 17:40:07','2002-10-23 23:31:51'),(305,131,229,'Iste sunt dicta quam odio quisquam. Ut repudiandae pariatur nobis ab. Ut eveniet eius saepe autem et aliquid pariatur laudantium.',1,'1995-03-12 08:56:13','1985-03-09 04:45:46'),(306,108,69,'Soluta inventore rerum commodi. Eligendi velit quaerat aut. Modi nihil molestias culpa ullam nesciunt minima. Nihil aut debitis repellendus reiciendis.',0,'1983-11-14 07:52:26','2019-08-07 00:01:46'),(307,24,14,'Dolor vel aliquid in. Cupiditate in nemo magnam unde tempore et quia.',0,'1986-06-29 16:06:08','2011-08-20 09:06:04'),(308,117,204,'Molestiae perferendis hic sit ex quia id. Rerum ratione eos soluta quibusdam dolorem aut. Saepe consequatur quia iusto itaque ut.',0,'1996-03-08 16:06:18','1976-09-10 02:06:53'),(309,37,259,'Ab quia neque delectus et unde tenetur. Ut ut quae rem et ut. Explicabo illo et cupiditate est corporis dolorum et.',0,'1975-12-08 17:03:14','1998-12-21 15:38:36'),(310,262,187,'Quia qui sint debitis ratione sint. Voluptate eum ullam officiis necessitatibus consequatur sequi. Voluptas ab distinctio voluptates sunt dolorum voluptatem nulla. Incidunt iste in rerum omnis aspernatur et temporibus. Quam temporibus praesentium odit alias modi magni quos.',0,'1985-01-16 16:30:03','2007-11-13 14:32:00'),(311,98,271,'Aut ut et beatae in qui. Dolor perspiciatis quaerat inventore perferendis consequatur provident. Dolorem qui facilis blanditiis laborum. Nostrum quam in voluptatem beatae sunt.',1,'1977-08-06 23:24:33','2013-12-14 02:13:12'),(312,44,84,'Adipisci labore eius et omnis aperiam dolorem sit. Nihil aliquid quidem suscipit rerum hic aspernatur minus doloribus. Recusandae repellat eos odio rem. Consequatur architecto quisquam iste nihil.',1,'1994-02-02 10:20:12','2016-03-21 16:49:27'),(313,206,194,'Accusamus voluptas in doloremque quo earum voluptatem. Quia adipisci nam autem recusandae voluptatem et eum et. Odit voluptatem tempore libero qui quo quibusdam qui. Error amet iure aut.',1,'1999-03-07 15:28:42','2003-06-07 11:58:20'),(314,145,138,'Eum molestias nobis perspiciatis sint hic sed ducimus quasi. Assumenda sed incidunt rem aut eum voluptates. Ex cumque facilis omnis aut placeat neque ea beatae. Dicta tempora et sunt quam rerum mollitia accusantium.',1,'1995-08-21 14:11:41','1981-03-08 00:55:40'),(315,241,196,'Ut et porro eius. Est dolor explicabo eos voluptatem id. Et ullam eius quo. Harum nihil totam quos autem perspiciatis repellat excepturi. Odio mollitia incidunt quos deleniti molestias ut voluptas.',1,'1995-12-07 05:02:31','1986-05-24 16:42:54'),(316,67,16,'Recusandae totam aut dicta et quia. Possimus ratione aperiam consequatur et consequatur aspernatur quia. Eum aut quae eum tempore est et ut.',0,'1970-05-16 05:36:59','2013-12-29 10:48:46'),(317,33,213,'Pariatur nihil molestias et ab. Dolorem sint ut aut consequatur modi quis alias dignissimos. Ipsam fuga consequatur nihil ad sit. Totam aliquam omnis repudiandae exercitationem.',1,'1989-05-07 13:21:40','1972-07-13 15:47:57'),(318,91,271,'Quam repudiandae qui tenetur maxime libero aliquid assumenda. Modi ut et excepturi nisi et iste exercitationem. Dolorem quod autem iste sunt modi aliquid voluptatem. Nam aut quia et aspernatur aut.',1,'1998-06-19 04:04:03','2012-03-13 22:56:19'),(319,30,4,'Voluptas perspiciatis quos cum quidem. Molestias et repudiandae atque. Ut natus eius voluptatem quia voluptas.',0,'1994-03-19 17:10:45','2002-05-13 03:44:59'),(320,66,161,'Voluptatibus eaque eum labore aut officia vero sed. Dolorem tempore adipisci ea ex aut iste et quis. Voluptatem non et iste quis aperiam vero. Culpa aut corrupti sint sit est debitis.',0,'2012-05-03 05:28:38','1991-10-28 07:24:34'),(321,232,173,'Veniam nulla aut deleniti rerum velit est enim. Labore ab fugit perspiciatis dolor. Culpa quis quisquam dolorem libero nulla ipsa reiciendis eveniet. Dignissimos cum est tempora aut nesciunt voluptas.',1,'1986-06-23 01:39:16','1989-06-17 03:09:39'),(322,230,256,'Nesciunt voluptatum eaque ratione facilis nostrum dignissimos sapiente perspiciatis. Saepe ipsa consequuntur voluptas hic. Ad enim quia inventore ea aut. Possimus officia adipisci sequi rerum doloremque qui voluptatem. Ipsum tenetur optio enim odio dolorem earum.',0,'1998-10-13 15:46:05','1978-06-23 18:46:56'),(323,187,46,'Voluptatem aut eum quos earum mollitia est. Dolorem quisquam id cumque inventore. Sed earum laboriosam nobis error quis esse. Sed architecto rerum ut qui ab. Veritatis libero voluptate eveniet aperiam neque molestias eius autem.',1,'2011-11-23 20:30:12','2005-03-02 09:06:01'),(324,159,223,'Velit molestiae doloribus eos et et. Assumenda aut quas consequatur consequatur deleniti atque doloremque cum. Voluptas rem dolores pariatur qui praesentium.',0,'1986-09-02 03:10:41','2013-11-12 01:09:33'),(325,4,121,'Suscipit porro qui nisi ullam aut rerum. Ratione quia in dolor quod doloremque voluptatum. Cum quia et voluptatum alias et aut rerum laborum. Animi deleniti rerum est minus adipisci laboriosam.',1,'1971-09-26 22:10:44','2010-02-25 06:59:48'),(326,110,102,'Cum laboriosam et repellendus. Sapiente magni autem et quidem explicabo ab. Porro qui tempore tenetur harum et illum rem est. Libero occaecati non qui aut et. Et rem iste ratione.',0,'1984-03-28 01:19:20','1990-02-01 17:18:19'),(327,91,153,'Suscipit reiciendis consectetur ullam consequatur. Ut ab voluptas consequatur quod provident. Deleniti odio consectetur suscipit saepe. Et dolorem doloribus modi molestias et debitis.',1,'2004-11-14 12:02:58','2004-05-31 19:44:53'),(328,185,297,'Aperiam qui quis distinctio. Commodi molestiae eos voluptatem. Rerum architecto ipsum eaque pariatur dolorem esse est. Repellat quia pariatur suscipit deleniti qui.',0,'1988-08-12 05:26:12','2015-01-11 17:24:42'),(329,47,29,'Non quaerat perspiciatis voluptates distinctio id est qui. In mollitia voluptatum enim ratione molestiae consequatur. Quo sunt qui sequi.',1,'2018-12-15 14:16:21','1983-09-14 01:01:02'),(330,135,288,'Occaecati quia veritatis quam et cumque occaecati. Suscipit placeat laborum dicta ut ut eius. Non et qui mollitia commodi.',0,'2011-06-03 20:04:03','1974-11-08 09:48:03'),(331,224,201,'Saepe expedita est et aut. Qui totam odio unde recusandae. Possimus assumenda dolor ut error.',0,'2018-05-29 09:53:48','2013-10-19 01:15:14'),(332,3,257,'Maxime dignissimos assumenda at recusandae libero enim eum. Enim explicabo hic ipsam labore dolorem fuga. Illum voluptate perspiciatis aspernatur. Ut magnam ipsum inventore reiciendis tempore.',0,'2007-11-25 15:16:14','2016-07-10 08:24:40'),(333,113,94,'Atque laboriosam error eum est. Mollitia et accusamus sint laborum saepe. Dignissimos officia et nulla eos consequatur sapiente. Assumenda aut voluptatem non vitae voluptas saepe eum.',1,'1985-11-21 05:03:16','1978-09-30 22:47:10'),(334,227,143,'Eius aut autem ut. Similique facilis fugiat vel maxime minus. Odio autem cum dolor laborum quis. Non ab qui quia amet aliquam. Non mollitia laudantium et voluptatem.',0,'2010-01-27 05:51:41','1976-07-19 05:02:20'),(335,97,292,'Et itaque cumque in culpa. Velit eum sit explicabo repellendus. Laboriosam illo rem commodi expedita officiis. Sit voluptates saepe sint eius consequatur officiis.',1,'1985-10-30 21:43:55','1985-02-20 19:01:49'),(336,3,29,'Ut nam magni vel velit saepe. Vel dolorum error commodi fuga dolorem. Pariatur qui nesciunt culpa tempora.',1,'2008-05-27 21:38:51','1999-10-12 11:43:35'),(337,165,232,'Quidem laborum in pariatur sed aut rem dolorum consequuntur. Ut nisi voluptate nisi possimus aspernatur. Veniam et vel qui et qui alias. Est quis est nisi praesentium.',1,'1973-01-06 08:25:17','1979-11-17 08:36:25'),(338,284,52,'Praesentium ut facere quis aut vitae. Voluptatem deleniti inventore voluptates sunt quia.',0,'2011-07-01 19:07:07','1999-10-07 22:13:16'),(339,278,143,'Illum sapiente nobis similique voluptatum alias sunt. Ducimus alias possimus aut. Nesciunt voluptates perferendis enim.',0,'1985-05-12 08:31:32','2011-10-03 05:52:29'),(340,274,282,'Eum cumque soluta eos occaecati ut sit quam. Sint beatae incidunt aut.',0,'2014-12-17 16:23:52','2011-12-05 17:41:44'),(341,264,83,'Omnis doloribus velit ex illum. Provident aut ratione deleniti qui. Quo qui itaque qui.',0,'1978-01-21 03:04:42','1995-09-16 15:21:55'),(342,83,55,'Architecto soluta quibusdam voluptas. Voluptatum eius modi dolores cupiditate dicta mollitia. Accusantium cumque ullam natus est omnis et praesentium inventore. Eveniet aliquid voluptatum dolorum quia voluptates. Doloribus corporis pariatur quia et.',1,'2000-04-12 00:59:49','2008-09-03 23:08:45'),(343,236,267,'Ut odio doloremque exercitationem cum nihil deserunt quis. Provident dolorum velit nobis voluptas. Eos officia omnis sed id excepturi cupiditate. Modi veritatis unde error tempora vel.',1,'1993-11-25 12:34:15','1994-04-27 16:23:14'),(344,51,282,'Cumque accusantium consectetur excepturi vel. Repellendus aut earum molestiae ad sint non. Est et dolores quia nulla ipsam necessitatibus illo.',0,'1999-08-04 11:36:12','2019-08-20 18:40:13'),(345,296,185,'Atque excepturi excepturi voluptates aspernatur voluptatum ullam porro. Consequuntur deleniti est et eos veritatis ipsam ex. Fugiat nesciunt temporibus alias ullam est. Repellendus id sit culpa ut deserunt earum. Voluptatem dolores soluta magnam perferendis omnis rem aut.',0,'1979-04-16 04:18:36','2003-10-03 14:47:05'),(346,270,220,'Nulla recusandae eum ea ut. Odit iste quidem occaecati sed rerum. Quasi nam natus saepe quis. Et ut sunt voluptas.',0,'2015-02-16 07:41:24','1973-01-19 10:33:14'),(347,86,272,'Exercitationem id cumque ab sit sint et. Sequi aut delectus placeat voluptas ut id. Qui molestiae culpa quia consequatur. Perferendis placeat ipsam et accusamus. Aliquam nihil animi tenetur nostrum quas libero.',0,'2001-02-05 18:51:28','2009-11-25 21:20:43'),(348,176,198,'Molestiae quae molestiae laboriosam beatae est corrupti voluptatem voluptates. Nostrum nihil delectus nostrum itaque. Nostrum omnis commodi voluptas ut at. Rerum quia neque architecto quo.',0,'2003-09-01 21:01:27','1984-11-25 20:01:51'),(349,65,103,'Excepturi impedit est impedit ab architecto. Atque ea qui excepturi iure perferendis. Asperiores numquam porro dicta praesentium voluptas. Quas perferendis molestias eum sapiente nam quae labore quia.',1,'1977-07-02 06:37:13','1986-02-15 20:25:38'),(350,41,162,'Est enim veniam quia dolor aut alias aliquam. Ea voluptate ut ad aliquid fugiat harum. At voluptas vel aut et enim ut molestiae.',0,'2017-01-18 16:05:29','1978-09-13 16:37:45'),(351,95,43,'Quidem consequatur qui harum eveniet saepe corrupti iste. Ut est asperiores recusandae repudiandae consequatur et id. Ratione assumenda qui blanditiis ea perspiciatis. Quisquam vero qui cumque commodi.',0,'2005-10-01 04:23:32','1982-03-16 23:10:34'),(352,190,260,'Sit laboriosam minima deserunt hic occaecati. Quam perferendis est harum. Quia ipsam aperiam laboriosam nemo.',1,'2015-10-05 04:44:29','2005-05-13 08:05:51'),(353,275,174,'Corrupti omnis eligendi ullam dolores distinctio cum accusamus. Numquam at quae id voluptatem officiis. Veniam sed et laudantium voluptatem. Culpa quo aut molestiae sed sint quae. Doloribus recusandae repudiandae ut.',1,'1974-09-24 07:34:52','2008-10-15 13:10:01'),(354,11,253,'Quidem ullam saepe commodi sed culpa eaque ut. Ab delectus et at ut non. Alias molestias veritatis numquam quas ad. Et iste maiores facere sed aliquid earum.',1,'2000-12-23 16:37:36','1973-01-10 13:12:04'),(355,17,284,'Dolores aspernatur eaque aliquid rerum. Ipsam deleniti sit repellat omnis sit voluptas. Qui maiores libero enim corporis. Nam rerum provident et voluptatem cum repellat sit. Eos qui et in ullam consectetur.',0,'2004-09-21 02:22:24','1985-08-19 18:17:49'),(356,234,280,'In enim eum fuga est sapiente. Eum numquam corrupti aliquid exercitationem. Similique dicta repellat voluptas quibusdam consequuntur qui eos aliquid.',0,'2014-03-10 05:18:55','2005-02-06 14:22:22'),(357,67,16,'Atque eum distinctio qui quod tempore veniam. Aut est aperiam optio veniam sit pariatur. Mollitia minus fugit quasi eum aut.',1,'1995-11-24 06:30:31','1993-10-30 19:20:19'),(358,34,3,'Nemo rerum voluptatem totam nihil. Officiis mollitia totam ab. Quis molestias sit minima voluptas optio. Consectetur eligendi iusto unde magni. Et quia minima aspernatur hic dolorem delectus aperiam.',1,'1988-03-21 21:49:42','1990-01-15 05:55:04'),(359,282,85,'Et et ut et ad. Eius aliquam ea excepturi nostrum. Asperiores corrupti unde dolorem non ea aut aliquam aut. Iusto occaecati provident atque quis. Tempore odit quos nemo cupiditate aspernatur.',1,'2012-03-17 05:11:42','1988-01-21 12:11:38'),(360,285,278,'Est ullam voluptas blanditiis commodi. Tenetur ut iure quo aperiam enim corrupti aut. Nobis exercitationem quis voluptatum saepe minus ipsam blanditiis consequatur. Magnam expedita maxime quo commodi consequatur quidem voluptatem.',0,'1972-05-13 20:17:33','2008-10-07 09:12:39'),(361,270,254,'Reprehenderit nihil saepe omnis saepe at autem. Ut facere dicta quam non. Sit ut error necessitatibus velit occaecati dicta fugit.',1,'2019-07-05 19:07:52','1972-10-27 02:27:43'),(362,197,55,'Dolorem libero soluta sint doloremque et. Velit quo omnis illo repellendus aut consequatur. Animi deleniti eveniet quas vel. Ut consequatur autem ea velit.',0,'2009-05-23 14:31:27','2013-03-05 04:07:42'),(363,226,73,'Aut aspernatur ea doloribus et. Pariatur et autem odit inventore sequi architecto dolorem. Enim veniam consequatur ex sit expedita delectus assumenda.',0,'2019-03-09 09:13:59','1986-12-28 06:02:58'),(364,253,290,'Et accusamus maiores quia. Ipsum neque voluptatem aliquid. Architecto fugiat esse fugit veniam minus rerum.',1,'1992-10-04 00:25:43','1986-12-04 16:38:18'),(365,175,293,'Eaque natus neque cum ipsam harum ea. Harum est eaque architecto qui. Eius aut hic alias repellat aut. Impedit corrupti consequatur eius a eum sit temporibus.',0,'1977-08-27 16:25:16','2009-06-09 18:17:31'),(366,152,270,'Omnis deleniti recusandae quia in. Ullam minus est enim inventore pariatur dolorem hic quod. Accusantium rerum temporibus sit tempore et. Nesciunt minima molestiae et et doloribus corrupti deleniti.',0,'1995-02-21 10:50:03','1980-03-13 16:38:20'),(367,36,41,'Consectetur voluptatem est illum eveniet sit voluptatem. Nostrum aut quis voluptatem repellat. Velit aut rem tenetur quod quidem quia. Ut amet sint et.',0,'1972-10-23 06:45:06','1972-11-24 16:01:28'),(368,229,11,'Cupiditate voluptatem velit enim impedit autem odio. Maxime aut veniam nesciunt quis ut nostrum eum. Placeat rerum optio nihil placeat velit quas harum.',1,'1979-08-24 14:04:53','2019-01-28 15:09:39'),(369,215,239,'Perferendis officiis quibusdam nihil temporibus. Et molestiae natus odio. Accusantium dolores odit consequatur autem.',0,'2012-10-29 14:17:06','1986-10-20 04:09:36'),(370,263,231,'Laudantium ipsa rem et qui. Et ad quia consequuntur consequatur. Fuga ut quia nemo alias et. Illum sint voluptas ratione enim et eligendi.',0,'1974-02-24 16:27:13','1989-12-11 22:35:13'),(371,223,196,'Assumenda esse aspernatur possimus deleniti. Sunt tempore ullam asperiores. Ad amet et ut dolorum voluptas.',1,'2009-08-03 08:03:12','1980-09-10 21:54:11'),(372,211,290,'Voluptate et nesciunt quam iste eos aut earum optio. Fugit est mollitia ipsa sint itaque ad. Eveniet consequatur atque eum reprehenderit modi praesentium. Fugiat reprehenderit nihil vel est ab nobis.',1,'2012-11-08 15:23:03','2004-11-29 23:51:31'),(373,211,244,'Ex quis expedita voluptatem nostrum quia enim. Aperiam alias ut sit enim. Eaque nobis molestias nostrum quaerat. Et nam iusto ipsam enim hic fuga.',0,'1988-12-03 06:15:36','1981-02-08 20:00:51'),(374,292,193,'Molestias velit blanditiis molestiae cum. Natus sed soluta voluptatum vero cupiditate quis. Voluptatibus numquam iure id fugit reiciendis aut. Velit laboriosam molestiae consequuntur accusamus.',0,'2009-09-30 17:23:30','2018-03-29 20:50:15'),(375,29,277,'Ad enim distinctio aliquam molestias aut. Ducimus soluta harum delectus quasi consectetur. Quisquam recusandae quas ipsum ut atque.',1,'1981-06-05 20:42:17','1972-08-31 13:08:17'),(376,170,299,'Qui tempora quas laboriosam voluptas fugit laborum voluptatem. Quia excepturi pariatur laboriosam.',1,'1980-01-19 04:57:02','1976-12-28 12:17:24'),(377,230,67,'Natus id quia dignissimos est expedita et. Occaecati nihil eaque magni omnis esse. Quam fugit et suscipit nostrum doloribus quo a.',0,'2011-11-27 22:37:58','1970-04-21 19:21:22'),(378,53,156,'Assumenda consequatur ad pariatur. Quia incidunt voluptates sed dolore deserunt praesentium architecto. Molestiae maiores veritatis cumque eaque.',0,'1970-04-15 20:18:18','1978-08-11 04:15:24'),(379,139,6,'Neque et incidunt molestiae recusandae perferendis. Numquam velit numquam sunt autem omnis. Aliquam aut ducimus et aspernatur.',1,'2006-06-06 04:59:17','1981-11-23 02:01:51'),(380,145,14,'Tenetur itaque soluta nisi quia. Vel sint dolor vel nihil. Suscipit architecto quis saepe repellat.',0,'2010-11-11 21:36:10','1980-10-06 03:22:11'),(381,299,297,'Quibusdam accusamus maxime vel quia. Rerum maiores vel veniam nihil fugit. Totam impedit quia dolor officia.',0,'2019-08-08 19:35:17','1975-09-28 10:09:33'),(382,283,34,'Ipsam autem et accusantium nemo excepturi qui quaerat voluptatem. Eligendi ut explicabo neque animi quae. Fuga et unde amet ex.',0,'1999-10-26 04:12:09','1991-09-20 13:48:21'),(383,37,211,'Dolore qui possimus explicabo officia. Consequatur sed eligendi quod voluptas debitis enim.',1,'2012-08-01 14:36:57','2004-05-01 19:55:21'),(384,45,252,'Vel distinctio ipsa ea debitis velit labore omnis. Velit aut quas reiciendis beatae id deserunt. Commodi sed totam non aspernatur commodi quidem. Ad dolorum voluptatem voluptas impedit voluptatem ducimus vitae. Ipsa asperiores nihil qui facilis harum eos praesentium et.',0,'2014-02-08 10:49:44','1988-08-20 20:32:42'),(385,150,8,'Magni vel minima eum. Animi sed nulla et expedita eius facere. Assumenda quas nemo ipsa consequatur sunt maiores. Odit corporis est facere praesentium sapiente. Dolores aut dignissimos ad consequatur.',1,'1988-04-25 09:47:54','1986-01-15 21:31:30'),(386,182,72,'Voluptas ipsam maxime amet est nisi ut. Aut alias repudiandae voluptatem. Odio perspiciatis similique sit recusandae sunt magni. Adipisci autem a ut ea velit beatae error.',0,'2000-02-06 09:57:14','2017-07-07 06:19:23'),(387,203,92,'Est eum ut facilis quod beatae. Aperiam saepe minus porro necessitatibus maiores ducimus illum. Et voluptatem aut asperiores ipsum odio nihil omnis minima. Eos et minima suscipit qui totam.',1,'2013-03-18 00:11:31','1976-02-01 23:35:41'),(388,62,114,'Sed similique cupiditate labore enim. Sit illo eum quo perferendis.',1,'1989-01-31 13:10:33','2020-07-22 11:49:09'),(389,36,54,'Est omnis maiores magni rem sit beatae vel qui. Molestias qui sint aut nihil beatae. Velit nam totam vel saepe quam deserunt fugiat.',0,'2002-11-26 10:45:02','2000-07-05 01:08:17'),(390,7,65,'Enim repellendus molestiae omnis et eligendi. Dolor hic nemo corrupti saepe. Omnis accusamus enim tenetur voluptatem similique.',0,'2021-05-21 20:58:17','2001-12-12 21:16:16'),(391,30,177,'Minima voluptatem ducimus ratione consequatur facere natus. Enim odio recusandae sit.',0,'1977-02-06 10:39:27','1999-07-12 23:18:34'),(392,63,260,'Error reprehenderit veniam aspernatur unde et in. Et quibusdam nulla provident et.',0,'1980-08-22 15:20:27','1978-09-08 21:12:07'),(393,243,116,'Vel atque sed corrupti qui adipisci nemo incidunt id. Eum corporis illo atque quae facere. Ea occaecati facere exercitationem et.',0,'1970-01-01 06:53:05','2010-03-11 04:37:22'),(394,115,81,'Ut culpa suscipit quia voluptatem qui maxime. Ratione optio quia impedit ratione est. Fugiat quos laborum quia.',1,'1983-07-11 02:15:09','1986-06-04 08:42:03'),(395,121,260,'Dolor aspernatur et qui quia expedita repellendus distinctio. Tempora neque aspernatur et earum. Ea sit labore in ducimus consequatur laudantium sit.',1,'1981-10-16 20:39:52','1994-04-08 15:04:04'),(396,94,119,'Veritatis aut tempora ut quia magni neque distinctio. Autem dolorem alias alias est id autem ipsa. Doloribus in unde illum recusandae quisquam cupiditate. Impedit est commodi occaecati sit dolor mollitia dolor.',0,'2000-01-20 03:33:09','2014-03-25 17:18:40'),(397,256,76,'Consequatur a culpa omnis soluta nam ipsa doloribus et. Deleniti assumenda impedit possimus. Vitae ullam debitis consequatur eos ad aut architecto ut. Officia ipsum autem iste aliquam.',0,'2004-06-29 07:06:30','1983-10-10 21:21:03'),(398,153,293,'Explicabo voluptatum et et autem officiis voluptas asperiores autem. At velit consequatur nihil. Porro fugiat voluptatem sunt ut corporis eius et totam.',1,'1994-12-17 06:07:44','1985-04-03 23:17:59'),(399,287,198,'Ut in qui amet temporibus ut aperiam. Qui aliquam placeat ad. Quis culpa ut est eius.',1,'1975-09-22 14:09:43','1988-02-01 20:14:52'),(400,244,137,'Qui doloremque ratione et est quod in cupiditate. Nemo et repellat reiciendis quisquam. Cumque animi eum ab. Doloremque corporis autem aperiam porro illum. Ducimus id architecto voluptatem similique ut.',0,'1977-11-01 10:32:59','2021-04-26 12:43:08'),(401,205,126,'Non rerum labore eveniet aperiam quia minima voluptatum. Qui sed eius assumenda in velit officia necessitatibus. Voluptas dolores velit consequatur recusandae ut consectetur optio. Sed pariatur fugiat nemo ad.',0,'2020-07-24 02:07:02','1983-12-30 19:52:48'),(402,208,107,'Sunt rerum expedita doloremque sunt similique nemo. Ex quod id neque nihil odit. Dolorem ut sed explicabo eos voluptatum aut. Quidem asperiores aliquid enim voluptatum.',0,'2009-07-11 22:20:04','2020-06-26 14:19:05'),(403,218,270,'Quod animi sit quaerat in sit. Ad ratione quia quasi molestias fuga molestiae sapiente. Quo sapiente perferendis rerum laborum vel.',1,'2010-06-19 01:07:46','2020-01-31 17:13:00'),(404,221,254,'Qui modi id alias. Neque ut voluptatibus autem ducimus harum. Repellendus iure minima tempora quasi quia. Debitis adipisci quia sequi et earum autem deleniti.',0,'1976-12-16 05:49:04','1975-03-10 09:13:41'),(405,23,228,'Doloribus est eligendi quibusdam animi. Qui natus non tempore occaecati tempore ullam. Dolorem perferendis necessitatibus qui ut.',0,'1979-01-18 14:05:53','1983-05-21 06:20:56'),(406,18,52,'Quaerat est repellat nostrum numquam amet autem et. Consequuntur asperiores aut impedit officia. Excepturi ut et voluptas consectetur. Rerum facere ullam porro rem.',0,'1986-05-31 16:31:26','2007-02-11 11:18:06'),(407,104,80,'Repellat et a quis iste et. Quia tenetur deleniti modi quia debitis quam voluptatum minus. Delectus a aliquam pariatur illum et. Non eos velit eaque.',1,'1982-09-05 18:23:57','2009-01-28 02:37:33'),(408,12,46,'Ipsum minima voluptas est veniam quod est. Deserunt iste neque et culpa. Facilis hic inventore corrupti esse nihil saepe ut. Dolores veritatis maiores commodi laboriosam minima.',0,'1998-01-08 10:17:01','2019-12-25 19:18:02'),(409,196,126,'Dignissimos doloribus voluptatibus dignissimos dolores distinctio ratione earum. Assumenda aut consequatur expedita in. Tenetur repellat sit doloremque sed est voluptatum.',0,'1974-08-24 20:09:47','1971-08-09 16:27:08'),(410,127,16,'Amet modi et minima est qui. Aperiam velit est in consectetur accusamus architecto. Iusto odio repellendus et dolores possimus sint inventore. Fugit vel doloribus quo dolorum ipsam.',1,'1982-11-17 17:31:35','2006-04-11 02:22:53'),(411,86,220,'Necessitatibus qui in accusantium nam dolorem iure quod. Incidunt sit assumenda eum voluptatem autem. Dolorum qui tempore porro.',1,'1979-06-22 13:12:22','1972-05-05 19:39:38'),(412,135,42,'Et laboriosam qui cupiditate architecto in architecto id illo. Dolor nihil et omnis illo impedit aut odit amet.',1,'1977-01-03 15:56:30','1977-03-24 10:27:11'),(413,296,288,'Quam enim illum ut quis ratione qui dolore. Sed vero voluptatum autem hic quae. Et ea suscipit hic quo quibusdam vel ipsa. Sint repellendus et cum quae.',1,'1987-12-22 10:36:22','2006-06-28 09:04:21'),(414,34,283,'Placeat ex aliquid ex aut id. Deserunt expedita ex fugit enim amet. Velit perferendis repudiandae rerum earum nemo. Reiciendis quia labore est aut. Sint accusamus dignissimos sequi quasi blanditiis sed voluptate.',0,'1975-11-08 09:48:57','1970-03-17 09:01:11'),(415,185,278,'Nulla aliquid voluptas quod minima consequatur. Non et omnis qui at non rerum cupiditate.',0,'2005-04-24 01:43:10','2009-10-07 20:46:19'),(416,119,89,'Repellat provident dolorem pariatur quia voluptatibus fugit veniam pariatur. Ex enim porro neque id. Aperiam ut sed accusamus nihil est consequatur asperiores porro. Voluptatem dolor hic possimus voluptas et eligendi.',0,'1994-09-10 17:34:50','2002-02-18 19:20:03'),(417,104,27,'Deleniti animi quia ipsam dolorem ab omnis dolorem asperiores. Iure magni nulla quia occaecati. Impedit qui odit aut in.',0,'1971-04-17 13:27:09','2000-08-13 07:04:03'),(418,196,21,'Corporis autem vel et quia perspiciatis vitae. Eum fugit enim in excepturi qui sapiente laudantium. Natus ab magni excepturi odit.',1,'2006-09-06 10:59:09','2015-08-05 09:04:30'),(419,296,117,'Hic deleniti impedit facilis quasi assumenda. Voluptatem vel numquam minima reprehenderit doloremque accusantium sunt.',1,'2008-08-11 08:01:00','2015-06-30 15:08:35'),(420,274,19,'Culpa aut similique voluptates at et et. Aliquam iste dicta qui quas. Asperiores vel sit nobis. Corrupti impedit tenetur nemo non a.',1,'2014-09-07 03:39:47','1988-07-10 09:13:02'),(421,44,291,'Consequatur quam illo nobis. Sint nesciunt nam ad aliquid totam.',0,'1972-09-15 06:05:58','1979-03-23 11:49:27'),(422,71,147,'Quia nisi id nesciunt quas. Explicabo enim quod in reiciendis autem. Ad autem est perferendis repellat.',0,'2002-12-18 08:27:30','1980-11-11 09:09:31'),(423,71,82,'Sed architecto consequatur voluptatum ratione. Tenetur quis aspernatur accusantium quia. Sequi velit incidunt dolorem saepe hic.',0,'1973-09-01 00:48:04','1978-07-14 22:16:45'),(424,193,267,'Voluptas id voluptatum excepturi fuga laboriosam ipsam laudantium ipsum. Illo et soluta iste iste qui id est ipsa. Ut sed voluptas et consequatur aut eum. Et nam in quidem perferendis.',1,'2005-05-20 17:44:54','1975-01-07 02:08:27'),(425,208,19,'Doloremque itaque explicabo repellat odio laudantium. Minima enim accusamus odit aut cumque ex. Impedit cupiditate cum dignissimos eum atque debitis et. Ut quia corporis similique quis ea.',0,'1996-01-25 18:30:00','1996-04-25 20:44:59'),(426,283,293,'Nihil fugiat sed vitae quod sit ad ex. Provident enim sunt voluptatum incidunt qui quia. Occaecati culpa laudantium est earum molestiae provident porro.',0,'2015-02-19 07:19:57','2016-01-10 08:57:44'),(427,239,117,'Vero deleniti sapiente reprehenderit qui ex voluptatem. Officiis quia fugit distinctio corporis laboriosam. Nesciunt eos pariatur dolor. Ipsam animi nihil consequatur repellendus nesciunt.',1,'2005-10-27 15:51:48','1970-11-15 07:25:59'),(428,35,235,'Natus et sed totam repudiandae veritatis sit. Aliquam quae in iste et minima. Quia aliquid vel itaque quasi et vitae.',1,'1992-08-08 04:50:08','1987-04-25 14:27:32'),(429,104,68,'Accusamus enim cum consectetur. Inventore natus cumque rerum tempora animi. Nulla qui hic sed.',1,'2011-05-01 15:22:51','1993-11-06 02:53:06'),(430,218,289,'Ratione nihil provident quasi voluptatem dicta aspernatur molestias excepturi. Quia ad itaque excepturi enim. Sit dicta velit et et consectetur similique.',1,'1992-03-20 09:02:24','2017-07-27 17:52:50'),(431,46,36,'Aut odit impedit perspiciatis necessitatibus quia magni. Qui eos reprehenderit ipsum. Ut magnam consequatur enim velit totam quia ea quia. Fuga quo at perferendis repudiandae temporibus laudantium et.',0,'1989-08-06 08:05:28','2020-02-26 19:09:14'),(432,77,149,'Fuga amet autem voluptatum magni deleniti dolor. Soluta aut suscipit officiis ut consequatur eaque. Aliquid aliquam tenetur quia aut. Est a dolor velit praesentium beatae officiis omnis.',0,'1995-10-25 14:20:05','2000-11-08 03:26:05'),(433,63,273,'Incidunt explicabo autem suscipit facilis vel asperiores minima. Fugiat est earum et ab iusto voluptatibus. Consequatur doloribus aperiam praesentium aut ut deserunt.',0,'2000-07-17 11:54:02','1994-09-30 17:13:54'),(434,170,58,'Culpa commodi itaque dicta porro quo tempora ea. Architecto architecto voluptas dolore perferendis praesentium expedita. Quae vel in consequatur qui pariatur quis. Ad suscipit et cupiditate doloremque corporis.',1,'2002-07-10 10:59:12','2013-08-10 11:03:50'),(435,89,143,'Accusamus minus autem beatae in voluptatem reprehenderit debitis. Dolor minima tenetur impedit qui sequi. Soluta dolorum rerum quos voluptates et debitis velit. Dolor dicta doloribus dolor quisquam quia quia.',0,'2018-06-15 09:57:24','2015-03-03 10:32:24'),(436,76,132,'Libero ut aperiam tempore eveniet est. Animi minima incidunt ut ea ratione dolores consequatur. Ut quidem sed totam rerum unde. Beatae quas rerum officiis non.',1,'1988-10-17 08:41:32','2007-04-20 15:56:10'),(437,134,146,'Expedita beatae necessitatibus nisi mollitia est sed in dicta. Soluta cupiditate facere deleniti sequi quos ea nobis. Illum et similique aut. Dolor et porro nihil.',1,'2020-03-25 08:13:13','1987-09-08 18:04:31'),(438,279,205,'Iste id aut hic sed corporis quisquam iusto. Maiores deserunt vel explicabo omnis debitis. Ut adipisci aut qui earum et voluptas. Magni quis harum sed excepturi repellat.',0,'1982-03-26 03:07:03','1993-07-15 18:16:36'),(439,228,172,'Perspiciatis odio alias iste earum quia animi asperiores. Iusto autem error quo. Culpa officia corrupti nihil itaque numquam fuga adipisci tenetur. Fugiat qui nobis iste natus.',0,'2013-04-04 13:08:24','2001-10-27 23:10:45'),(440,171,135,'Quia quo fugiat temporibus. Et ipsum sed est sint. Quae aut quibusdam similique optio. Facere esse iure omnis architecto molestiae fugit sed et.',1,'1995-09-29 22:18:02','2010-07-21 17:35:14'),(441,191,153,'Illum autem ut vel. Voluptatem sed maxime eos debitis et velit sequi. Repudiandae quae ut sit facere ipsa qui.',1,'2013-08-16 01:10:49','2011-04-07 08:55:16'),(442,128,129,'Est ut quos distinctio sequi. Quae esse nemo dolorum consequatur et. Saepe non rem possimus et voluptas accusamus. Ipsa aut fuga asperiores voluptatum est iste omnis.',1,'2004-04-29 17:36:33','1999-12-02 09:08:12'),(443,270,162,'Ea consequatur qui sed corporis sit deleniti ut. Iste aliquid iste voluptas rerum et natus eos. Aut odit ut illum corporis. Expedita placeat et doloremque pariatur quod minima nostrum amet.',0,'2005-05-29 13:13:38','2006-03-30 07:04:52'),(444,64,74,'Eveniet cupiditate debitis natus itaque a. Rerum illo impedit sunt deserunt reprehenderit. Qui et atque dicta amet expedita dolorem consequatur. Eos et mollitia et.',0,'1996-08-11 16:40:53','1984-07-25 00:08:57'),(445,230,281,'Omnis sed aliquam sed placeat aut earum impedit ut. Dolor est excepturi consequatur qui sunt nobis fugiat. Laudantium illo deserunt et reprehenderit.',1,'2002-06-11 04:02:38','2015-06-23 02:23:22'),(446,62,276,'Labore quia voluptas illum enim ut eius aut. Voluptates nostrum sed ut voluptate. A ut mollitia et vero perferendis.',1,'2019-11-14 03:37:15','1990-04-15 12:29:33'),(447,17,139,'Iusto autem ab ab explicabo quibusdam enim unde quasi. Est voluptas corporis laboriosam dolorum autem repellendus aut.',1,'1986-10-12 15:12:43','1988-07-09 01:55:14'),(448,124,79,'Ducimus minima magnam et a. Et reprehenderit laboriosam perspiciatis consequatur enim quod. Consequatur numquam quia veniam vel tenetur reprehenderit pariatur eveniet.',1,'2010-02-12 00:57:30','1993-04-15 22:52:28'),(449,111,294,'Perspiciatis impedit modi quia alias consectetur non blanditiis. Sunt est incidunt doloremque at sunt vero quasi. Eaque et reprehenderit iste voluptas nihil.',0,'2013-01-01 06:35:17','2011-04-27 18:18:34'),(450,136,199,'Alias in magnam quam quae. Expedita sit autem voluptas laudantium dicta amet eius deserunt. Et sint expedita enim molestias totam esse deleniti. Praesentium et dolores iusto non quisquam.',1,'2017-12-16 19:39:38','2011-10-30 11:30:12'),(451,136,212,'Neque accusamus ut facere nihil quia est sequi. Maxime sequi eos illum possimus est. Sint et voluptatem facere et distinctio. Sit voluptate repellendus cum quia consectetur magnam et mollitia. Culpa dolor eos ut vel commodi autem soluta.',0,'2020-06-10 02:06:15','1985-09-19 19:42:43'),(452,31,270,'Voluptatem dolorem omnis autem veniam ut. Facere nemo hic quidem dignissimos voluptates est laborum. Ad eum rerum vitae at laudantium qui sed praesentium. Ducimus dolores rerum nam libero voluptatum maiores eaque.',0,'1973-01-14 01:56:57','2008-10-30 12:17:43'),(453,58,10,'In id sit voluptas sed expedita. Consequuntur sunt nisi voluptatem. Quia nisi inventore molestias sit odio pariatur. Facilis natus nostrum amet harum iusto porro.',1,'2016-02-20 16:24:54','2012-02-15 13:55:58'),(454,175,285,'Temporibus sequi ut dolorum quidem sunt modi. Labore natus et et autem corrupti recusandae. Nemo corporis similique sapiente consequatur consequuntur laudantium non.',0,'2000-02-19 12:14:41','2006-08-01 13:03:35'),(455,181,46,'Amet culpa ut illum quia. Eius est iste ducimus distinctio odio perferendis at. Quisquam est consequatur magni sed fugiat doloribus.',0,'2017-09-21 06:52:13','2018-05-30 09:40:32'),(456,120,71,'Voluptate incidunt corrupti et voluptates qui consequatur. Ut repellendus ut in illo maxime. Molestiae quia ut saepe in et ut non. Enim unde cumque eum eius. Illum eius qui rerum commodi qui iste quis.',1,'2020-09-11 06:07:40','2014-11-03 18:29:47'),(457,198,248,'Dolorem quo est commodi ut. At corrupti rerum labore magnam et. Ut dolores unde animi. Beatae sed vel ut neque quidem beatae.',0,'2013-08-12 22:06:28','2019-09-27 19:53:46'),(458,200,168,'Et ea quod alias. Porro amet natus dignissimos quae et consequatur. Quia mollitia eum non voluptas unde rerum.',1,'2018-05-27 07:45:43','2016-09-23 18:27:44'),(459,109,263,'Vero illo est aut autem sequi. Dignissimos asperiores ut magni.',1,'1978-09-04 07:15:28','1993-08-26 18:16:43'),(460,242,39,'Et beatae sed delectus voluptatum enim. Qui eaque perspiciatis et nobis architecto alias. Mollitia officia animi et et sint iure. Labore in molestiae error quaerat voluptatem.',0,'1991-06-30 05:08:12','1978-07-06 12:38:11'),(461,244,3,'Dicta aperiam expedita cupiditate cum iusto ullam optio itaque. Odio sint nesciunt ex ea odio quis. Totam iusto ea iusto et perspiciatis. Nemo eveniet aperiam quas quia commodi quidem ut aut.',0,'1978-02-19 02:49:17','1978-08-22 22:19:25'),(462,14,260,'Est non aspernatur voluptatem dolor facilis neque est. Qui sequi et laboriosam et et quaerat earum. Veritatis facere iusto itaque sunt molestias doloremque eum. Explicabo asperiores assumenda praesentium minus in.',0,'1986-12-22 12:41:07','2020-03-04 07:41:02'),(463,142,138,'Qui rerum non doloribus repudiandae. Tempore enim et sint voluptas porro in ad. Et dolor enim accusantium provident perspiciatis.',1,'1995-01-01 12:52:55','1979-04-20 22:11:54'),(464,38,252,'Facere beatae repellat laboriosam quo. Veniam qui asperiores quibusdam velit ducimus eos. Dolores facilis blanditiis error ut et adipisci vel. Sunt consequatur voluptatem dolorum perspiciatis. Nostrum atque maiores laudantium eaque consequatur.',1,'2019-05-23 21:35:48','2013-04-27 18:17:39'),(465,132,174,'Dolorem illo autem placeat iure nemo beatae quibusdam. Numquam error perferendis corrupti aliquam deleniti. Recusandae consequatur veritatis sed illo commodi et.',1,'1971-08-14 16:17:33','1996-05-25 02:23:44'),(466,151,267,'Recusandae occaecati qui animi quaerat ab. Id repellendus iste odio. Numquam a dolores nisi quisquam iusto et reprehenderit.',1,'1976-05-08 19:58:23','1992-08-22 15:23:11'),(467,86,181,'Non ad iusto qui eos consectetur. Dolorum omnis sint sit sit. Laborum veritatis ullam delectus sint et dolor perferendis. Fugiat facilis rem ut sed doloremque odit. Itaque reprehenderit in eum cum natus eius nulla.',0,'2003-07-25 01:05:19','2007-05-02 19:15:45'),(468,237,143,'Nisi nostrum nihil ut minus quia. Sunt et repudiandae enim qui sint. Accusamus est culpa consequatur ut.',1,'1987-12-29 08:16:19','1996-10-31 15:04:51'),(469,190,111,'Nostrum maxime et vitae quis qui eos. Ut excepturi quo aut. Eum minus impedit et sed quia.',1,'1993-04-12 12:00:13','1988-03-18 14:13:33'),(470,128,71,'Eum totam amet iure nesciunt sit officiis ad. Explicabo autem accusamus et magnam. Repellendus mollitia et magnam iure.',0,'2018-04-02 18:40:09','1997-06-10 15:31:46'),(471,156,247,'Tempora aut quia vel excepturi qui facere. Sunt minus quia quidem omnis totam eum maiores. Sit dolorem vel pariatur enim quidem quod. Voluptas officia maiores quo.',1,'2007-02-18 06:37:08','2019-11-19 04:44:04'),(472,141,54,'Animi ut nostrum ea asperiores. Dolorem iusto corporis sed soluta et. Eaque et architecto nostrum et distinctio aut. Qui fugit libero quia commodi sed natus.',1,'2008-09-30 03:08:46','2008-03-21 23:08:50'),(473,194,41,'Ea sed aperiam ratione quas. Numquam veritatis aperiam mollitia ducimus veritatis dolore. Placeat itaque quasi temporibus sit. Alias pariatur blanditiis voluptatibus ut commodi veniam iure culpa.',1,'2021-05-03 15:01:52','2004-02-05 06:19:11'),(474,222,3,'Autem sed ducimus recusandae eum dolores sed non libero. Nihil ut a id omnis nihil. Occaecati et rerum hic rerum est facilis non. Aliquid et quidem saepe illum molestiae perspiciatis eos.',1,'1994-12-13 18:28:16','2000-02-29 06:19:41'),(475,3,163,'Facere est nobis nesciunt accusamus. Qui praesentium ipsum pariatur sit deleniti. Quasi dolorem suscipit cum esse in. Qui qui laborum quo vel officia et vitae.',1,'2013-05-14 11:58:03','1985-11-06 08:42:28'),(476,41,247,'Exercitationem tempore aut non quos expedita quasi illo. Aperiam et vel voluptatum quia commodi optio esse. Sed qui error et dolore rerum sunt. Ad non rem quam nostrum numquam non quaerat.',1,'1982-04-21 16:34:40','2005-08-13 14:09:17'),(477,165,55,'Perspiciatis nostrum natus deserunt qui tempore. Delectus magnam animi adipisci a quis cumque necessitatibus. Alias expedita corporis vel et quia.',0,'2007-02-27 21:52:13','2011-05-01 20:23:44'),(478,206,6,'Quis error nulla odit qui. Voluptatem debitis ut optio ut. Asperiores est aut qui architecto. Et culpa quia illum est consequatur ut numquam.',0,'1984-08-27 12:47:38','1984-06-06 12:07:01'),(479,193,244,'Exercitationem dignissimos voluptatem libero omnis. Est perspiciatis occaecati quos optio amet. Tempora reprehenderit quibusdam ut nemo odit. In laborum ea perspiciatis autem ut.',0,'1977-04-20 02:58:22','1973-06-13 19:47:14'),(480,258,24,'Nisi consequatur ad molestiae assumenda porro omnis. Nesciunt ullam modi non nisi tempore. Iure placeat qui dolorem omnis iste ratione est est. Assumenda ut distinctio aut est quas rerum consequatur voluptate.',1,'2009-10-24 05:14:20','2017-01-31 00:31:16'),(481,118,108,'Unde expedita eligendi omnis et laudantium porro quo. Quaerat non et qui sed delectus aut qui. Neque quibusdam aliquam accusantium minus repudiandae.',1,'1995-11-19 10:30:42','2009-04-25 10:33:22'),(482,291,203,'Repellendus nobis tenetur est ab beatae. Quibusdam sit sit non voluptatem est quia quis. Eos rerum porro repudiandae provident illo.',1,'1991-10-09 16:45:33','1978-07-17 15:45:27'),(483,289,227,'Adipisci quibusdam sapiente error maiores ut aliquam. Quo incidunt molestias eveniet et nam. Illum cupiditate dolor sed.',1,'1989-10-05 02:20:06','2020-01-10 13:42:23'),(484,46,179,'Ducimus quas voluptatem tenetur. Aut dolore ea quidem neque illo aliquam. Rem necessitatibus quia et ex quis omnis. Quia enim debitis eveniet illo eum ut.',1,'2010-02-23 14:38:23','2016-06-07 05:27:00'),(485,38,173,'Laudantium distinctio ab sit veritatis est. Et incidunt est minima quas saepe officia accusamus. Nesciunt aut temporibus illum quia iste. Natus molestiae nihil consequatur qui eum nihil.',1,'1989-01-02 05:29:38','2021-01-18 19:33:12'),(486,249,194,'Rerum quidem libero vel quasi. Quia et autem dolores ut qui dolorum eum. Sunt ratione ut quibusdam ut beatae consequatur voluptates ut. Amet molestias ratione est fugiat modi dolore. Quia architecto quas tempora quos sit soluta.',1,'1972-01-19 14:51:19','1991-02-13 04:08:17'),(487,119,89,'Saepe quia velit fuga dolorum dolores ut. Veniam porro cumque debitis consequatur. Temporibus in commodi ullam vel labore. Saepe debitis expedita est accusantium.',1,'1996-04-25 12:14:18','2009-11-05 00:25:23'),(488,247,13,'Sequi a quo totam cumque enim. Architecto mollitia eum ut velit esse eveniet et. Earum explicabo ab dicta adipisci. Blanditiis enim odit adipisci incidunt esse corrupti.',1,'2004-12-20 16:29:17','1971-02-07 00:46:49'),(489,129,168,'Est nostrum magnam architecto debitis consequatur est dolorum. Illo et voluptatem voluptas consectetur doloribus quam. Quia aut aspernatur rerum itaque est iste amet ut. Ratione repudiandae facilis nobis doloribus.',1,'2017-01-26 06:41:19','2011-06-19 18:26:27'),(490,15,132,'Tempora expedita sed ea sed qui deleniti nostrum et. Facilis voluptas eos optio quia laborum. Eum esse consequatur soluta voluptas.',0,'1995-09-23 04:37:25','1989-12-23 11:10:58'),(491,31,56,'Sed aliquam tempore dolore aut non rem. Velit sed tempore sint modi aspernatur sit et. Sapiente unde totam earum sit similique. Velit fuga sint enim dignissimos quam enim quisquam.',0,'2002-12-21 00:16:00','1975-10-12 07:18:21'),(492,79,196,'Eveniet error quae enim ut amet cumque et sequi. Nihil consequatur impedit molestias optio. Voluptate nihil dolores et dolores earum. Quia sint enim quam excepturi et.',0,'2005-04-28 15:46:30','1996-01-11 14:30:14'),(493,111,285,'Inventore laborum qui qui doloremque natus sed. Perspiciatis et dolorum quia fuga aut.',0,'1983-11-02 21:08:20','1972-08-05 22:52:57'),(494,201,4,'Dolores suscipit ipsum sunt. Provident porro eum qui sunt quo. Dolorum quia explicabo nam repellendus officia dolor ex. Eaque et reprehenderit ad praesentium perspiciatis est est.',0,'2012-03-25 20:58:31','1995-06-05 01:52:18'),(495,228,159,'Veniam eaque eum possimus dolorem quo sunt provident. Voluptatibus magni et autem quae quam quo quasi. Repellat vitae commodi quaerat voluptas quo sed enim voluptas. Doloremque assumenda minus omnis explicabo sunt eos et. Rem id quia illo tenetur sit quo error aut.',1,'1970-12-27 09:55:39','2002-06-23 22:15:27'),(496,28,45,'Ut harum quia quisquam quaerat possimus tempora. Dolorem sed libero delectus enim aut incidunt. Qui quia ut consequatur numquam suscipit animi.',0,'2002-09-19 04:41:06','1979-03-23 12:51:21'),(497,266,18,'Et voluptatem mollitia veritatis quis in sunt. Consequatur porro accusamus dignissimos non facere. Modi temporibus error qui. Consequatur nihil quis libero earum vitae.',1,'1974-05-27 02:08:00','1985-12-08 21:04:46'),(498,248,254,'Quia qui ad quae saepe sapiente eius recusandae nisi. Et id recusandae a et molestiae aut porro. Amet deserunt quia neque qui vero repellendus nobis et.',1,'2002-09-02 23:28:00','1998-12-09 00:50:12'),(499,245,293,'Fuga beatae voluptatem quia ipsum minus laborum. Accusamus ut voluptate velit ut ut ad est. Ab alias officia nisi praesentium.',1,'1997-06-15 09:18:44','2003-11-06 11:04:34'),(500,133,283,'Saepe nihil veritatis magnam eum voluptatum eos. Fugit nihil eius et esse aliquid. A occaecati est asperiores cum nobis expedita dolores.',1,'1989-08-07 08:58:41','1997-12-18 01:53:53'),(501,165,81,'Non alias voluptates alias voluptatem quas voluptatem est. Qui sint voluptas non eligendi iusto maxime. Velit soluta numquam natus mollitia est eum. Facilis optio qui repudiandae assumenda qui.',0,'2006-06-27 20:36:05','1979-03-25 05:23:35'),(502,176,284,'Est hic similique harum ipsum tenetur. Omnis est reiciendis dolore sit. Et ut quia deleniti sunt vel aliquid. Commodi qui voluptate enim quia in est mollitia rem.',1,'1997-09-02 02:46:23','1970-06-18 21:03:26'),(503,170,123,'Temporibus voluptate totam et expedita. Minima et neque aliquam sed sapiente. Ab optio quia ea fugit.',1,'1985-03-11 18:21:03','2007-11-28 23:07:40'),(504,297,299,'Reprehenderit velit sunt sit molestias vitae. Sit commodi mollitia voluptate iste accusamus rerum aspernatur. Facilis omnis consequatur consequuntur sit nobis. Id fugit inventore pariatur delectus deleniti quo sapiente.',0,'2014-08-22 09:41:24','1998-09-20 05:28:07'),(505,291,12,'Aut aut et aliquam cumque corrupti. Cupiditate corrupti voluptatibus eum atque aut rerum. Assumenda eos dolorem laborum cupiditate et debitis animi. Exercitationem debitis perspiciatis sit beatae. Dolorum in itaque hic.',0,'2015-07-30 09:09:38','1999-12-26 02:31:13'),(506,131,21,'Esse libero similique facere numquam error. Voluptatum harum consequatur nihil dolorum nesciunt dolorem est. Dolorem fugit officiis exercitationem aut quas. Quod nihil aut id.',0,'1976-08-30 12:14:31','2020-09-02 11:39:33'),(507,68,209,'Iste provident debitis voluptatum et. Accusantium aspernatur quasi nulla sit sed repellat. Itaque ut rerum repudiandae commodi sequi. Fuga autem sunt fugit non molestias reprehenderit impedit quibusdam.',1,'2017-06-11 21:45:03','1988-01-18 06:42:10'),(508,216,178,'Quo aperiam perspiciatis totam debitis accusamus. Eum tenetur velit aut eos dolore velit quos. Placeat quaerat aut laborum natus sed dolor voluptas. Fugiat suscipit illo aperiam quaerat iure doloremque voluptatem.',1,'2010-03-25 01:03:12','1974-02-26 03:22:55'),(509,193,117,'Nam deleniti pariatur ea repudiandae minima qui quis. Numquam consequatur id id enim maiores eligendi. Debitis eligendi esse sed pariatur. Maiores animi ipsam ad in.',1,'1975-04-25 12:39:25','2020-08-03 10:10:47'),(510,182,121,'Architecto facere cumque velit et laborum nulla et. Illum quis sunt dolorem eveniet minus aut voluptas voluptas. Delectus sed illo repudiandae culpa optio vel beatae. Sit quae aut cum officia.',0,'2009-02-01 13:07:16','2016-02-29 06:15:53'),(511,275,209,'Occaecati alias nemo et consequatur aliquam est. Qui consequatur molestias aut aspernatur et vero architecto officia. Voluptatem animi molestias consequatur illum alias eligendi enim.',0,'1986-02-13 23:05:03','1987-04-29 21:58:20'),(512,166,241,'Quis laborum tempore sed aperiam id repudiandae sequi. Voluptatem perspiciatis unde quis dignissimos rerum nihil sit. Quisquam et vel iure esse aut.',1,'1980-04-29 21:10:17','2010-10-13 20:19:26'),(513,227,113,'Debitis exercitationem eos aperiam est. Suscipit aut ab exercitationem qui. Deleniti fugiat non sit ab. Ipsa quod laborum sequi quia natus.',0,'1999-01-30 15:59:41','2012-03-14 01:07:01'),(514,195,172,'Voluptatem architecto recusandae alias recusandae eveniet at cumque. Ducimus laudantium consequatur blanditiis totam quisquam. Molestias nam quia labore quia.',0,'2009-11-17 16:54:21','2008-12-09 19:27:08'),(515,105,27,'Repudiandae cumque sed et sit velit. Ipsa neque adipisci nobis neque sunt. A autem iusto minus neque. Cumque voluptate odio id velit dolores.',1,'2007-11-09 15:53:30','2014-03-28 06:38:28'),(516,154,270,'Eos molestias voluptas labore sit amet libero. Soluta eius et consequatur fuga et. Aut inventore qui magnam commodi rerum ut.',1,'1971-07-03 12:59:57','2014-10-17 08:39:05'),(517,107,29,'Eum sit aliquam nam tempore consequatur suscipit corrupti necessitatibus. Pariatur amet vero aliquam perspiciatis nesciunt at cumque velit. Quia voluptatum possimus enim sint sunt eos ad.',1,'1991-03-30 10:04:12','1989-01-23 14:14:01'),(518,254,276,'Est quidem odio ipsa voluptatem tempora. Ut expedita sint dolore. Libero eum fuga eaque sit.',0,'2013-11-16 06:14:50','1970-05-01 07:09:51'),(519,151,250,'Commodi corporis consectetur nobis ad. Nesciunt autem non eius harum. Nulla necessitatibus optio id.',0,'1973-08-28 21:31:17','1995-08-09 16:27:03'),(520,275,141,'Rerum et voluptatum fugiat ducimus necessitatibus optio. Minus consequatur ut consectetur quam. Reprehenderit hic in expedita magni cupiditate quam repudiandae numquam.',1,'2002-08-01 08:32:48','2011-03-25 04:56:25'),(521,261,105,'Doloremque natus explicabo et consequatur. Ad nulla dolores quos et est at harum.',0,'1993-07-01 11:10:57','2010-06-20 17:28:17'),(522,162,29,'Eius repellat illum fugiat sed corrupti et sint. Qui et quia molestiae molestiae culpa.',0,'1974-12-09 22:34:09','2016-01-22 10:05:25'),(523,13,77,'Debitis ut dolor iure aut consequatur. Dicta quis animi aut odit sunt. Atque tempora aut quia veritatis earum.',0,'1976-01-14 10:07:45','1978-07-24 00:29:44'),(524,206,205,'Sed vel officiis aliquid ipsa ea similique consequatur. Aut sequi ut esse. Provident maxime labore reiciendis. Repellendus aut enim amet eveniet.',1,'1975-05-22 12:56:48','1975-12-26 15:45:16'),(525,193,88,'Quia quasi aut sed architecto et assumenda. Sed placeat nihil ut dolores quia ea. Id minima quidem esse omnis qui nihil voluptatum suscipit.',0,'1970-10-02 14:56:34','2012-04-30 22:49:42'),(526,25,168,'Numquam suscipit animi optio natus nesciunt voluptates dicta ut. Omnis blanditiis sed est aut consequatur aut quaerat. Tenetur qui nihil in dicta totam aut. Architecto molestiae laudantium soluta quia.',1,'2009-01-26 15:16:21','1974-01-16 17:56:12'),(527,297,190,'Assumenda veniam molestiae ea neque. Veniam autem accusamus qui facere laborum vitae. Ut aut impedit iusto eos temporibus.',0,'1974-09-10 21:03:26','1975-04-27 16:37:19'),(528,108,223,'Aut blanditiis itaque reprehenderit accusantium. Minus aut ea deleniti debitis. Illum esse nostrum sit totam architecto fuga.',1,'1974-06-06 12:49:16','1988-03-01 06:04:38'),(529,3,2,'Repellat numquam aut eos consequuntur. Assumenda et consequatur repudiandae vitae est debitis. Fugiat inventore itaque quos quia et velit. Non quo et odio facere eos.',0,'2009-11-03 06:39:41','1997-09-16 22:21:01'),(530,94,108,'Temporibus dolorem est dolorem vero quo nam quo. Omnis tenetur unde totam et numquam.',0,'1984-12-17 12:52:33','2006-05-20 22:41:56'),(531,29,247,'Quis maiores et ut et iste nesciunt dolorem. Quas quia et nam blanditiis sint libero. Voluptatem consequuntur quaerat et dolorem voluptatem.',1,'1979-03-28 19:50:55','1987-10-23 09:27:33'),(532,77,135,'Quisquam asperiores est adipisci quisquam fuga corrupti nulla. Ut soluta deleniti repudiandae est reprehenderit. Suscipit quia reprehenderit consequatur. Sit laudantium et quo. Autem iusto in ut repellat illum.',0,'2012-04-17 02:27:44','2002-09-14 19:32:21'),(533,276,31,'Debitis quasi aut ea reiciendis facere recusandae possimus. Recusandae et deleniti illum eum ut ad voluptatibus. Et autem minus commodi repellendus hic velit vitae. Iure et architecto corrupti sapiente fugiat sequi accusantium aut. Corrupti quidem veniam tempora totam ex necessitatibus.',1,'2018-07-07 23:55:26','2014-10-13 03:38:43'),(534,111,127,'Necessitatibus eum voluptatem quibusdam voluptas deserunt quia itaque. Magni officia ut odio qui sed. A architecto voluptatibus et esse tempore animi odio.',1,'1975-09-25 08:11:43','2003-11-30 00:43:58'),(535,280,85,'Quia in odit magni ullam et doloribus. Eum sed quos consequuntur est et. Odio provident animi omnis. Quod dolore accusamus dolores et.',1,'2016-11-17 17:37:12','1980-02-27 07:34:49'),(536,268,241,'Cumque aspernatur incidunt quaerat consequatur voluptatibus ut. Id at non aut. Enim dolor quas rerum iure consequatur ea velit.',1,'2017-10-22 21:01:20','1971-05-30 06:50:12'),(537,189,129,'Quaerat impedit tenetur provident natus earum minima nihil. Qui debitis id natus soluta laborum. Deserunt eaque voluptatem dolores reiciendis voluptas dolor dolore tempora.',0,'1974-01-05 11:40:43','2003-01-05 12:12:49'),(538,269,202,'Voluptates odit voluptatibus sapiente adipisci dolores ut. Repellat veritatis vel minus repudiandae ut deleniti. Perferendis corporis amet vero repellendus quas iusto.',1,'1999-06-29 02:53:50','1994-12-06 23:53:15'),(539,205,175,'Et in unde cupiditate quis qui. Aut similique consectetur maxime et dolor autem. Dolor aut quibusdam ut sapiente.',1,'1998-04-26 14:35:01','2009-08-24 20:36:13'),(540,106,98,'Aut eum porro iste et. Harum qui molestiae eaque distinctio necessitatibus eligendi.',0,'1989-02-07 04:08:21','2020-08-28 07:30:32'),(541,263,131,'Quae ut quaerat officiis. Consequatur ut unde nihil ut quia ab. Mollitia autem doloremque magni dolorum amet non et.',0,'2010-06-12 15:14:09','2018-06-08 18:37:09'),(542,265,259,'Dolorem et deserunt voluptas dolorum modi a voluptatem. Ullam ut suscipit rerum quam. Atque ut nesciunt omnis maxime. Ullam et rerum amet blanditiis quas pariatur.',1,'1995-12-02 04:52:46','1995-04-21 22:20:48'),(543,21,73,'Voluptates pariatur aut consequatur soluta est at. Quos consequatur soluta molestiae a amet itaque aut. Voluptatum eaque totam sint voluptas voluptate.',0,'1972-09-28 23:14:13','1970-12-18 20:58:33'),(544,181,23,'Ipsam quam quo ad et. Ratione nulla autem ipsa pariatur et. Eveniet esse doloremque voluptates placeat ex quas. Consequuntur et voluptatem a est libero.',1,'1977-11-23 10:42:39','2018-02-12 14:38:07'),(545,74,274,'Totam et nulla repudiandae quia ut sed. Commodi nihil quis delectus. Distinctio perspiciatis reiciendis tempora sit nobis. Quas dolor magnam qui consequatur.',0,'1975-05-13 08:10:02','2008-02-09 20:47:47'),(546,131,103,'Voluptatibus adipisci cum numquam soluta quae aut consequuntur et. Accusamus qui minus et possimus inventore aut vero. Sit aliquam vel veritatis ad velit ab libero. Error rem eius quo nam.',1,'1985-02-19 05:23:53','2015-06-22 12:41:52'),(547,221,207,'Cum et sunt incidunt explicabo ipsum. Dolores laboriosam asperiores dolorem molestiae molestiae. Labore iusto accusantium laudantium modi error incidunt.',1,'1996-12-19 20:37:49','1970-04-29 08:01:16'),(548,237,196,'Laudantium omnis quia voluptatem nostrum praesentium minus. Nihil deleniti aut est qui. Sed delectus impedit vel id dolor. Eaque ipsa eos cupiditate cum non.',0,'1976-06-15 01:45:29','1997-08-29 02:30:18'),(549,238,48,'Et laboriosam magni omnis. Ratione velit quidem aut quas quis dicta dolor. Deleniti nesciunt quod rerum qui magni.',1,'1980-08-15 05:40:50','2000-03-12 22:52:34'),(550,22,218,'Quos est accusamus ullam unde error. Id ex quo sed aut asperiores sint fuga. In officiis et qui recusandae dolorem quidem odit. Ullam fugiat dolores quas explicabo cum aut.',1,'2015-08-06 16:23:42','1995-12-12 02:01:30'),(551,132,290,'Excepturi iste eius aperiam asperiores accusantium itaque. Rerum qui doloribus tenetur. Placeat est corrupti minus totam aut suscipit aut.',0,'2012-08-02 21:05:00','1990-05-29 06:06:09'),(552,158,21,'Eum porro deserunt aliquid tempore omnis. Ut tempora dolore rem. Officiis dolorum fuga ut fugit eveniet culpa. Sunt consequatur in sed laborum.',1,'1999-06-10 11:41:33','1976-10-01 13:59:49'),(553,118,127,'Qui et rerum odio qui dolores. Officiis ut sequi et sed repellat suscipit. Dolorem possimus cupiditate voluptatem animi facilis eius.',1,'2007-11-04 07:46:40','2001-08-27 21:41:36'),(554,222,23,'Et non unde et deserunt. Possimus nisi ut dolore ut. Tempora suscipit sit rem nemo autem est.',0,'2005-06-08 07:52:43','2012-10-28 01:25:27'),(555,2,28,'Expedita voluptatem sed eos voluptatem ut modi in explicabo. Nihil placeat ut omnis et sequi asperiores.',1,'1991-04-26 19:05:25','2015-06-13 08:38:47'),(556,120,264,'Dolorem necessitatibus sit dolorem et quis. Consequuntur quis sed illo nihil magni. Voluptas rerum autem voluptate nemo natus eligendi. Animi incidunt tempora qui a voluptas dolores consequuntur.',1,'2012-07-24 02:06:27','2018-04-08 05:27:21'),(557,159,85,'Quis quidem rerum neque perspiciatis ipsa tempore cupiditate. Soluta dolore veritatis autem et vel. Laborum ipsum eius veniam porro in totam. Quia adipisci voluptates quia beatae ab. Non cumque occaecati eveniet sed quia dolore.',1,'1970-09-14 13:11:16','2007-10-29 04:51:46'),(558,222,179,'Labore quis et enim et dignissimos. Rerum itaque similique voluptas tempore totam est. Saepe aut ut delectus sit. Sunt fugit ea quam quo fugiat iure.',1,'1999-11-09 20:34:26','1999-01-09 11:34:39'),(559,157,102,'Dolore soluta corporis voluptas est. Quia accusamus similique debitis voluptatem. Quae et nam saepe et amet est.',1,'2003-10-12 14:15:54','1972-03-17 08:52:59'),(560,202,231,'Quia amet alias at enim. Expedita et a eaque tenetur harum debitis dolor.',1,'1984-08-15 08:35:13','2018-09-06 17:20:45'),(561,76,32,'Et iusto molestiae non maiores hic commodi excepturi. Laborum cupiditate ipsa quasi ab et illum. Sit doloremque optio enim rerum voluptatum.',0,'2007-10-24 08:22:31','1975-01-21 21:38:30'),(562,33,297,'Placeat hic iusto amet id unde veniam. Ut et provident blanditiis illo qui sit magnam. A commodi consequuntur laboriosam blanditiis et consequatur porro. Est quo et eos ut vel.',0,'2010-06-05 15:05:12','1983-12-21 10:40:07'),(563,239,270,'Aut aut quaerat odio ea sit explicabo dolor mollitia. Ducimus inventore iure nisi odio aut non doloremque et. Sed dolores omnis molestiae voluptatem quidem. Asperiores facere incidunt eligendi sequi.',1,'2019-01-07 13:59:12','2020-09-14 03:35:17'),(564,193,176,'Rerum deserunt vero illo esse. Sunt voluptatem tempore rerum quae eum et omnis. Ex repellendus explicabo neque.',0,'2003-05-23 06:53:29','2002-05-19 07:36:38'),(565,17,214,'Dolorem enim esse culpa adipisci nemo iusto ut sit. Dolorem tenetur sit ad aut qui nisi quidem. Voluptates iusto culpa cum qui maxime sint amet.',0,'2010-03-26 12:47:12','1991-02-20 10:19:13'),(566,93,149,'Molestias qui corrupti quis blanditiis minima et voluptas. Facere cum quae harum praesentium voluptatem id in. Sed amet explicabo debitis quo consequuntur. Magnam ea fugiat totam culpa voluptatibus neque inventore.',1,'2013-12-26 11:25:22','1970-12-09 07:11:56'),(567,203,251,'Quos dolore optio dolore quis cumque ipsum autem nemo. Nisi ullam eveniet ut odit esse commodi. Aperiam officiis dicta quasi modi.',0,'2004-02-23 22:10:55','1995-09-06 15:31:32'),(568,169,21,'Eaque necessitatibus reprehenderit voluptate voluptatibus quas. Qui consequatur aut nulla est eos optio ut. Vel unde corporis molestiae dolores deleniti illo asperiores.',1,'2017-10-29 22:40:52','2019-02-14 23:01:37'),(569,77,91,'Error illo ab necessitatibus ea repellendus doloribus hic. Qui occaecati autem nulla et. Ducimus sit quia totam corrupti aut aliquid molestiae. Temporibus ullam voluptatem deserunt incidunt dolorem enim libero.',1,'1988-05-15 08:35:30','2000-04-07 04:40:14'),(570,43,79,'Est commodi corrupti repellendus reiciendis non eum mollitia. Occaecati culpa voluptates possimus explicabo quia. Itaque deleniti et ut qui.',1,'1975-06-20 14:25:06','1998-11-13 21:11:49'),(571,119,163,'Expedita tenetur fuga est molestiae repellendus debitis quasi saepe. Laboriosam est voluptatem aperiam sunt non. Sit autem eaque animi eius nam.',0,'1997-02-03 17:00:22','2021-03-27 19:09:31'),(572,42,277,'Libero vel et suscipit alias et ipsam alias. Eveniet dolorem totam numquam velit omnis neque. Ea et consequatur dolor ut veritatis.',0,'1999-05-26 09:02:34','1976-01-17 04:11:20'),(573,247,263,'Ab velit voluptatum repellendus fugit iste quia distinctio consequatur. Ut voluptatem eveniet ea et. Numquam amet ut voluptatibus laboriosam voluptas consequuntur voluptas illum. Officiis quidem veniam veritatis sint maiores cumque facilis.',1,'2004-08-19 04:51:37','1976-02-05 19:54:12'),(574,155,104,'Alias laboriosam amet incidunt corporis itaque id nisi. Modi ut veritatis aspernatur ab laborum. Repellat velit similique veniam nesciunt officiis quis laborum.',1,'2003-06-28 00:02:19','2009-09-01 13:00:57'),(575,65,57,'Voluptatem nulla impedit at est distinctio. Facilis dolorem odio doloremque rerum. Ut qui id sed temporibus.',1,'1999-01-20 15:33:48','1994-07-20 17:45:58'),(576,35,141,'Est maiores eos eveniet omnis cum temporibus veniam. Unde id quas corrupti qui eos qui nam. Qui quam vel ut. Aut temporibus laudantium minus eius dicta voluptate.',0,'1985-06-11 05:46:53','1978-05-27 08:33:29'),(577,88,68,'Velit voluptate sit est culpa consequatur libero. Architecto facilis dolorem corporis est neque totam quia quidem. Ipsum similique sunt debitis ipsam doloremque.',1,'2000-05-18 11:44:28','1987-09-27 05:47:15'),(578,137,27,'Soluta qui eligendi facilis debitis. Est nesciunt consequatur eveniet rerum et similique. Et error dolorem soluta inventore necessitatibus. Quas sequi error occaecati ea nihil iusto.',0,'1987-03-09 19:50:25','1977-07-24 01:35:43'),(579,37,30,'Dolorem aut impedit nihil id molestiae voluptas nihil. Esse veniam cumque voluptatem explicabo. Et non est excepturi aut eos facere velit repellat. Voluptate qui veritatis doloribus reiciendis asperiores.',0,'2003-04-21 17:20:40','2020-05-15 15:53:36'),(580,203,54,'Excepturi illum voluptate rerum magnam esse. Quam sed dignissimos aut deleniti. At nihil consequatur officia sapiente eos ipsum ea. Occaecati inventore et deserunt explicabo commodi ipsum illo laboriosam.',0,'1999-07-03 20:20:00','2004-11-22 14:14:26'),(581,243,295,'Id error quam a odit natus cum. Architecto consequatur ut et cum qui. Ut culpa laudantium laborum aliquid beatae alias eligendi. Blanditiis iste quos dolores eum aliquid repudiandae sit.',0,'2003-09-04 05:35:17','2007-04-24 05:02:23'),(582,203,146,'Nobis sunt labore omnis excepturi laborum sint. Ullam rem qui dolores aliquam impedit porro. Dolorum quis corrupti corrupti aut omnis.',0,'2008-02-02 05:14:47','1982-06-24 18:30:46'),(583,245,72,'Velit possimus qui enim ullam quia commodi dignissimos. Ipsa iste sit veritatis et amet. Voluptatem in error possimus qui accusamus voluptatem.',1,'2020-12-13 04:53:07','1982-07-23 11:14:19'),(584,167,22,'Ex odio sunt debitis doloribus et. Eligendi in aut delectus cum quia quis. At exercitationem quia voluptatem omnis qui omnis. Amet tenetur sit enim esse aut ut porro neque.',0,'1997-10-28 04:27:17','1986-05-26 22:54:58'),(585,162,209,'Quis eos laudantium maiores quas velit ut. At repellendus accusantium occaecati incidunt aliquid hic numquam. Officiis et quia voluptas rerum corporis natus.',0,'2004-11-17 03:19:28','2016-07-16 21:34:56'),(586,100,280,'Fugit necessitatibus sit qui eum. Incidunt qui officiis dicta laudantium laborum sequi. Corrupti inventore ut qui doloremque debitis. Dolor magnam nostrum neque quo vel.',0,'1998-08-22 04:04:30','2011-07-01 10:23:36'),(587,72,142,'Aut voluptas facilis unde dolor. Soluta voluptatum et ex aut. Culpa id quia minus dolor corrupti et amet.',0,'2012-02-23 15:12:54','2004-04-02 03:25:42'),(588,256,18,'Explicabo quos aut est dolor nostrum ea recusandae. Qui aut harum blanditiis libero expedita voluptatibus. Rerum veritatis inventore nihil.',1,'1992-03-30 03:37:23','2001-07-07 06:27:38'),(589,105,111,'Et est id deserunt error. Perferendis ipsam et magni aperiam voluptas earum. Et laudantium ab quod dolorum ratione distinctio asperiores. Dolorem voluptatem similique quasi dolorum amet. Explicabo provident laboriosam mollitia id quia quaerat iste voluptatem.',1,'2001-05-09 17:36:21','2003-07-08 13:39:24'),(590,122,170,'Et qui ea repellendus assumenda qui optio. Excepturi dolorum quo quia maiores qui nobis. Commodi amet incidunt iste architecto ut.',0,'2003-08-19 15:15:03','2003-07-26 19:15:06'),(591,168,157,'Explicabo sit optio praesentium omnis itaque eum. Odio iure quaerat nostrum dicta. Deserunt aut et sit explicabo et ut dolor eligendi. Sequi laborum optio voluptatem ex.',0,'2017-04-25 00:36:58','2012-09-11 13:08:08'),(592,10,256,'Ut cupiditate doloribus consequatur. Occaecati recusandae non debitis voluptas sed. Omnis odit quasi et nam sunt. Reprehenderit odio voluptates enim excepturi inventore.',1,'2020-04-12 12:40:13','1970-08-30 13:25:20'),(593,224,147,'Ad repellat adipisci distinctio eos. Consectetur saepe tempora doloremque voluptatem. Voluptas culpa sed exercitationem officia suscipit molestiae at. Et itaque omnis quia ut explicabo.',0,'1996-04-27 04:17:15','2004-03-06 07:59:00'),(594,282,261,'Fugit qui facilis quod quibusdam. Sit ut ratione fugiat ut officiis optio doloribus voluptatum. In voluptas at natus deleniti quos. Dolor laudantium et corporis et. Eum dolor officiis molestiae laborum ut totam.',1,'2012-06-28 18:02:14','1999-03-15 11:17:12'),(595,176,184,'Et omnis mollitia amet beatae voluptatem. Nihil reiciendis qui totam a excepturi voluptatem. Nobis aspernatur molestiae sit sunt consectetur saepe voluptas.',0,'2011-11-21 02:21:47','1973-10-04 07:58:58'),(596,14,119,'Ratione debitis repellendus dicta commodi nihil ullam. Debitis aut dolorum est aperiam perspiciatis cupiditate. Voluptate aliquid eligendi facilis. Soluta magnam voluptas iure id quod quia.',0,'1995-05-12 16:53:29','2001-03-02 17:45:34'),(597,179,216,'Pariatur consequatur numquam ut officia adipisci accusantium. Aut impedit qui voluptatibus quisquam ut. Placeat delectus ea laudantium quia. Facere earum ex et provident cum quia quod.',0,'1991-11-19 21:15:33','1990-08-04 15:04:30'),(598,265,124,'Vel voluptatem eaque corporis consequuntur et sunt temporibus similique. Iusto est ut rerum et qui nam. Aliquid omnis eius illo voluptatum molestiae omnis.',1,'1971-12-09 11:57:54','2009-04-19 00:02:17'),(599,287,131,'Harum in dolorem qui aliquid voluptas. Debitis soluta adipisci sapiente illum sunt neque voluptatem necessitatibus. Velit voluptatem fugiat aspernatur rerum. Animi labore eligendi enim est ut autem.',1,'2019-06-24 04:08:23','2017-07-18 03:34:38'),(600,145,149,'Consequuntur et asperiores iusto perferendis modi at. Voluptas perferendis in enim.',0,'2019-11-12 15:48:11','1993-08-02 13:13:14'),(601,40,245,'Ut est enim voluptas. A explicabo ut quidem expedita at adipisci quasi. Nulla quo sed corporis dolor aut cum molestiae.',0,'1983-01-04 20:05:44','2004-12-07 07:55:44'),(602,129,111,'Iste et omnis eum reprehenderit nemo autem placeat. Rerum autem non dolorum ut. Illo error blanditiis corporis recusandae. Reprehenderit quibusdam sit quia sapiente dolor.',0,'1984-05-30 02:54:33','1995-01-06 13:02:33'),(603,87,85,'Quibusdam est ullam corporis optio praesentium officia. Rerum reprehenderit facere repellendus reiciendis voluptatem. Expedita occaecati expedita non repellendus voluptatem. Aspernatur voluptatibus adipisci quis ea ut perspiciatis odio. Dolorem voluptatem quis a est.',0,'1976-05-17 03:33:07','2002-03-02 01:35:42'),(604,129,191,'Provident ab numquam aut. Modi fugiat sit sequi beatae sunt culpa quia. Omnis et itaque eveniet in. Excepturi odio omnis voluptatem aut tenetur. Quae ad natus modi placeat sint est autem.',0,'2019-06-02 17:03:01','1991-05-08 13:04:16'),(605,195,251,'Fugit neque nemo totam asperiores est qui eum. Aperiam perferendis error eius commodi asperiores animi ducimus. Omnis animi sit et sed ducimus optio voluptatem corrupti.',0,'1973-05-05 04:22:24','2019-02-01 22:49:54'),(606,60,62,'Itaque laboriosam autem in eveniet ut perferendis magni. Illo tempora et voluptate placeat molestiae. Ut quam dolore autem omnis vel at pariatur sunt. Beatae blanditiis sequi nisi id. Non iusto eveniet ut quidem labore amet vel.',1,'1976-03-12 18:39:43','1976-02-01 01:01:21'),(607,107,70,'Et atque sapiente eum dolorem qui. Rerum minus soluta quam dolore ea aliquid dignissimos. Reprehenderit blanditiis libero adipisci adipisci aut asperiores voluptatum. At vel sequi hic ea exercitationem excepturi occaecati natus.',0,'1978-07-29 16:38:20','1988-04-22 11:04:51'),(608,18,30,'Nihil quas adipisci ullam culpa sunt. Eos odio id consequatur qui in. Sint et tempora blanditiis numquam labore laborum aperiam.',1,'1976-06-30 18:43:24','1980-11-11 08:33:02'),(609,216,299,'Dolor numquam odit est officia aut. Officiis mollitia rerum consectetur fuga. Dolore magni earum reprehenderit quod eum cumque. Perspiciatis beatae ut repudiandae dolores.',1,'1994-07-06 23:47:16','1972-02-08 01:07:21'),(610,290,92,'Quasi commodi excepturi doloremque a. Et est enim sit. Incidunt sapiente cumque hic earum numquam.',0,'1982-01-05 13:46:23','2007-08-04 05:03:48'),(611,183,4,'Neque tempora et quo aut fugiat sint. Similique praesentium aut expedita quis fuga. Perferendis ducimus ea beatae quisquam repellendus.',0,'1970-01-13 09:13:35','2006-08-23 07:16:14'),(612,211,61,'Accusamus asperiores nihil voluptatibus explicabo ullam. Quod exercitationem exercitationem ullam optio. Neque cumque ipsum quia totam incidunt tempora est dolorem. Qui qui quia in sapiente quia.',1,'2018-10-08 01:40:36','1987-07-21 22:21:41'),(613,220,175,'Sint recusandae pariatur sunt minus. Molestiae sunt quod quos saepe nam soluta non. Quod explicabo sunt rem est aliquam provident. Animi dignissimos voluptas tempore et debitis rerum.',1,'2008-09-13 14:47:25','1984-10-23 03:18:59'),(614,184,207,'Eligendi qui aut est nulla corrupti deserunt vel. In a sit exercitationem ad quia. Rem odio porro nihil. Eum voluptatibus excepturi voluptates cupiditate est fugit.',1,'2020-05-08 10:12:26','1978-08-10 06:29:28'),(615,6,29,'In aut neque odio a repellendus. Pariatur optio et dolore iusto velit est. Hic sit explicabo aut minus vel. Nihil optio quis officia perferendis sit rem illum est.',0,'2004-06-04 15:32:09','2017-11-18 00:34:10'),(616,55,46,'Doloribus nobis minima error velit eos molestiae dolores. Ullam quia quasi dolorum iste et animi. Optio quo eos et est nihil eius neque et. Dolorum dolor autem sunt commodi sed.',1,'1972-04-26 13:52:13','1997-01-31 04:29:56'),(617,274,184,'Cum dolor hic repellat praesentium nisi. Voluptatum molestiae cupiditate quis qui unde dolores. Iure corporis tempore id sit et sed excepturi.',1,'2010-09-04 08:12:19','1977-12-01 09:29:36'),(618,157,60,'Consectetur neque repudiandae consequatur consequuntur unde unde qui. Unde officiis id atque ab delectus. Ipsum molestiae rem ut unde. Numquam commodi nesciunt dolore sit.',0,'2004-05-06 19:11:43','1999-01-28 08:34:28'),(619,268,286,'Sequi sint in eum ipsa sit. Perferendis dolorem similique est excepturi debitis aut. Quia nemo soluta blanditiis occaecati qui. Voluptatum vero sed recusandae excepturi enim. Consequatur pariatur eum magnam eveniet ut deserunt labore.',0,'2002-08-30 10:58:29','1998-09-08 23:23:26'),(620,250,162,'Mollitia occaecati similique qui cumque odio non sint. Illo a officiis inventore facere autem quos sequi et. Quia est voluptas magni aut nemo hic.',1,'2014-06-09 02:10:17','1993-08-08 09:29:08'),(621,236,10,'Voluptatibus nihil dicta eveniet in aut animi unde ut. Commodi ex veniam aut ut. Fuga quo et praesentium aperiam.',0,'1976-10-29 13:52:13','2017-01-03 01:12:13'),(622,224,42,'Odit quis quidem aspernatur recusandae et commodi. Beatae voluptas rerum ex.',1,'2007-12-09 12:05:01','2020-10-29 18:43:49'),(623,79,241,'Quae earum reiciendis quam. Odit repellat aut omnis dolorem beatae.',1,'2009-03-04 11:22:16','2008-03-10 21:37:44'),(624,72,295,'Repellendus quo sed harum eligendi libero ut. Voluptatem error laborum et accusantium illum sapiente. Consequatur ut eos necessitatibus. Voluptatem adipisci distinctio totam officiis.',0,'1973-10-14 23:34:11','1993-01-19 08:37:52'),(625,240,62,'Voluptatibus inventore qui sint ex placeat eius amet cumque. Dignissimos veniam consequatur nulla accusantium maxime nisi. Aut qui et voluptatem suscipit magnam. Qui sit impedit dicta esse sapiente voluptas est.',1,'1988-10-22 21:47:13','2003-02-14 15:57:14'),(626,86,123,'Omnis iste eos enim voluptatum doloribus voluptates assumenda sed. Aut eligendi voluptatum non quam provident consectetur eos. Excepturi alias quidem harum aperiam facilis iste.',1,'2014-02-10 07:26:21','1990-03-16 17:09:14'),(627,66,296,'Ipsa enim ut sit sunt atque nemo. Eos quo quia non modi nam. Ipsam non est qui sed eligendi et. Explicabo id inventore suscipit excepturi consequatur minus sunt corporis.',0,'1976-01-03 11:47:33','1988-06-09 12:14:53'),(628,183,285,'In quos ipsum aut facere. Et repellat voluptatum et eius labore aut. Laborum dicta velit optio et earum.',1,'1974-02-10 11:25:35','1994-09-28 22:07:58'),(629,171,67,'Necessitatibus libero aut porro consequuntur perferendis ut quis. Repellat quis maxime delectus incidunt vel. Sequi adipisci totam laboriosam nostrum veritatis qui debitis. Odit sed occaecati amet recusandae autem. Laudantium itaque a atque est quia saepe.',1,'1972-02-29 23:11:11','1970-07-29 05:06:21'),(630,192,177,'Eos distinctio rerum ducimus velit fugit. Dolor voluptas optio eius mollitia corrupti ducimus. Facilis eligendi officia alias expedita suscipit tempore distinctio consequatur. Dicta quam sit incidunt autem.',1,'1996-01-11 12:08:35','1986-01-13 09:54:35'),(631,95,247,'Repellat sequi voluptates commodi. Et deserunt autem cum illo dolor similique. Totam ea omnis autem dolor ipsam dignissimos labore.',0,'2013-05-02 11:24:26','1998-02-08 19:16:38'),(632,223,69,'Voluptates est provident similique ut laudantium sit. Omnis tempore eum quo perferendis. Reiciendis quisquam aliquid ut corrupti voluptatem distinctio et. Incidunt qui voluptatem enim sed.',0,'1977-11-21 07:20:39','1981-03-20 15:35:55'),(633,130,79,'Quidem aliquid iure eligendi quia. Porro accusantium blanditiis qui distinctio. Dolores quo vel asperiores aliquam maiores eum vel.',1,'2000-01-03 00:52:06','2008-09-21 13:50:53'),(634,129,97,'Dolore doloribus autem ab autem inventore qui corporis. Saepe molestiae dignissimos porro qui. Consequatur ut nostrum quia.',1,'2016-10-29 02:18:06','2005-10-13 06:06:57'),(635,64,78,'Dolores id voluptas possimus ad consequatur voluptatem. Exercitationem ut soluta fuga. Vel et architecto velit soluta est quis ratione.',1,'2018-11-28 16:02:57','2006-07-31 14:24:44'),(636,259,300,'Necessitatibus ipsa iure pariatur ut soluta dolorum quod. Quasi non voluptatem inventore quisquam aut quis. Dolore vero ipsam velit ipsam optio laudantium.',1,'2014-06-18 20:05:09','1981-02-13 12:51:49'),(637,88,183,'Pariatur est porro occaecati non. Deserunt et sed ut enim et saepe. Odio consectetur non vitae harum consequatur.',1,'1995-08-10 00:02:40','2004-10-21 02:21:17'),(638,42,166,'Adipisci est vel quo incidunt voluptas recusandae consequuntur aut. Consequatur maiores asperiores blanditiis. Facere recusandae itaque molestiae id animi ad et excepturi. Ut quas nesciunt et.',0,'2017-04-22 13:21:38','1976-03-09 11:05:31'),(639,124,113,'Asperiores et dolorem sunt odit. Magnam voluptatem quia corrupti sunt. Error modi enim culpa qui expedita delectus ut.',0,'2006-02-08 03:06:57','1985-12-05 01:28:20'),(640,160,63,'Aspernatur nostrum praesentium laborum nulla. Eveniet eos id rerum ut rem et. Eveniet eos dolor nostrum reiciendis consequatur aut. Consequatur sapiente pariatur ut ratione ut.',0,'1979-07-12 02:10:45','2008-06-25 12:18:20'),(641,175,246,'Omnis delectus incidunt velit et ad error. Aut sit aut non. Sed reprehenderit et sapiente quia non voluptas.',1,'1988-07-11 08:02:33','1980-08-07 16:05:10'),(642,186,240,'Possimus nihil quis dolores in nesciunt consectetur. Inventore vitae in et totam atque. Aliquam expedita dignissimos dolorem ducimus voluptatem id accusamus. Necessitatibus consequatur minus quo tempore et.',1,'1986-04-29 01:44:51','2020-04-11 03:35:41'),(643,241,68,'Et ipsa deleniti suscipit tempore possimus. Deserunt qui unde delectus. Non est eveniet qui tempora quis rerum. Repudiandae consequatur soluta qui temporibus laborum illo.',1,'2003-01-20 22:53:50','1989-05-12 01:14:54'),(644,225,112,'Consectetur qui enim explicabo repellat perferendis. Amet veniam aliquid est voluptas quia. Tempora aut quo eligendi ratione modi consectetur est.',1,'2007-07-25 22:36:58','2004-10-21 01:21:31'),(645,134,116,'Porro laborum quis rerum ad occaecati temporibus ipsa. Reiciendis ab molestiae distinctio enim sint. Nemo aut rerum et rem praesentium consequatur.',0,'1981-10-14 04:51:58','1985-07-22 17:43:29'),(646,289,229,'Molestiae quam tempora sapiente fugit harum voluptatem saepe. Dolorum dolores iusto deserunt et a.',1,'2010-02-06 14:32:45','1987-12-15 04:17:21'),(647,62,211,'Officia corporis qui optio delectus aut est. Accusantium voluptate odit in placeat sed. In corrupti magni consequatur voluptas nihil.',0,'2010-06-14 04:39:23','1997-05-30 20:30:40'),(648,298,192,'Eveniet quas ducimus ipsa iure. Perferendis tempore aut est. Libero possimus quaerat officiis laboriosam. Quaerat at soluta aperiam modi soluta asperiores ex.',1,'1994-01-31 03:28:13','1996-11-14 04:06:18'),(649,290,126,'Atque mollitia quam asperiores corrupti. Mollitia doloribus sit error ducimus. Et nulla est maiores nesciunt accusamus. Aliquid consequatur ipsum ea quisquam sit reiciendis quia.',0,'1987-08-23 04:14:14','1985-11-28 12:49:51'),(650,288,54,'Molestias totam saepe quidem consequatur vitae deleniti. Consequatur perspiciatis rerum id illo consequatur ut aspernatur. Eum quod quo illum reprehenderit neque iste ut.',0,'2002-05-13 10:21:20','1973-06-05 16:32:40'),(651,204,247,'Cumque voluptatem id suscipit beatae occaecati odit praesentium sed. Enim quis et cupiditate amet et. Ratione reiciendis est dolor deserunt et molestiae alias.',0,'1981-02-03 16:23:32','1983-07-06 04:28:51'),(652,53,291,'Alias fugit aliquam accusamus. Possimus qui reprehenderit est illo voluptas eius molestiae. Qui et voluptas temporibus corrupti modi.',0,'2015-05-28 12:18:17','1991-11-07 19:33:50'),(653,129,94,'Aut ratione molestias placeat et. Et quam odio temporibus et. Eos temporibus nisi dolorum dolorum voluptatibus libero quisquam.',0,'1987-06-21 17:16:29','2006-04-09 10:20:44'),(654,156,252,'Quia et a est quis. Necessitatibus necessitatibus sequi laborum saepe illum itaque eum provident. Illum et qui libero est porro.',0,'2020-07-10 18:54:33','1988-05-05 04:17:31'),(655,207,16,'Neque quidem quaerat animi quidem facere quia. Corrupti quia nihil inventore culpa est cupiditate nihil tempore. Ut dolorem nam qui incidunt impedit nemo delectus fuga. Quis ea facere dolorem minus repudiandae in.',1,'1974-12-14 15:57:24','1988-08-10 18:47:38'),(656,15,81,'Non culpa et voluptatibus qui. Et dolores suscipit voluptates dicta et dolorem.',0,'2007-04-08 03:08:45','2004-07-02 00:50:21'),(657,261,200,'Necessitatibus voluptatem et mollitia voluptas non velit. Minus eius dolorem maiores voluptas error reiciendis et repudiandae. Sed deleniti nihil omnis libero architecto. Ab soluta necessitatibus et corrupti porro pariatur.',1,'1987-05-06 10:04:29','2008-08-27 04:59:27'),(658,21,202,'Rerum et vel debitis error voluptatem. Quia voluptas blanditiis unde sit et aut voluptates. Nesciunt aspernatur odit adipisci sint velit.',1,'1994-03-12 02:56:21','1998-02-11 00:49:16'),(659,268,246,'Dolore non ut ut sapiente. Vitae deserunt dignissimos vero est eos. Quia pariatur explicabo quisquam voluptates.',0,'2010-11-08 09:20:43','1977-02-13 06:00:29'),(660,14,101,'Labore numquam alias itaque et consequatur sunt ipsum. Quis delectus quo voluptatem tempora magni dignissimos nihil. Aspernatur consequatur neque modi explicabo.',1,'2001-11-09 11:37:50','1997-07-30 10:16:09'),(661,61,2,'Quisquam iusto et aut ad doloremque hic quia. Dolorem odio quo doloremque hic earum provident. Voluptas autem sint qui. Non accusamus at qui sed.',0,'2006-03-28 03:02:45','2002-11-22 02:22:00'),(662,30,123,'Quod dolores consequatur optio aut. Perferendis odit quaerat omnis voluptatem esse. Ab ipsum earum aliquid est. Praesentium quod aut laborum error maiores est. Et consequatur nam dolor velit.',0,'1983-02-24 02:06:11','1986-06-03 03:24:35'),(663,213,27,'Et illum quas provident id minus hic. Sapiente aut qui recusandae qui et voluptatem sint. Saepe ut sed velit quod distinctio.',0,'1973-11-27 11:10:05','1983-05-24 14:59:03'),(664,14,202,'Quo minima nisi in et soluta iure praesentium. Perferendis dolore quo repudiandae quod. A iste occaecati beatae earum.',0,'2020-10-20 08:34:27','2000-06-09 09:39:58'),(665,153,2,'Aut vel sunt quidem delectus. Quo voluptas voluptas enim ab consequatur. Aliquam hic animi quo non minus qui quas. Ad assumenda beatae dolorum.',0,'1989-11-04 04:08:37','2014-12-06 04:07:36'),(666,256,56,'Distinctio tempore sit nostrum sequi ut eum. Aut voluptate aspernatur voluptas rem et pariatur. Accusamus laborum dolorum quam enim voluptatem.',0,'2019-03-21 06:45:20','1998-02-03 23:41:31'),(667,248,8,'Fugiat dolores occaecati nostrum. Dolores ab earum et quod nam iste. Dolores qui qui numquam.',0,'2020-10-14 07:37:17','2017-06-21 15:43:01'),(668,46,77,'Aliquid sapiente quod maiores at ex ratione similique. Accusantium voluptatum expedita natus dolore ut magni. Molestias pariatur tempora qui.',0,'2014-10-15 11:34:00','1974-08-30 08:23:04'),(669,102,202,'Libero reiciendis officiis maxime soluta odit. Dolorum vitae a impedit sapiente quis corrupti ipsum. Ullam at quia ut mollitia. Ut et maiores nemo cupiditate.',1,'1985-05-21 00:24:59','1993-02-18 12:49:45'),(670,28,8,'Nesciunt temporibus officia est et nulla. Expedita sequi officia ut in ipsa. Neque dignissimos cum sunt maxime repellat mollitia fuga.',1,'1999-09-11 01:44:01','1970-03-08 08:46:19'),(671,218,43,'Ab laboriosam ea sunt fuga porro qui. Atque et maxime asperiores omnis sint reiciendis. Sit alias id deserunt sequi.',0,'1994-04-15 07:52:15','2004-10-21 12:02:30'),(672,89,178,'Tempora magnam sint dolor quia nisi enim. Suscipit nulla dolores inventore fuga et veniam. Non eum ullam dolorem assumenda qui.',0,'2016-08-09 02:01:05','1976-10-23 18:04:42'),(673,242,110,'Nam quod quam fugit in. Corporis minus voluptas sit provident dolorem autem. Aut omnis voluptate impedit iusto officiis. Ut nihil totam aut debitis nulla corporis laudantium necessitatibus.',1,'1995-11-24 17:06:12','1971-06-01 06:55:30'),(674,80,210,'Et nisi esse asperiores vitae dolores. Earum repellat sed est et. Omnis tenetur nulla quis et. Voluptates eos et blanditiis ex nobis voluptatibus.',0,'1974-01-28 22:14:53','1987-11-14 00:36:25'),(675,55,93,'Libero repellendus doloremque voluptatibus natus delectus. Aspernatur et omnis rerum tenetur voluptate deleniti. Alias necessitatibus vero tempore error dolore sequi aut. Est sunt consectetur aperiam soluta excepturi.',0,'1982-08-17 09:33:01','1999-02-08 15:32:28'),(676,11,116,'Eos beatae quia totam labore explicabo sit non quo. Corporis repudiandae voluptatem eos voluptas eveniet est est. Mollitia labore eum nihil facilis. Accusamus sequi veritatis ipsam quae culpa. Minima dolores et enim ratione blanditiis atque hic.',0,'2000-02-20 06:59:06','1987-11-10 08:28:25'),(677,95,40,'Fugiat repellat sed aut autem delectus. Reiciendis quasi tempore nulla aliquid nesciunt nam eveniet. Maiores incidunt et voluptatem et aliquam. Id eligendi voluptas aut est placeat. Ut voluptatem aliquam quae repellat adipisci sed voluptates.',0,'2020-01-04 22:24:07','2001-12-20 21:47:08'),(678,239,7,'Magni odit cumque quidem architecto similique. Dicta quia natus et quibusdam sed iure saepe. Aut aut voluptatem rem repellat eos ducimus aut.',0,'2002-11-25 18:03:24','1982-03-02 18:28:31'),(679,67,253,'Et porro perferendis sed aut ex ex et. Ut qui et velit voluptas. Amet molestias minus dolorum sit non molestias est.',1,'2020-12-03 18:13:17','2019-12-14 17:25:15'),(680,209,219,'Distinctio earum odio quidem dicta. Necessitatibus laboriosam molestiae et ut soluta. Molestiae excepturi minus quos laudantium et eum saepe facilis.',0,'2014-03-01 10:39:27','1982-12-23 01:57:25'),(681,254,164,'Quod molestiae magnam esse voluptatem molestiae. Fuga natus nemo doloribus quos rerum. Voluptatem ipsum officia molestiae perferendis. Aut ea nulla ut enim minus quasi id.',1,'2008-01-27 17:41:12','2000-08-08 10:53:35'),(682,275,202,'Deleniti reprehenderit id provident et. Eos eligendi dolores assumenda est laborum. Nemo praesentium et cum occaecati totam perferendis.',0,'1989-12-26 19:58:59','1970-02-10 09:45:01'),(683,172,21,'In itaque aliquid aut autem omnis vel. Officia est hic adipisci nemo dolorum delectus illo. Non animi quia dolore ad consequatur.',0,'2006-01-16 08:45:14','2018-02-20 09:24:44'),(684,278,273,'Nulla rerum voluptatibus vitae excepturi. Consequatur repellat quam occaecati ut.',0,'1998-01-16 04:03:54','2005-06-13 08:25:23'),(685,222,6,'Laboriosam quae facere ut cupiditate vel. Et qui tempora iusto architecto eaque labore perspiciatis. Dolor explicabo quisquam aut quia quidem ea distinctio quisquam.',1,'2018-01-25 13:53:18','1990-07-10 10:45:35'),(686,281,140,'Ab enim fugiat eum aut fugiat placeat. Ullam voluptatem aut dolore architecto. Ducimus consequatur tempore dolor molestias incidunt voluptatem.',1,'2008-05-28 18:43:40','2009-02-01 15:34:45'),(687,48,70,'Quas non assumenda quod eum eligendi. Consequuntur doloremque voluptatibus iste. Ratione nemo delectus sint modi hic. Atque hic voluptatem incidunt saepe id consectetur dolores.',1,'1982-12-20 00:35:01','1991-02-14 00:24:08'),(688,17,290,'Commodi repellendus aliquam est illo ipsam vero autem. Autem quia aliquam corrupti officia. Ducimus quaerat quis saepe possimus sunt. Aliquid quos similique cum dolores maxime aspernatur.',1,'1998-06-24 20:02:28','2014-02-15 21:01:46'),(689,180,97,'Esse ratione voluptatem cum temporibus modi quos. Qui quo sint ullam. Ducimus saepe aut dolores aliquid cupiditate nemo aut.',0,'1988-12-23 11:58:30','1973-10-02 04:06:54'),(690,199,234,'Perspiciatis quibusdam cum ratione. Quo officiis quia suscipit dolorum.',0,'1994-10-05 22:12:03','1993-05-30 06:44:48'),(691,189,209,'Non sed nesciunt reprehenderit fuga earum doloremque numquam. Molestiae mollitia veniam quis.',0,'2006-06-24 11:43:26','1983-05-02 22:43:28'),(692,50,283,'Quidem sequi commodi ex ut. Sunt ad necessitatibus itaque. Nemo reiciendis possimus adipisci autem dignissimos. Magnam qui non natus id.',1,'1976-12-03 00:20:02','1986-05-26 14:40:22'),(693,249,288,'Error delectus maxime harum dicta consequuntur iste molestiae. At et repellat ut quis magni quos sint. Ullam ut quo fuga earum culpa dolor omnis. Eos consequatur sed neque nesciunt rem eos est.',1,'2000-05-06 13:20:13','1988-12-22 01:42:02'),(694,290,16,'Ducimus quis qui reiciendis. Voluptatem dignissimos sint reiciendis itaque est. Magnam qui aut placeat quia. Ipsa iure tenetur sit aliquid delectus. Qui alias ducimus ex dolor dolores.',1,'1996-06-28 10:58:36','2010-05-24 07:21:50'),(695,241,198,'Dolorem velit quo non doloremque. Tempora doloribus minima distinctio iusto velit et incidunt. Repellat est soluta reiciendis totam.',1,'1981-09-19 04:11:29','1970-01-19 12:41:09'),(696,235,195,'Enim consectetur perferendis ea vero aut est eum. Enim nesciunt eius consequuntur ut nobis aliquam. Perferendis optio facilis blanditiis rerum.',1,'2004-04-17 20:12:48','1971-07-30 04:17:07'),(697,62,209,'Aperiam dolore voluptas nihil nobis et. Perferendis dolorem ex sequi distinctio. Maxime aut cupiditate consequatur vel doloribus quas. Maiores sed fuga ut repudiandae voluptas est.',0,'1993-08-15 14:48:41','2013-06-25 06:36:59'),(698,96,233,'Eaque error dolore consequatur quis. Dolore aliquid natus similique eligendi tempore optio doloribus. Ducimus placeat expedita at omnis. Debitis illum aut earum at nesciunt laudantium minima. Accusantium magni ducimus aliquam enim magnam qui illum.',1,'2021-03-17 14:32:23','1977-12-07 20:00:01'),(699,229,74,'Velit voluptatem vitae non nemo sit pariatur sint adipisci. Illum sit ea ipsum voluptatibus sapiente at velit. Excepturi eum voluptatem et enim.',0,'1988-05-28 12:59:45','1989-09-15 12:43:24'),(700,205,151,'Aut officia exercitationem nulla rerum molestiae unde adipisci. Consequatur quia possimus consequatur possimus. Veritatis necessitatibus atque dolores et dignissimos odio voluptas provident.',0,'2017-01-30 22:56:33','1984-06-30 11:43:22'),(701,80,186,'Incidunt provident beatae sed. Mollitia repudiandae autem omnis debitis quo suscipit. Ipsum reiciendis voluptatum alias cumque quae aut est dolorem.',1,'1996-04-01 03:07:38','1994-12-21 03:44:30'),(702,290,128,'Saepe cumque fugiat voluptatem assumenda. Optio nam reiciendis mollitia aperiam rem nesciunt dignissimos. Sit neque veritatis exercitationem odit est ipsum.',0,'2011-05-10 03:07:11','1994-11-11 04:15:12'),(703,255,7,'Error numquam harum et incidunt officia quis. Recusandae impedit similique eius aut eum. Alias dicta minima dolores quibusdam accusantium omnis libero.',0,'1975-02-05 14:43:27','1995-06-30 11:05:04'),(704,117,135,'Corrupti officiis et expedita quod. Nulla maxime repellat sapiente quo. Ipsum omnis veritatis doloribus eius itaque. Sunt corporis laboriosam vitae quod et et. Eos accusantium cum quisquam adipisci.',0,'1997-08-15 16:32:04','1979-08-11 09:23:03'),(705,103,16,'Quae deleniti cum repellendus soluta veritatis voluptates possimus quis. Magnam ipsum saepe aliquam quasi voluptatem a. Deleniti laborum nobis nam quasi quibusdam.',1,'2009-05-07 06:05:48','2010-02-01 12:57:33'),(706,68,292,'Maiores est est et et facere ratione. Voluptatem hic magni quibusdam unde ipsa deleniti aut ipsam. Eum ipsa perferendis vel dolore maiores.',1,'1986-09-12 13:14:10','1993-10-29 00:29:55'),(707,225,118,'Aut incidunt modi tempora repellat ut dolor. Sunt aut est fugiat. Sed enim ducimus et et.',1,'1971-08-02 02:51:20','1976-06-09 19:07:10'),(708,275,174,'Veniam expedita omnis quos aliquid nisi ab et. Dolorum dolorem blanditiis velit iusto amet est. Necessitatibus tempore minus dolores. Molestias hic a excepturi error est voluptatem enim.',0,'2017-11-15 21:38:17','2018-06-30 13:57:44'),(709,106,264,'Dolorum maiores quaerat in aut id amet aliquid. Soluta tempore dolores quas numquam ut. Ea voluptatem mollitia et id. Sunt molestias perferendis reprehenderit.',1,'1984-07-29 16:24:41','1996-05-31 22:43:20'),(710,189,46,'Laboriosam qui aut ut delectus recusandae ullam dignissimos. Soluta quibusdam totam ab consequatur unde eum. Ut temporibus repudiandae quos cupiditate quaerat.',0,'1999-10-19 03:20:57','1994-10-17 16:02:35'),(711,161,123,'Non minus esse illum. Dolores voluptatem quia laboriosam vel alias.',0,'2010-03-30 01:59:01','1972-07-03 12:33:12'),(712,240,222,'Sapiente aut sapiente numquam. Corporis quia dolorem maiores rerum dolores. Numquam molestias officiis est voluptatum corporis ea. Similique qui officia iure saepe enim error.',1,'1973-05-02 21:36:24','2012-07-16 22:07:07'),(713,32,36,'Et nemo aut vel amet ad cumque doloremque. Quae quasi sapiente laborum accusantium. Sunt neque sequi est.',0,'1982-05-28 19:47:38','2003-04-29 21:33:00'),(714,155,260,'Dolorem voluptates sint eos. Nisi reprehenderit earum et.',1,'1980-11-20 16:29:43','1972-09-30 20:18:50'),(715,110,60,'Debitis repellendus dignissimos modi velit consectetur. Non aut ipsum voluptate et voluptas nihil. Voluptatibus temporibus eum pariatur accusamus ducimus omnis corporis et. Et asperiores tenetur placeat velit sed facere voluptas.',0,'1975-01-13 16:30:16','1988-10-21 02:13:46'),(716,111,189,'Voluptatem voluptatem dolor earum sit numquam. Nisi saepe consectetur iure quasi hic non qui vero.',1,'1992-02-20 01:06:59','2006-09-02 15:49:22'),(717,245,101,'Quasi rerum quam nostrum ut in quidem totam non. Velit consequatur rerum quia. Repudiandae qui tempore quos deleniti et et. Amet accusantium maxime sed ex.',0,'1999-10-08 07:34:43','2008-06-28 17:27:02'),(718,16,200,'Exercitationem minima iusto quibusdam. Repellendus occaecati tenetur adipisci unde itaque velit. Deserunt est quas assumenda voluptatem incidunt dolore.',1,'2013-10-02 18:23:16','2017-06-28 10:29:30'),(719,108,133,'Sit vel numquam in quibusdam qui est perspiciatis rerum. Iusto architecto repellendus id. Maxime quia ut reiciendis repellat facilis eius ut.',1,'1980-07-18 07:23:41','1974-10-04 00:13:02'),(720,34,211,'Reiciendis earum esse facilis praesentium inventore consequatur tempora. Iste aperiam accusantium non modi. Expedita ut veritatis dolor necessitatibus. Et aliquid hic vel suscipit aperiam ut est.',0,'1981-05-12 12:20:03','2011-10-30 03:53:56'),(721,148,102,'Eius eum rem ipsam sequi molestiae corrupti. Fuga est vel sit non reiciendis ut sunt nulla. Nihil sed veniam cupiditate porro dolore.',1,'1981-10-23 14:44:55','2010-11-16 18:17:53'),(722,202,73,'Molestias ea ad quaerat nihil voluptas excepturi ducimus. Blanditiis accusantium qui voluptate placeat aliquid ipsam in. Expedita cupiditate illum beatae recusandae.',0,'1974-11-18 08:33:17','1978-01-04 05:54:16'),(723,219,176,'Autem fuga iure voluptas voluptatem pariatur pariatur. Asperiores asperiores quibusdam reiciendis numquam omnis accusamus ut. Doloremque quo cum quae inventore quas aliquam.',0,'1992-01-19 09:09:40','1988-03-05 09:48:03'),(724,246,24,'Eos laboriosam est ex necessitatibus. Tempora velit sint error perspiciatis cumque debitis debitis autem. Blanditiis sit deleniti modi nesciunt quis earum. Rerum sunt in perferendis optio animi repellendus.',0,'2005-04-27 17:06:03','2004-04-17 12:55:15'),(725,139,134,'Earum recusandae dolore explicabo et non quae. Possimus tempora minima velit aperiam id expedita incidunt. Aut quidem est quo aliquid est quis animi.',1,'2010-10-20 07:47:06','2007-09-20 00:03:22'),(726,70,300,'Aut debitis harum consequatur dolores. Vitae consequatur aut rem placeat praesentium. Dignissimos repellendus ipsum et amet eveniet assumenda et. Ut eum quibusdam impedit explicabo dicta tempora.',0,'1975-11-26 10:20:34','1999-12-11 02:30:43'),(727,257,9,'Ipsa voluptas temporibus nesciunt excepturi non eum quaerat. Necessitatibus fugiat fugiat quae veniam. Ut rerum dolorem fugiat autem voluptas dicta adipisci. Sit dolor et laudantium perferendis corporis inventore tempora nemo.',0,'1983-03-19 10:07:41','2019-11-02 12:05:24'),(728,222,288,'Quisquam ex et et illum sapiente consectetur. Iste consectetur saepe rem non laborum dolores. Officiis qui adipisci dolorum.',1,'2001-08-06 00:28:01','1998-02-17 00:30:56'),(729,44,76,'Consectetur odit ut quos quos nemo sint. Sequi consectetur eius qui pariatur qui excepturi fugiat. Non autem ipsa eum ipsum. Asperiores iure autem et voluptatem ducimus dolores doloribus voluptatem.',0,'2019-08-30 17:22:46','1980-10-03 23:33:37'),(730,248,154,'Necessitatibus tenetur provident veritatis repellendus repellendus ut illo molestias. Labore ut sint nihil ratione consequuntur libero. Error quam quibusdam dolores corporis aperiam.',1,'1982-10-11 01:49:32','1992-09-11 03:10:21'),(731,135,59,'Itaque laborum est qui dolores qui. Id cum harum id odit. Sunt explicabo quo quidem deserunt.',0,'1984-08-16 11:35:14','1995-01-05 06:19:43'),(732,42,80,'Ducimus nam laborum dolorem distinctio id omnis in sint. Cum sed et consequuntur voluptatem nesciunt temporibus. Nostrum sint perferendis nulla cumque officiis.',0,'1973-03-13 18:19:24','1989-12-19 18:11:49'),(733,159,57,'Enim optio sunt est vitae soluta atque ut. Aut autem autem qui commodi. Aut laudantium veritatis quaerat exercitationem recusandae. Dolorem tenetur est veritatis sed. Sit numquam reprehenderit id aliquid sapiente.',0,'1999-03-27 08:46:56','1981-08-09 00:24:06'),(734,280,267,'At deleniti velit sed itaque libero esse laboriosam. Beatae dicta eligendi ea laborum. Officiis sint ipsa enim. Quae vero quis sunt quia. Reprehenderit quia et nemo id.',1,'2012-07-31 12:26:29','1990-06-14 01:43:16'),(735,189,13,'Eum ab earum voluptatibus non natus nihil. Ut beatae excepturi libero est doloremque dolore. Eaque eveniet dolorem voluptatem ut autem doloremque eos.',1,'2008-11-19 21:35:16','1988-11-07 08:58:02'),(736,177,37,'Voluptas officiis id expedita aut sunt omnis iusto. Esse rerum animi aliquid fuga esse autem. Corrupti vero ipsum suscipit omnis. Atque voluptatibus ducimus ullam illum molestiae consequatur provident.',1,'2017-10-06 13:57:36','2001-12-06 20:50:03'),(737,115,78,'Harum similique qui odio porro at aut. Est eaque fuga est omnis quae aspernatur. Sed ipsum aut error sunt dolorem. Dicta doloremque vel nisi dolor neque.',1,'1996-04-02 19:33:17','2012-05-25 23:03:40'),(738,109,33,'Dignissimos unde qui quia illo officiis. Mollitia ut nihil quis hic perferendis molestias.',0,'1970-01-20 07:07:08','1971-07-28 10:20:09'),(739,254,54,'Quia odit accusantium nihil. Sit voluptatum aut delectus nobis molestias harum nihil repudiandae. Non enim quaerat porro deserunt doloribus incidunt.',1,'1985-04-04 21:45:30','1995-05-02 18:09:14'),(740,57,93,'Ex quam perferendis ea praesentium accusamus. Corporis dolore vero quis qui et qui. Quia itaque rerum asperiores. Ea cupiditate ipsum aut dolorem.',0,'1976-12-10 21:44:55','1975-08-17 21:33:03'),(741,188,126,'Voluptatem consequatur odio laborum sit. Dicta non reprehenderit quidem et autem nemo placeat et. Molestiae doloremque neque hic asperiores non quibusdam.',1,'1970-02-16 07:39:41','2012-05-02 15:38:37'),(742,92,145,'Aut eveniet dolore qui nisi. Esse nesciunt et aperiam est non beatae tempora sed. Saepe officia voluptas temporibus accusantium.',1,'1985-02-21 19:06:46','2019-08-07 21:50:50'),(743,135,14,'Ducimus quia rerum qui consequatur eum quia voluptatem. Voluptas quidem mollitia enim modi vel. Aliquid deserunt aliquid nulla voluptate quisquam et ut. Omnis harum consequatur voluptatibus odit exercitationem. Iure quam occaecati ullam sed et veniam.',1,'1979-07-05 01:08:47','2001-08-05 07:16:28'),(744,132,179,'Mollitia qui exercitationem animi consequatur aut dicta. Provident voluptas et odio. Est nam voluptates necessitatibus sit et consequuntur sequi. Aut neque nulla dolorem id odio facilis aliquam quo.',0,'2006-08-24 21:15:45','1990-11-16 21:56:52'),(745,89,80,'Temporibus ut porro laborum mollitia voluptates doloremque qui. Dignissimos aperiam reprehenderit id non. Sed natus adipisci sed fuga magni esse temporibus officiis. Rerum qui earum molestias dolorem saepe. Aspernatur sapiente qui sunt quo ut aut.',0,'1991-03-01 15:40:29','1980-09-26 01:31:17'),(746,32,224,'Repudiandae saepe aut corrupti temporibus iste quis omnis. Sunt laborum corrupti doloribus in doloremque nulla eaque.',1,'2000-12-19 21:17:21','1978-03-29 06:01:41'),(747,138,73,'Sapiente rerum at soluta. Non ad fugit dolorem ut delectus architecto cum. Deserunt assumenda iusto eveniet ut omnis eveniet. Iste dolorem est rerum distinctio ea nisi vitae dolorem.',0,'2003-07-31 20:48:46','1970-12-15 21:38:24'),(748,4,297,'Necessitatibus praesentium animi eum debitis nihil eos. Aut molestias quia et tenetur libero architecto eaque. Fugit asperiores dolorem qui vero adipisci ut ut. Exercitationem eligendi ut quidem dolores totam sit.',1,'1972-05-07 14:57:26','2003-05-20 01:37:46'),(749,130,283,'Quidem accusamus odio mollitia qui consequatur. Tempora natus modi qui esse laborum. Et ut perspiciatis rerum eligendi omnis et.',0,'2012-08-15 17:28:41','1976-09-01 14:05:28'),(750,263,19,'Aut similique dicta dignissimos ut. Aut harum quisquam assumenda explicabo et amet assumenda. Voluptatem voluptatem doloremque veritatis aut placeat.',0,'1970-03-08 12:05:58','1990-03-03 14:28:59'),(751,295,139,'Corrupti quia sunt maiores sunt ea similique et. Suscipit doloribus ut deserunt illum nostrum est. Placeat at commodi id eius minima sequi. Dolore cupiditate adipisci et asperiores.',0,'2005-08-24 05:41:42','2015-07-25 02:50:16'),(752,55,109,'Iste et quae itaque quos voluptatum nemo enim. Quia ratione fugiat et magnam aut nisi. Natus enim dolor amet quo sed.',0,'1973-04-28 05:29:11','1970-10-08 10:00:43'),(753,217,164,'Quis dolores praesentium rem et molestiae sequi. Necessitatibus quo praesentium tempora veniam distinctio suscipit quae. Repellendus ut consequatur eligendi sed ut dolor nihil. Aut et aut sit.',0,'2008-12-21 02:06:56','1979-10-28 14:53:28'),(754,142,171,'Commodi esse enim iusto rerum soluta. Inventore cum aliquid non eveniet reiciendis voluptatem. Voluptas culpa ipsam aut libero.',0,'2021-03-06 01:06:13','2004-04-24 19:39:44'),(755,218,199,'Est in laboriosam rem delectus ut occaecati dolorem velit. Reiciendis laborum ad repudiandae. Velit inventore quas velit architecto sint dolores ducimus.',1,'2015-09-12 01:19:24','2008-08-02 16:17:32'),(756,263,105,'Ea et earum aliquam enim et. At sit commodi sit. Inventore debitis totam ipsum unde rerum. Libero molestias temporibus ducimus ut rerum quod in. Et sed dolores totam dignissimos.',0,'1992-11-23 16:35:20','1993-03-20 03:20:20'),(757,25,55,'Quos facilis autem cumque. Non repudiandae numquam quibusdam libero qui dignissimos. Iure facilis eaque amet placeat. Tenetur quisquam dolores natus iste ullam dolorem et. Corrupti a qui quia est qui est asperiores eius.',0,'1973-02-19 17:49:05','1998-02-23 18:41:14'),(758,249,159,'Fuga sint atque voluptates amet. Qui vero sit eos voluptas repellat ut optio. Dolorem saepe labore deserunt provident omnis. Delectus ea voluptatem in culpa ea iusto quis.',1,'2007-06-12 09:07:47','1987-03-20 11:31:05'),(759,69,81,'Nulla voluptatem ut adipisci aliquid expedita consequatur. Ea vero necessitatibus nemo quia vel aspernatur. Vel sint ex eos amet maxime repellendus dolorum. Et laborum et et quidem.',1,'2007-10-17 07:18:57','2020-02-03 15:00:31'),(760,38,157,'A est incidunt sint mollitia aspernatur ipsum. Repellat ut dolores eligendi enim quod. Commodi cum et occaecati distinctio inventore.',1,'1973-06-18 23:32:06','1980-04-10 08:31:44'),(761,161,69,'Consequatur ut laboriosam earum deserunt sed soluta. Qui recusandae molestias distinctio. Saepe quas odit quis doloremque ex voluptas neque.',0,'1991-07-21 01:06:17','2009-06-22 01:58:02'),(762,81,299,'Repellat non id voluptatem aut et dolorem. Ipsum enim omnis enim dolorem est dolore sed. Accusantium tenetur minus incidunt modi cum soluta.',1,'1984-07-04 19:08:17','2016-12-11 13:11:04'),(763,142,84,'Excepturi non labore modi qui natus. Dolores rerum perferendis fugit quia eum maiores laudantium. Nobis laboriosam et omnis sunt dolorem. Iusto temporibus maiores repellendus quae officia.',1,'2004-10-19 00:06:11','2001-11-13 18:13:26'),(764,296,271,'Ipsum pariatur optio ea officia et ipsam aut. Qui sunt nisi aut labore. Saepe incidunt aut porro voluptatibus.',1,'2020-04-21 07:17:47','1984-12-04 01:35:47'),(765,66,259,'Quos iste alias ipsam est. Quia ut eius eum aut culpa aut dicta facilis. Voluptas ullam corrupti nam quia sunt sed qui.',1,'1970-01-01 12:58:21','2018-03-02 23:19:15'),(766,289,61,'Nulla sint minima voluptatem fugiat ex. Nobis expedita delectus minus eum odit dicta. Officiis ducimus et nesciunt error. Cumque autem fuga consequatur molestiae laudantium quas. Blanditiis dignissimos aut illo et adipisci.',0,'1973-03-25 10:03:03','1986-08-17 13:56:44'),(767,98,44,'Doloremque modi ut quia dolores. Omnis cumque quisquam architecto est dolor qui nulla nulla. Ducimus quibusdam dolor eius hic tempora voluptatem. Officiis magni iste blanditiis. Exercitationem qui totam modi vitae aut.',1,'2001-07-26 19:48:36','2004-10-17 03:57:28'),(768,170,14,'Provident asperiores est dolores excepturi pariatur suscipit excepturi suscipit. Ut saepe modi rerum adipisci. Aliquam dignissimos provident aperiam sed et.',0,'1989-08-04 16:08:23','1987-02-15 19:06:42'),(769,207,12,'Iusto nostrum aliquam est dolores eum sed. Reiciendis omnis et vitae. Iste sed reiciendis consectetur tempore ducimus velit.',0,'1987-10-22 18:17:44','2008-12-05 00:55:11'),(770,185,124,'Dolor quasi eius quia illo. Amet ducimus ipsum dignissimos vitae et. Fugiat voluptates eos eligendi iure amet corrupti sunt. Corporis sed eos dolore repellat nihil non magnam et.',1,'2020-01-18 20:24:04','2020-06-18 02:36:14'),(771,211,148,'Ea eos unde dolor aliquid quis sed. Rerum dolorem veritatis inventore quidem quos ut quia. Sit voluptatem labore quidem quis dolorum aut.',1,'2018-10-22 11:34:22','1981-03-13 12:33:50'),(772,229,235,'Fugit exercitationem molestiae temporibus molestiae qui rem impedit. A libero ut magnam rerum quia. Veniam voluptas nemo maxime.',0,'1973-05-24 03:15:13','2006-03-27 23:50:53'),(773,202,178,'Corporis sed sit eum. Dolor et blanditiis sit doloribus doloremque ut. Et vel nesciunt deleniti dolor id voluptatibus molestias.',1,'1985-02-07 03:52:41','2002-05-23 10:18:37'),(774,94,271,'Aut sed laboriosam aliquid praesentium fugit earum. Animi occaecati animi modi quia molestiae nostrum. Dolorum maxime itaque consequatur neque illo.',0,'1995-07-16 06:51:06','2008-09-28 08:01:21'),(775,259,131,'Molestiae temporibus molestias laboriosam qui. Ipsa omnis suscipit minus. Perspiciatis repellendus totam quasi aut veniam perspiciatis modi. Consequatur nisi quaerat totam dolores animi.',0,'1988-07-27 17:01:00','1999-03-07 10:57:38'),(776,128,119,'Molestias explicabo nihil cupiditate natus nobis vitae hic. Odit modi non quam reprehenderit. Qui qui qui hic et inventore.',0,'1994-05-09 06:52:05','1996-11-25 08:49:43'),(777,199,208,'Corrupti ut et ex vero est. Ut et id sed nemo. Architecto nihil adipisci libero. Veritatis assumenda ratione eaque fugit ea.',1,'1987-07-07 14:39:05','2013-02-18 05:33:42'),(778,118,40,'Voluptas nihil aspernatur dolor nostrum corporis ut. Qui quia deleniti molestias occaecati. Tempore accusantium animi in eveniet quia.',1,'1977-04-15 15:13:33','1997-04-10 05:40:03'),(779,292,113,'Aut dolorem ut sint. Minima non mollitia est ea sint voluptas dolor non. Quia consectetur a quas dolorem consequatur autem inventore. Corporis et nihil accusantium dignissimos asperiores modi.',0,'1981-09-04 12:10:39','1978-10-16 02:56:36'),(780,11,58,'Corrupti molestias molestiae nihil nulla hic deserunt ab. Nobis est omnis nihil distinctio et omnis. Cum dignissimos laudantium cumque id qui fugiat quo. Et sequi qui nihil fugiat non. Et quis amet repellendus eius voluptates.',0,'2011-06-02 07:50:38','2020-05-08 10:19:55'),(781,71,299,'Aliquid repellendus beatae voluptatem et. Officiis beatae consequatur velit. Architecto suscipit explicabo assumenda dolorem deserunt repellat et sint.',1,'2007-08-22 02:54:59','1988-02-24 07:12:23'),(782,118,168,'Eos voluptatem ut aut nulla et. Atque impedit itaque numquam error nostrum id quos. Facilis possimus voluptas facilis quos quidem. Est eaque impedit ab non non nulla id.',0,'1980-09-11 05:18:41','2005-07-27 07:23:28'),(783,43,288,'Molestiae officia quod cumque doloremque dolores et. Assumenda expedita consequatur ut velit aut et. In dolores natus est aut sequi porro id dolorem. Voluptatem sit distinctio dolore minus sunt pariatur id.',0,'1999-11-15 23:43:56','2019-07-16 11:55:56'),(784,182,249,'Eum deleniti odit eaque. Quaerat dolorem omnis qui impedit. Fuga aspernatur dolorum sint harum iste.',1,'2015-08-11 11:04:27','1975-01-24 22:48:11'),(785,300,66,'Sequi fugit eum fugiat accusamus vitae. Perferendis facilis sapiente explicabo commodi. Sed qui saepe rerum sed voluptatem ea voluptas.',1,'2008-11-11 17:00:39','1995-11-12 18:25:26'),(786,72,210,'Dignissimos minima quas et consequatur fugit ullam repellendus. Dolorem atque et inventore pariatur. Modi omnis ut voluptatem est quasi quae.',0,'1979-05-28 15:02:11','2001-11-01 13:56:43'),(787,214,1,'Quia vel nam laborum nobis. Cum eos magni voluptatem facere dolor sed ullam. Sed enim sed eaque consequatur. Ad doloremque ipsum provident pariatur.',0,'2007-07-07 23:33:27','1986-01-12 19:11:09'),(788,144,116,'Impedit dolores libero provident deserunt rerum veniam. Unde labore est odio ad enim.',1,'2017-08-28 22:40:27','2017-08-12 15:34:05'),(789,178,237,'Dolor et aspernatur nulla ullam modi voluptatum. Eum id aut consequatur et beatae. Deleniti nesciunt similique facere repudiandae quo. Eaque vero non assumenda vel ut velit.',0,'1989-01-19 04:49:26','1999-08-07 08:46:38'),(790,86,136,'Vel facere nihil ut quis possimus sequi. Corrupti ut expedita accusantium. Vel pariatur reprehenderit ducimus pariatur veniam.',0,'1973-04-22 01:32:07','1999-02-10 04:31:31'),(791,67,213,'Praesentium autem sit aut voluptas iure. Deleniti alias ducimus voluptas laudantium. Sed ut consectetur quo adipisci quae. Perferendis voluptatem nam unde qui voluptatem.',0,'1974-08-01 08:19:44','1989-06-05 06:57:50'),(792,255,266,'Quam deserunt laborum quia quos quo aut. Neque aut autem doloremque recusandae id sit. Fugiat cupiditate harum magni animi ex. Quia voluptatum dolores reprehenderit voluptas molestiae.',1,'1994-11-27 16:08:43','1981-03-31 16:01:46'),(793,120,72,'Et delectus magni iure accusantium natus. Sunt sed neque pariatur fugiat vero eius doloribus. Sit qui quibusdam voluptas expedita et omnis consequuntur. Dolorem non tempora sit non qui rerum.',1,'2020-05-01 13:25:31','1990-06-11 10:39:27'),(794,6,112,'Nihil nobis vero commodi nihil illum sunt. Voluptatem et ipsam in quis. Dicta temporibus harum placeat sunt. Natus corporis optio et.',0,'2001-07-07 22:07:10','1982-06-30 15:20:42'),(795,185,16,'Eius accusantium ut earum consequatur rerum ut. Similique dolores deleniti reprehenderit atque. Voluptate vel voluptatibus expedita ducimus dolores.',1,'1997-09-15 04:59:05','1988-01-10 04:48:53'),(796,169,255,'Odio ex quia eos distinctio laborum. Architecto voluptatum perspiciatis accusamus molestiae doloremque. Et sit rerum itaque earum numquam exercitationem aperiam. Est sed ipsam provident voluptas ut rerum commodi.',0,'1971-08-07 20:43:17','1979-12-04 09:41:42'),(797,15,287,'Suscipit perspiciatis aliquam aut quibusdam dolor iusto hic. Molestias nisi voluptas error deleniti fugit. Consequatur maxime pariatur ut qui pariatur omnis in est. Perspiciatis neque dolorum nemo. Aut deserunt aut eveniet veritatis.',0,'1995-12-07 20:24:55','2006-05-15 21:36:46'),(798,123,57,'Nisi alias temporibus commodi et vero nisi illo sunt. Similique blanditiis debitis autem eum tenetur. Amet incidunt iure vel provident labore ab molestiae autem. Alias sequi iure voluptas soluta distinctio molestias.',1,'1978-05-12 16:59:18','2007-07-22 20:38:15'),(799,275,4,'Tenetur vitae sed culpa. Occaecati vitae voluptates impedit quae est suscipit officia. Quia et fugit quis. Laudantium sit harum illum alias beatae.',0,'2004-04-14 04:43:35','1993-10-02 16:24:24'),(800,5,274,'Officiis voluptatem est quasi tenetur. Placeat delectus in molestiae aut molestiae. Tempore architecto nesciunt hic quidem ad ea.',1,'2004-08-31 18:53:31','1971-07-25 13:27:33'),(801,70,77,'Minus quia ad delectus deserunt eligendi voluptatem. Quo dolorem sit voluptas corrupti. Blanditiis distinctio facilis atque beatae dolor. Reiciendis sequi vitae rem qui vel.',1,'1970-11-02 03:15:43','1976-09-30 11:25:41'),(802,183,283,'Porro ratione in sint tempore eum iusto. Suscipit distinctio nesciunt consequatur sint. Iste ut blanditiis aut atque maxime est qui ad. Quia alias totam placeat sequi perspiciatis voluptatem. Odio illum illum atque ea ea laboriosam.',0,'2017-01-17 15:38:59','2019-06-30 19:44:28'),(803,78,27,'Et a voluptatum ut est quaerat reiciendis. Animi hic delectus deserunt atque nihil soluta facilis. Omnis asperiores fugit ut enim aperiam repellat.',1,'1990-08-11 14:37:26','1982-03-29 10:43:29'),(804,98,255,'Debitis et consectetur molestiae placeat. Neque excepturi ipsa neque quaerat eaque. Non sequi corrupti excepturi iure et.',0,'2000-11-14 05:57:36','1974-02-13 20:01:42'),(805,264,184,'Sed nisi quibusdam et aperiam necessitatibus porro magni. Commodi labore id nihil labore voluptatibus ut temporibus. Et doloremque nostrum sit ullam.',0,'1988-01-26 15:57:42','1988-05-31 11:43:26'),(806,90,31,'Ipsum minus hic facilis quaerat aut. Est culpa incidunt ad totam enim fugit. Quisquam alias inventore nihil recusandae quibusdam minima.',1,'2016-06-24 21:02:13','1988-11-20 19:55:24'),(807,96,44,'Molestiae eaque amet tempore consequuntur. In eos consequatur corrupti non quasi. Aspernatur sint quasi architecto suscipit sunt sint deleniti. Non inventore tenetur dolore nostrum et.',1,'2018-02-25 13:13:30','2013-01-14 07:38:29'),(808,296,216,'Adipisci eum eligendi tenetur beatae alias cupiditate. Iste sed eos odit alias doloribus provident nihil quasi. Excepturi sint nam voluptatibus odit.',0,'1990-08-22 20:16:56','2001-06-10 05:36:58'),(809,116,1,'Sunt cupiditate voluptate qui magni aut et. Optio fugit praesentium sunt beatae exercitationem et quis aut. Consectetur aspernatur possimus et provident delectus reprehenderit vero. Ut doloremque est quo facilis hic.',0,'1971-10-12 18:30:00','2010-04-09 10:17:45'),(810,27,300,'Praesentium magnam nemo ut ut. Dolor iste quibusdam recusandae dolor.',0,'2016-10-19 19:08:13','1976-10-24 17:10:46'),(811,16,196,'Repellendus ut quia nemo qui dolore sunt delectus molestias. Ea repudiandae eos praesentium repellendus corrupti est esse. Voluptatibus repudiandae praesentium ut possimus at molestiae repudiandae.',0,'2006-11-16 11:05:54','1999-02-10 03:02:32'),(812,254,30,'Ea neque non illo est rerum. Tempore voluptas corporis libero a non. Assumenda quia repellat similique architecto numquam molestiae a. Veritatis quis repellat harum voluptatem cumque. Voluptatem sed quia omnis placeat labore accusantium est.',1,'1972-09-19 02:51:49','1996-03-23 10:19:22'),(813,182,77,'Quasi aspernatur quia dolores dolorem enim nihil architecto. Nobis expedita et dolorem possimus. Quos molestiae voluptas sit iure.',0,'1990-02-07 20:06:54','2008-12-19 16:10:29'),(814,87,157,'Et soluta qui totam omnis sed aut illum. Nisi est in odio aut ea dolor asperiores autem. Eveniet quae aliquam atque pariatur voluptate.',0,'1995-04-01 22:39:03','1989-04-06 02:14:17'),(815,81,92,'Possimus eligendi mollitia et. Error fugiat quo non quia. Delectus voluptates et repudiandae. Enim magni hic corporis facilis. Doloribus eius non dolore earum id.',0,'1978-01-09 19:46:53','1999-03-28 11:54:20'),(816,130,150,'Qui accusantium molestiae architecto placeat. Qui et esse vitae ex hic deserunt aut non. Molestias inventore aperiam magnam vero quo aperiam enim. Aliquid dolores debitis pariatur sequi excepturi inventore reiciendis.',0,'1993-11-06 12:18:39','2005-11-07 00:02:37'),(817,169,13,'Deserunt dolor quos accusamus aut esse consequatur. Eos consequatur nihil quidem. Quo corrupti animi in et et eos amet.',1,'1992-02-28 15:31:58','2009-08-23 16:10:37'),(818,133,246,'Non voluptatibus repellat voluptatem aperiam et. Debitis vel inventore et et qui est quas.',1,'1991-08-19 13:46:40','1978-08-25 12:26:53'),(819,40,231,'Eum eos praesentium aspernatur porro rem dolor expedita. Eius est ullam error et et fugit unde distinctio. Veniam ut dignissimos occaecati ut minus aut. Suscipit voluptas sint voluptatem voluptatum in id.',1,'2019-04-17 09:11:19','1999-05-22 13:31:34'),(820,200,3,'Quas et ea ex sint eum est. Voluptate velit in hic dolorum magni debitis et. Ea neque perferendis pariatur doloribus ipsam explicabo molestias.',0,'1992-01-06 00:43:06','2005-06-26 19:13:03'),(821,114,290,'Et ex sint omnis necessitatibus consequuntur. Placeat excepturi nihil veritatis dolor. Cupiditate perspiciatis fugit sed sed.',0,'2015-06-22 01:16:46','1998-03-11 14:13:37'),(822,33,210,'Facere non distinctio nesciunt facilis culpa aut. Nam saepe nisi asperiores quisquam laudantium id optio. Deserunt tempora accusamus quisquam alias. Culpa incidunt reprehenderit voluptas aperiam.',0,'2001-07-24 23:43:57','1975-10-19 03:59:38'),(823,34,28,'Et earum ut dolorum. Non aliquam velit porro dicta voluptatibus ab eos voluptatem. Accusamus pariatur et voluptas laboriosam vel eveniet quis. A asperiores eum autem amet.',0,'2012-10-11 20:14:23','1973-06-25 10:20:16'),(824,125,149,'Totam incidunt ut suscipit aperiam mollitia autem iusto. Odio eos illo aliquid repudiandae repellendus aut totam et. Ullam id accusantium quia molestiae. Autem ipsa animi voluptatibus rerum earum.',0,'1998-05-18 20:55:22','2003-06-27 00:01:25'),(825,29,151,'Explicabo sit aliquam quo quasi. Dignissimos blanditiis et cum incidunt. Nesciunt labore rem aspernatur molestiae qui. Dolorem nihil odio repellat quis nihil.',0,'2009-10-16 08:09:52','1983-10-04 10:11:00'),(826,148,44,'Nostrum autem quisquam magni sapiente molestiae sunt. Similique occaecati facilis veniam non magni.',1,'1985-02-10 11:38:41','1987-01-24 01:27:55'),(827,46,102,'Exercitationem non deserunt tempore ut et. Nisi debitis sed voluptatem enim rem fugiat. Magnam dolores ut amet ut laboriosam tempore. Veniam exercitationem quia omnis sit.',0,'2013-05-03 07:20:21','2001-09-26 18:41:03'),(828,74,228,'Iusto earum qui perferendis expedita sunt doloribus porro. Iusto eos quibusdam quod. Est ratione nihil ut suscipit voluptas alias.',0,'1982-08-31 13:42:59','2005-04-25 09:54:15'),(829,178,161,'Pariatur porro ut molestiae est. Quos repellendus similique pariatur ullam sunt similique totam. Similique facilis porro blanditiis molestiae.',1,'1970-03-25 02:07:39','1978-04-23 02:30:56'),(830,85,259,'Qui eum rerum et perspiciatis saepe adipisci vel. Totam rerum et numquam. Quisquam ut id esse consequatur aspernatur minima cupiditate.',0,'1981-01-18 18:07:22','1992-04-12 18:24:38'),(831,252,214,'Libero qui aut possimus veritatis. Deserunt quas voluptatem consequatur dolor sapiente. Quod eos rerum maxime voluptatem alias quo a. Inventore corporis et consequatur dicta. Doloremque deserunt id ut animi.',1,'2002-06-17 06:25:51','2009-12-06 10:11:19'),(832,109,121,'Nemo qui neque id eum quibusdam. Quia officia est pariatur sed harum nulla aliquam. Quae voluptatibus nisi voluptatem neque saepe. Doloremque dolorem tempora sapiente.',0,'2009-03-27 16:55:07','1996-01-02 02:03:43'),(833,227,241,'Voluptas nesciunt vel consequuntur officia qui quia possimus accusantium. Fugit officiis at voluptate eveniet quis ducimus incidunt. Et voluptatem ut perferendis ut. Et aut impedit nobis necessitatibus animi fugiat impedit.',1,'1982-07-16 16:03:26','2000-06-01 16:46:14'),(834,66,266,'Iure vero est qui nobis. Reprehenderit voluptatibus labore iste perspiciatis officiis culpa voluptatem. Inventore ab qui atque consectetur.',1,'1986-11-14 18:03:55','2008-01-17 09:00:38'),(835,172,266,'Consequuntur qui consequatur facilis sapiente consequatur suscipit non saepe. Minus necessitatibus necessitatibus dolorem voluptas distinctio ab ratione. Molestiae et quae enim id eum tempore. Quae qui id quam esse.',1,'1982-10-18 15:25:52','1981-06-05 01:51:33'),(836,269,286,'Ea iusto consequatur autem perferendis earum nihil. Laudantium ipsam illo esse ducimus natus et est. Ad eum aut sapiente magni omnis magni facilis et. Delectus et officia alias ipsum officia.',0,'1989-09-25 21:16:43','2015-09-03 06:44:14'),(837,255,1,'Nesciunt dolores iusto aperiam alias. Delectus officiis rerum qui non quia tempore. In quo vero itaque enim iure quis. Sed hic dicta totam asperiores aut harum.',0,'1999-11-12 18:06:54','2018-11-01 13:57:02'),(838,195,289,'Neque minus et magni. Quod nobis tempore rerum ullam incidunt illum consectetur provident. Sequi est tenetur quasi molestiae sapiente.',0,'1987-09-03 09:14:55','2001-07-01 14:45:54'),(839,29,19,'Ut fugiat eligendi sit sed. Vel cumque ratione ad consectetur error. Iste temporibus sunt at omnis quisquam.',1,'1983-12-27 02:40:17','2012-12-10 19:41:47'),(840,137,57,'Accusantium esse omnis omnis qui dolorem. Aut alias ipsum error quia. Accusamus doloribus quasi iusto placeat perspiciatis.',1,'2018-10-22 21:29:26','1984-06-21 11:55:41'),(841,170,285,'Ea maxime rerum neque repellat molestiae quidem. Expedita aspernatur repellendus molestiae.',0,'1996-12-16 11:55:30','1974-01-12 11:52:51'),(842,101,216,'Asperiores et autem nesciunt totam. Facere recusandae ipsa ipsum. Soluta iure est quo quisquam ea maiores. Laborum itaque voluptatibus accusamus excepturi est sit quia.',0,'2006-06-19 02:58:26','2000-09-16 04:55:44'),(843,86,175,'Ut quibusdam veritatis eveniet porro sequi est mollitia temporibus. Quia ut consequatur sit maiores similique qui. Blanditiis quisquam fugiat odit et corrupti facere. Et ut totam autem doloremque.',0,'2009-09-23 07:54:19','1992-12-08 00:03:46'),(844,144,264,'Laudantium autem deleniti voluptatum et. Illum occaecati tempora fugit voluptatem molestias eius id. Ratione repellendus exercitationem aut ea minus.',1,'1977-03-02 01:31:51','1985-12-31 04:18:20'),(845,35,228,'Sint ea ipsa reprehenderit hic omnis aliquid repellat. Repellendus sint aut ipsam asperiores consequatur non. Commodi vero ipsa et incidunt.',1,'1970-02-14 12:35:02','1981-06-28 07:02:58'),(846,222,287,'Aut omnis quis molestias. Reprehenderit illo voluptatem quisquam aspernatur alias nisi et. Sed repellat cum quasi. Nostrum hic sint aut est at. Laborum accusamus odit laborum perferendis.',0,'2000-04-12 16:28:05','1972-12-22 12:27:26'),(847,142,30,'Deserunt eos ab blanditiis et sed excepturi delectus quis. Quis enim aut expedita possimus et voluptate et. Aliquam rem inventore perferendis et ipsa recusandae non. Nihil reprehenderit et qui.',0,'1976-05-10 01:23:17','2012-07-14 00:01:37'),(848,107,68,'Recusandae eius in ut ad officiis. Libero quo asperiores deleniti nobis aspernatur in. Quas eos ducimus qui cupiditate et. Enim veniam dignissimos cumque nostrum dolor necessitatibus.',1,'1979-08-23 17:21:11','1996-10-21 05:56:45'),(849,271,172,'Tempore ducimus cum atque repudiandae cumque. Itaque deleniti minus ab dolorem. Dolorem consequatur quis voluptatem dolore laborum ab.',1,'2012-06-17 16:55:48','2002-08-30 13:21:58'),(850,34,143,'Quos minus exercitationem maiores quisquam sit. Quos eum eum eligendi tempora quae et sint autem. Autem libero explicabo cupiditate deleniti. Nihil reiciendis iusto sunt et quisquam id quaerat.',0,'2020-12-24 15:15:31','2006-09-06 20:48:37'),(851,138,2,'Odit vel voluptatem et dolor. Saepe qui ut voluptas ducimus cum qui cumque. Molestias sed eius molestiae optio.',1,'2016-09-07 02:30:58','1984-06-27 06:16:35'),(852,128,92,'Facilis consequatur sint ipsa. Libero perspiciatis consequatur dolorum recusandae eos ut. Iure quo perferendis consequatur iste aperiam consequatur et. Unde ipsam reiciendis dicta vitae illum totam cumque.',0,'2012-09-14 20:07:22','1976-11-04 20:32:04'),(853,2,23,'Quia consectetur autem deserunt mollitia repudiandae. Optio dolorem ipsum molestiae voluptas ipsam. Voluptas et eos dicta ea perferendis et soluta. Aut voluptates tempora et et consequatur quas.',0,'2008-03-07 14:55:56','1990-09-01 08:10:51'),(854,81,30,'Odio autem vel vel. Nam sunt in autem. Officiis iste ea aut voluptatum nisi asperiores. Doloribus culpa sapiente voluptatem blanditiis.',0,'1985-06-07 18:30:11','1993-09-18 05:05:26'),(855,41,217,'Corrupti officia voluptatum qui et ipsa ipsum. Tenetur sit eaque corrupti at. Dignissimos illo ut quasi. Qui non repellat laboriosam optio dolorem qui.',0,'2001-01-29 22:47:45','2016-01-02 04:19:04'),(856,87,210,'Dicta at voluptatum velit. Sapiente vitae ut est vel. Optio voluptatibus quos quos illum.',0,'1970-03-23 18:33:36','1997-06-07 01:35:16'),(857,202,187,'Optio at soluta nesciunt vero eum labore. Beatae omnis vel quasi numquam vel. Consectetur consequatur ullam similique dignissimos rerum repudiandae. Sunt dolore nostrum nemo eligendi. Quidem in qui sed tenetur similique necessitatibus cumque.',1,'1994-01-09 08:46:42','1970-11-17 03:52:16'),(858,126,288,'Tempore dolores quidem et quia quia nulla maxime. Inventore voluptas et nulla minus ut. Laborum ut debitis sapiente porro omnis. Reiciendis vel quos illo et consectetur.',0,'1974-06-05 16:35:40','2014-02-25 02:51:20'),(859,61,269,'Laudantium sit assumenda debitis numquam minima autem voluptas. Asperiores iusto dicta laborum deserunt ipsa et quo ducimus. Amet cum nihil et expedita animi sint fuga.',1,'1980-08-30 19:27:31','2010-07-29 09:47:16'),(860,251,95,'Consequatur pariatur asperiores qui et ipsum blanditiis quam. Accusamus iusto vel nemo vel est veritatis. In non sed qui minima quis non id.',1,'1980-03-12 14:27:06','1986-07-25 05:53:11'),(861,196,173,'Non quis illum omnis autem minus. Alias dolorem est voluptas. Earum quas odio porro inventore.',1,'1971-08-29 12:20:16','1991-03-01 04:41:44'),(862,81,37,'Placeat qui eaque quam dolorum pariatur quia. Consequatur laborum sed dolorem et.',0,'2005-03-14 07:09:45','1983-08-17 21:59:18'),(863,203,187,'Est fuga deleniti officiis possimus. Odio excepturi aspernatur delectus tempora ut ut rerum. Ut impedit ea et officia cupiditate.',1,'1974-04-07 09:37:36','1985-12-14 23:06:38'),(864,105,174,'Modi suscipit quia quam quasi laboriosam. Asperiores enim earum nemo qui dolorem unde maxime. Ut voluptatem officia suscipit libero. Sed autem consequatur dicta adipisci voluptatem amet similique eos.',1,'1997-07-16 02:48:52','1996-11-07 16:37:15'),(865,59,138,'Facere tenetur quod maxime asperiores iusto dolor aspernatur. Praesentium veritatis molestiae ex inventore eaque excepturi quia. Non ut quia amet culpa nihil eveniet tempore. Ducimus omnis nihil voluptatem dolor repudiandae.',0,'1999-07-08 18:37:16','1999-07-04 03:47:10'),(866,16,196,'Et commodi temporibus asperiores. Nostrum at facilis deleniti et aut quam omnis. Laudantium nobis eius quasi error. Esse beatae occaecati et tempora aspernatur. Et dignissimos sunt earum quisquam ad.',0,'1977-11-08 03:30:51','1987-02-03 18:51:44'),(867,139,144,'Sunt mollitia non expedita incidunt sit aliquid sit. Occaecati omnis et nisi in eaque. Debitis voluptate aspernatur laborum autem sit. Ut at voluptatem culpa fuga.',0,'1994-09-23 06:40:31','1994-05-12 03:30:20'),(868,288,141,'Velit harum nobis officiis vel. Omnis laborum laboriosam molestiae fugiat nisi. Voluptatem magni praesentium officia est quibusdam. Itaque est vitae enim praesentium et optio. Dolorum inventore magnam expedita nostrum.',1,'1987-12-22 16:09:04','2015-04-29 14:08:30'),(869,166,68,'Distinctio nemo deleniti animi. Asperiores dicta consectetur magnam nostrum non sed quia. Natus veritatis ipsa nesciunt.',1,'1971-04-26 22:25:53','2005-02-25 15:44:57'),(870,171,206,'Tempora quae cumque deserunt voluptatem omnis. Qui qui sed itaque et. Et libero libero commodi nihil. Molestias quia pariatur earum quaerat totam doloremque inventore.',1,'2003-11-09 13:50:33','1997-05-25 12:59:44'),(871,285,257,'Natus aliquid numquam fuga repellat consequatur eos provident. Assumenda omnis possimus sit dolores placeat sapiente. Repudiandae et et magni cum et qui dolor. Odit saepe sunt totam.',0,'1999-01-15 04:29:39','2010-12-25 13:24:10'),(872,116,186,'Similique illo dolor optio. Voluptate nemo id qui enim facilis natus atque. Aspernatur est amet natus dolore ab temporibus.',0,'1978-11-02 18:42:59','1970-05-02 06:01:16'),(873,143,241,'Tempora voluptatum dolores aut numquam minima. Dignissimos sequi quia corporis in autem accusantium et. Temporibus et harum nemo exercitationem nesciunt expedita corrupti culpa.',1,'2021-05-25 03:21:29','2015-04-10 19:21:50'),(874,173,203,'Ut et sed corrupti iure dolores distinctio sapiente. Facere ad molestias maiores ut.',1,'1982-01-31 22:13:52','2004-12-19 02:31:22'),(875,210,124,'Enim eum architecto placeat cum praesentium rerum architecto. Necessitatibus cupiditate dolores et amet ut praesentium eligendi. Dignissimos non voluptas occaecati consequatur. Aut ducimus cumque ut quibusdam veritatis iusto sapiente.',0,'1990-07-08 08:12:11','2010-03-05 06:09:34'),(876,298,105,'Id cum sed libero iste. Officiis consequatur aut suscipit omnis praesentium. Accusantium libero nulla consequuntur modi. Iste nam enim iste ducimus recusandae ullam.',1,'1976-08-06 03:57:51','1995-02-26 01:01:06'),(877,297,78,'Et sint dignissimos delectus dolor et similique itaque. Et est dolorum quam alias quasi expedita. Est voluptas nihil ullam eveniet quod eum debitis.',1,'2004-05-30 19:05:29','2016-06-21 03:13:34'),(878,142,199,'Molestias eos ipsa asperiores id atque repellendus rerum rerum. A ducimus error laboriosam et dolorem dicta nesciunt. Omnis aut aperiam temporibus harum quo.',1,'1970-04-13 18:47:28','1976-03-21 01:45:10'),(879,265,246,'Minus ratione dolores vel autem architecto. Iusto ut eum molestias explicabo alias iste autem. Aspernatur voluptatibus sit numquam provident. Est sed enim veniam.',1,'1976-01-09 00:52:06','1979-06-21 03:25:04'),(880,72,24,'Officia temporibus aut in nostrum voluptates nesciunt. Voluptatem deleniti alias laborum ut laborum. Aut nostrum aut recusandae deserunt dolore soluta repellat.',0,'1979-12-26 21:09:47','1989-05-09 05:53:30'),(881,83,88,'Quis iste et explicabo corrupti. Unde quia ut dolorem labore. Et est aperiam occaecati et sunt quod est.',1,'2012-02-05 11:02:32','1991-02-14 18:55:42'),(882,219,222,'Praesentium eius qui temporibus blanditiis beatae. Quo corrupti similique ea voluptatum natus et ex animi. Dolore non quos qui.',0,'1984-11-02 02:22:32','1972-09-27 16:00:19'),(883,231,207,'Sunt voluptate error hic voluptatem. Sed non nihil qui et exercitationem quo. Atque porro ex ut mollitia quod aspernatur aut.',1,'2005-02-20 23:12:04','1972-11-13 23:38:12'),(884,62,96,'Dolore minima quae sit nesciunt et. Eum fuga et qui sit eius aut. Dolor voluptates enim nobis. Expedita quia dolor rerum saepe quos consequatur.',0,'2010-06-01 01:28:19','1994-03-03 21:44:19'),(885,274,232,'Dolorem maxime exercitationem harum voluptatem quo a. Non veniam adipisci tempora repellat non molestiae. Dolorum ex itaque quis labore possimus sit.',1,'2018-03-10 07:31:44','2006-11-19 05:48:12'),(886,2,259,'Molestiae vel officia quas error possimus reiciendis praesentium quia. Ipsam ex similique nulla ipsam dicta quidem. Fugiat tempora quis in. Magnam in est voluptatem quaerat.',0,'2003-11-06 05:19:25','1974-12-06 06:09:00'),(887,188,118,'Id veritatis ab veniam laudantium soluta vitae nostrum. Ut nihil consectetur cupiditate quo repellat tempora impedit. Et voluptatum fuga maxime voluptatem eius. Iure doloribus sed vel dolores commodi assumenda ex. Non voluptas consequatur numquam voluptas nesciunt unde sit.',1,'1997-02-22 00:30:47','2021-02-18 09:10:44'),(888,144,31,'Debitis ullam temporibus assumenda quia pariatur quas et ut. Itaque similique voluptate esse nihil esse ut. Ut sequi nobis veniam qui voluptatem. Sapiente est quo qui vel ut repellendus ut.',0,'1976-04-18 01:20:24','1986-03-06 12:59:54'),(889,59,17,'Et fuga velit deserunt ut nulla. Perspiciatis ab quo accusantium rerum quae iusto ut autem. Quia dicta eius error.',1,'2007-05-13 09:13:20','2017-06-15 01:53:35'),(890,233,268,'Molestias impedit vitae quo fugiat nobis et beatae. Dolorem consequatur recusandae enim amet. Et assumenda qui est alias.',0,'1993-12-06 11:09:31','2005-11-16 08:50:40'),(891,141,230,'Impedit maiores dignissimos corrupti deserunt. Atque ipsum expedita sequi qui nihil deserunt. Sit doloribus eum officia perferendis quo nobis reprehenderit. Harum voluptatem voluptates autem eum.',0,'2009-11-11 05:41:51','1977-08-16 19:54:51'),(892,73,137,'Sed vero sunt eos id. Aut omnis tempora aut. Nisi laudantium fugit deleniti inventore dolor ipsum. Enim id molestiae nam quis vero illo fugit.',1,'2019-07-03 23:47:44','2006-05-18 17:42:36'),(893,8,214,'Et assumenda qui tenetur similique debitis sunt. A non atque fugit a sapiente ut dolor. Eligendi nihil quo eius tenetur saepe dolorem. Vel voluptas cupiditate error est.',1,'2015-05-22 13:59:53','2007-06-16 12:45:49'),(894,36,272,'Dolorem est voluptas numquam voluptates laborum sequi. Nulla dolores provident illum harum eum possimus incidunt. Repellat qui ullam officia iste. Amet ut suscipit nostrum incidunt aut.',0,'2006-01-02 02:22:42','1979-12-23 18:02:27'),(895,159,107,'Harum vel tempore sit ex aliquam fugiat. Quo sed esse assumenda assumenda omnis ea. Laudantium at nostrum delectus.',1,'2015-10-21 22:16:31','1970-06-23 10:02:48'),(896,295,242,'Repudiandae voluptatem eum consequuntur voluptate voluptatem. Eos fugiat aut rerum accusamus eveniet iure. Ipsam quia quia qui consectetur voluptatem.',1,'2004-08-08 16:26:31','1993-02-20 19:02:05'),(897,195,214,'Voluptas quia quo commodi laborum qui facilis eos. Odit sint rem nihil. Eveniet omnis sit enim maiores aut rem perferendis et. Occaecati vitae omnis est unde.',1,'1995-10-29 16:11:40','1997-02-28 09:32:18'),(898,163,125,'Consequuntur voluptatem enim repellendus unde dolores quis. Facilis iste omnis magnam perspiciatis. Earum laudantium qui dolore repellendus. Quia nemo alias nam ut.',1,'2004-07-19 05:54:22','1987-06-09 16:22:34'),(899,120,225,'Ab occaecati ut distinctio eos quisquam dolor quia. Quo tempore dolorum ut sequi debitis. Saepe occaecati voluptas esse repudiandae.',1,'2020-10-23 03:36:45','2003-02-24 12:37:44'),(900,221,94,'Provident autem aspernatur illum eveniet esse quas maxime. Aperiam autem rerum sequi necessitatibus ipsum dicta. Eos nam expedita nihil facilis non sequi. Perspiciatis hic est laudantium laudantium placeat soluta officiis.',0,'2013-05-21 02:16:11','2013-08-04 07:43:35'),(901,157,223,'Fugiat nostrum nihil ab occaecati non doloribus. Dolores cum accusamus cum odio sed sapiente quas. Atque consequuntur excepturi qui qui eum recusandae sed. Ea qui distinctio ipsa qui animi at ratione dolores.',1,'2009-09-21 15:16:43','2005-12-28 08:10:57'),(902,52,44,'Iste suscipit minus occaecati sunt hic sint. Rem qui sint id placeat similique. Delectus et ratione sed numquam est optio.',0,'1978-09-03 18:06:45','1997-05-12 16:26:53'),(903,41,196,'Excepturi iure aliquam odio libero ducimus quia repudiandae. Ut et sit et praesentium eligendi officiis voluptas. Voluptates rem asperiores dolores quaerat occaecati sequi.',1,'1986-07-31 05:19:11','1973-10-06 07:44:41'),(904,74,99,'Aut ad et repudiandae necessitatibus architecto dolorem hic. Alias accusamus in qui sit. Et hic omnis itaque possimus at suscipit aut debitis.',0,'2006-04-08 09:36:56','2016-07-24 20:59:26'),(905,213,7,'Doloremque ducimus qui optio quis nihil beatae sapiente. Commodi vero aut nihil voluptatum eaque. Aut ratione rerum sint consequatur. Sit beatae debitis eum beatae est voluptatem rerum. Quo occaecati adipisci dolor debitis et.',0,'2012-04-12 14:57:15','2021-05-18 05:49:41'),(906,67,53,'Est et recusandae vero expedita eligendi occaecati. Nihil rerum voluptatem magnam et non recusandae est. Inventore doloribus nesciunt optio totam sunt corporis. Quaerat et dolor enim facilis laboriosam id tempora. Iure laudantium blanditiis similique nobis.',0,'2009-12-02 03:43:49','2006-03-28 16:55:05'),(907,236,140,'Temporibus beatae et nesciunt delectus. Nesciunt molestias quo autem eum. Cum ut consequuntur nobis.',1,'1975-09-09 21:42:25','2020-08-05 12:37:43'),(908,189,244,'Est commodi eum et aut laboriosam. Beatae accusamus sint beatae labore excepturi ab odit. Itaque placeat ad occaecati est error impedit nostrum maiores.',0,'2018-08-19 15:50:54','1987-09-27 09:58:27'),(909,53,225,'Distinctio sint fugit laudantium sunt expedita consequuntur qui. Minus eum officiis ipsam aut iure id. Ut omnis est est est est voluptates.',0,'1977-08-01 23:52:22','1981-07-09 03:16:58'),(910,216,212,'Facilis aut autem suscipit similique. Quo vel ab repellendus porro vel molestiae. Sed laboriosam velit dolorem praesentium excepturi deleniti quidem corrupti. Rem unde debitis eum voluptas.',0,'2012-07-16 23:48:49','1999-06-11 16:40:19'),(911,32,211,'Beatae vitae facere doloremque dolores aliquam. Libero illum temporibus aut eos. Perferendis odit consequatur dolorem est nesciunt.',0,'2000-03-31 12:55:49','2012-09-20 22:53:50'),(912,154,226,'Maiores in porro similique in dolorum quae beatae. Et recusandae ullam quisquam non cupiditate recusandae sint. Voluptatem mollitia enim maxime illo ex.',0,'1972-04-04 02:19:12','1973-10-30 16:56:51'),(913,124,16,'Fugit quis eligendi labore ab ea. Rerum id explicabo qui odio aut voluptas at.',1,'1978-08-29 18:26:29','2019-03-07 16:24:13'),(914,51,244,'Temporibus velit sequi facilis cupiditate. Nulla explicabo omnis dolorum magnam asperiores et. Inventore sunt natus dolor possimus quos voluptatem aut. Reiciendis alias doloribus tempora cupiditate officiis consequatur corrupti.',1,'2020-11-28 23:48:22','1992-06-25 00:43:39'),(915,241,272,'Eveniet asperiores aut ab soluta. Delectus eum id laudantium consequuntur id quis occaecati non. Laudantium nulla est animi sunt est. Laborum numquam odit a qui nihil qui.',0,'1971-05-28 17:24:36','1986-01-16 16:01:01'),(916,37,97,'Eius et debitis quam ipsa et illo. Et labore eveniet impedit corporis nobis officia omnis excepturi. Voluptas aperiam numquam deleniti ad.',1,'1974-10-22 21:27:05','1986-05-03 15:48:41'),(917,194,89,'Iusto quia id adipisci ea id. Quasi eum qui voluptatem repellendus nesciunt. Deserunt ut iure perspiciatis esse quae hic illum. Voluptas culpa ullam sapiente illum exercitationem voluptatem et.',1,'1974-07-04 07:20:08','2018-08-20 11:50:37'),(918,141,234,'Dignissimos esse dignissimos deleniti tempore velit ex necessitatibus. Sit illo ea expedita soluta qui. Impedit ipsa aut numquam quas quos aliquam.',0,'1989-01-05 11:46:46','1975-07-07 04:16:42'),(919,284,214,'Exercitationem qui molestiae hic. Voluptate a officiis optio. Et molestiae consequatur iusto perspiciatis magnam ut.',1,'1981-01-10 02:12:03','2020-11-26 12:00:24'),(920,33,197,'Ducimus ut adipisci excepturi sunt soluta officia asperiores. Iure blanditiis repellat nesciunt explicabo quae. Rem mollitia quo repellat dolor laboriosam quia. Rem nam ut ad eligendi voluptas veritatis magnam.',0,'2018-02-23 11:10:10','1977-04-06 15:15:24'),(921,221,100,'Maiores autem fugiat eos dolorem nam dolorem. Quaerat laborum nesciunt quisquam autem consequuntur ut non animi. Doloremque ut vel nisi accusamus. Ea et maiores alias quos.',0,'1990-12-07 15:39:23','1994-11-09 15:52:46'),(922,249,157,'Maxime ea ratione doloremque dicta ipsam et sint. Consectetur nulla ullam est velit dignissimos.',1,'1983-07-23 23:31:53','2006-11-16 03:05:21'),(923,239,138,'Maiores cumque fugit iste consectetur. Qui magni pariatur provident eligendi numquam omnis animi veniam. Maxime vel iure sit voluptas expedita eligendi.',0,'2017-11-04 10:15:24','1998-08-28 11:51:55'),(924,100,292,'Aliquam et blanditiis culpa debitis. Enim ea doloremque rerum expedita inventore. Eveniet eum quod omnis distinctio laboriosam qui. Qui ipsa atque voluptas.',1,'1970-03-13 18:16:51','1973-10-13 20:34:49'),(925,62,15,'Suscipit non odio sint qui. Ab sit deleniti vel saepe tempore. Officiis tempora quis dolore voluptatem facere.',1,'1975-02-02 01:01:58','1987-12-28 11:03:55'),(926,203,93,'Dolorum aliquam quis ut. Totam nostrum sit possimus facilis. Rerum rerum quibusdam sint porro exercitationem minima. Et id et repellendus impedit.',1,'2010-04-05 22:28:27','2008-09-09 04:33:20'),(927,225,56,'Illum aut ut eius aut ipsum. A est error corrupti rem. Illum consequatur placeat et.',0,'1978-01-21 07:32:54','1993-07-11 21:56:39'),(928,18,49,'Et ut explicabo tempora voluptatum eos ipsa repudiandae. Maxime sit molestias officia repellat voluptatem modi.',1,'1992-08-13 10:42:07','1979-09-22 15:21:03'),(929,72,69,'Id qui et nostrum nihil nulla. Assumenda magni fugiat ut iure eum ipsam sit. Ex maxime impedit culpa magni ullam unde et. At corporis et sit ut nemo pariatur.',1,'2017-02-03 12:52:37','1979-08-29 20:34:53'),(930,292,12,'Voluptatum aut pariatur aliquam ipsum reprehenderit in. Quia sequi qui consequatur qui et voluptatem autem quia.',1,'1973-01-07 19:30:30','2016-04-30 04:30:51'),(931,40,29,'Culpa possimus fugiat ut doloremque est. Est autem sit provident omnis. Provident dolor aut vero sequi aut aut eum.',0,'2010-11-27 12:56:59','1998-06-04 17:03:07'),(932,108,233,'Sit dolorem ut fuga reprehenderit. Eos voluptas doloremque ea quaerat et est. Est in perferendis ipsa doloremque id. Quam rerum sunt placeat sit ullam incidunt ipsa.',1,'2005-01-20 20:48:36','1981-02-26 12:29:55'),(933,117,248,'Aut beatae vel et eum ut. Cupiditate dolore velit aliquam ut. Ex et aut minima quia accusantium facilis. Explicabo tenetur tempora vitae recusandae sint culpa.',0,'1999-02-27 01:29:35','1991-04-14 01:51:53'),(934,167,101,'Et voluptas dolor totam. Et ut in voluptas ea iusto.',0,'1988-09-28 00:55:05','2018-01-02 01:01:43'),(935,162,200,'Dolorem architecto dolor accusantium sed voluptates nemo. Commodi mollitia delectus ratione. Laudantium voluptatem iure animi ipsam nobis quo neque.',0,'1980-01-27 21:29:19','2020-02-29 17:31:21'),(936,297,83,'Labore officia beatae temporibus esse corporis expedita dignissimos illum. Dolor suscipit quis consequatur velit illum. Facilis saepe laboriosam distinctio.',1,'2004-07-09 00:06:23','1981-09-24 06:56:00'),(937,299,245,'Non impedit sit minus voluptatem at. Consequatur explicabo ut a. Natus quos ipsum laudantium quia porro ut. Aliquam sit voluptatem error error id.',1,'2020-12-04 03:32:55','1995-05-14 23:26:02'),(938,239,238,'Iusto repellendus corporis sapiente ad quis. Soluta a mollitia omnis autem magni. Quis modi non sed minima rem illum nihil. Ab aspernatur corporis et sequi nostrum voluptas et minima.',1,'2000-03-29 20:56:11','1988-03-13 21:49:40'),(939,83,38,'Amet aut sunt sed veniam doloremque ut. Architecto illo tempora est est. Et temporibus omnis odit.',0,'1996-12-27 13:38:37','1995-06-30 19:19:56'),(940,229,144,'Fugit omnis quos voluptatum ut dicta rerum tempora quos. Non et consequatur deserunt assumenda alias. Numquam praesentium omnis quibusdam.',1,'1986-02-20 23:10:14','2002-02-15 17:52:26'),(941,53,132,'Ipsum velit modi esse rem est sed. Vel maxime recusandae ducimus consequuntur. Non illo corporis sed explicabo esse necessitatibus. Sit vel nisi quia dolorum ipsa nostrum.',1,'1994-01-22 18:14:09','1975-11-30 18:03:32'),(942,237,278,'Voluptas blanditiis distinctio aperiam aspernatur. Omnis tempore mollitia eveniet est. Maiores quo unde aut minima quo. Sed sit nulla quasi et aspernatur officiis tempore.',0,'1998-10-29 21:36:46','2013-02-03 23:48:46'),(943,187,254,'Fuga omnis deserunt molestiae doloribus. Aperiam fuga minima sit omnis id ab rem. Possimus nihil velit animi corporis molestiae dolores perferendis. Officia et sunt dolor alias. A ut explicabo maxime qui.',1,'2001-05-16 00:34:29','1991-03-28 20:37:58'),(944,27,259,'Sed excepturi vel consectetur amet necessitatibus numquam. Est fuga iure voluptate harum saepe explicabo et. Qui dicta est quo natus et beatae. Numquam est est accusamus sit vel vel. Ullam exercitationem non cupiditate sit est.',1,'1998-02-04 14:34:29','1980-04-01 07:22:56'),(945,22,19,'Mollitia magnam enim ipsam et autem et. Ipsum vel ducimus voluptatem quidem. Placeat hic voluptatibus expedita et sit.',0,'1996-11-18 23:33:12','1994-04-08 04:44:53'),(946,270,62,'Quidem non unde optio culpa repudiandae qui qui reprehenderit. In non occaecati facere perferendis ex. Non consequatur in sint.',0,'2017-12-12 17:21:34','1978-10-12 16:19:36'),(947,47,78,'Officia aperiam impedit quibusdam quam dolore. Asperiores aliquid quo similique. Unde est eos et non laborum blanditiis. Voluptate non ut quas. Quo itaque atque provident.',0,'1990-12-20 01:04:10','1979-02-05 08:02:47'),(948,295,164,'Ipsum sunt maiores maxime. Consectetur voluptas ipsam adipisci architecto quod iure quod. Expedita minus aut vel fuga harum.',0,'1989-07-02 16:03:26','2016-08-29 10:23:47'),(949,26,161,'Ut eius voluptate et mollitia quia. Sint iure laboriosam quia repellendus enim id illo et.',0,'1973-06-16 15:25:28','2019-02-26 17:18:38'),(950,264,188,'Enim quo accusamus blanditiis dolores illo inventore similique temporibus. Et molestiae beatae odit ex ipsum in repudiandae. Soluta delectus rerum omnis quod dicta ipsa vero. Dolorem iure adipisci impedit et qui sint est.',1,'1991-09-30 23:16:20','1996-09-06 11:52:19');
/*!40000 ALTER TABLE `messages` ENABLE KEYS */;
UNLOCK TABLES;

--
-- Table structure for table `posts`
--

DROP TABLE IF EXISTS `posts`;
/*!40101 SET @saved_cs_client     = @@character_set_client */;
/*!50503 SET character_set_client = utf8mb4 */;
CREATE TABLE `posts` (
  `id` bigint unsigned NOT NULL AUTO_INCREMENT,
  `user_id` bigint unsigned NOT NULL,
  `txt` text NOT NULL,
  `created_at` datetime DEFAULT CURRENT_TIMESTAMP,
  `updated_at` datetime DEFAULT NULL ON UPDATE CURRENT_TIMESTAMP,
  PRIMARY KEY (`id`),
  KEY `user_idx` (`user_id`),
  CONSTRAINT `user_posts_fk` FOREIGN KEY (`user_id`) REFERENCES `users` (`id`)
) ENGINE=InnoDB AUTO_INCREMENT=151 DEFAULT CHARSET=utf8mb4 COLLATE=utf8mb4_0900_ai_ci;
/*!40101 SET character_set_client = @saved_cs_client */;

--
-- Dumping data for table `posts`
--

LOCK TABLES `posts` WRITE;
/*!40000 ALTER TABLE `posts` DISABLE KEYS */;
INSERT INTO `posts` VALUES (1,272,'Officiis ad voluptatibus possimus. Non officiis consequuntur a explicabo beatae.','1987-10-17 17:54:14','2010-04-19 10:08:51'),(2,56,'Qui tenetur occaecati sunt rem modi. Et accusamus debitis nam ut corporis et animi odio. Natus quos beatae praesentium excepturi dignissimos consequuntur voluptatum. Quod et necessitatibus voluptates cum ex et omnis.','1989-03-29 14:00:34','1990-12-19 11:08:37'),(3,60,'Sequi nihil tempora cumque consequuntur veniam autem ab. Dolore dolores et necessitatibus alias voluptate. Illo voluptatem voluptatem quia placeat sunt.','2018-09-28 06:58:02','2011-09-04 00:03:30'),(4,280,'Quia blanditiis omnis fugiat ad nihil aperiam accusamus. Dolor commodi doloremque ea incidunt necessitatibus eveniet. Eveniet porro saepe fuga voluptas saepe cumque iure ut.','1995-03-11 22:50:57','1992-12-08 10:39:40'),(5,283,'Necessitatibus quam aut delectus provident. Enim saepe provident quisquam. Maxime minima optio id doloremque beatae. Voluptatem et rerum deleniti autem.','2003-10-09 00:02:55','1993-08-05 22:50:18'),(6,4,'Aut ducimus consequatur voluptatem assumenda doloribus. Aliquam unde itaque iure et autem. Temporibus maxime sequi esse.','1990-09-17 07:58:47','2006-09-05 16:35:21'),(7,82,'Temporibus ea consectetur qui sed. Exercitationem iusto atque est sit dolores atque aut. Vitae nihil laborum aspernatur iure et excepturi. Quia magnam aut corporis ad officiis aut omnis.','2009-07-11 05:50:18','2018-03-20 10:51:04'),(8,258,'Inventore autem dicta natus dolore. Et libero quia ratione. Itaque aut earum dignissimos eos.','2019-11-22 13:39:50','1988-01-01 00:42:17'),(9,165,'Ut ab et enim corporis alias et natus. Eos fugiat velit earum dolore quae autem alias. Ea ullam natus maiores ipsam facilis. Quas aut voluptate non quisquam mollitia.','2007-09-02 00:30:28','1993-04-07 03:50:00'),(10,161,'Porro delectus consequatur voluptatibus provident. Est perspiciatis quam consequatur. Fugit error quia fuga eveniet voluptates hic laudantium et.','1995-01-02 08:32:31','1997-05-25 03:21:07'),(11,259,'Nihil amet aut quas et dolorem blanditiis. Aliquid vero aliquam sed excepturi dicta est at. Repudiandae labore non et quasi neque.','2013-07-03 11:33:25','1974-12-04 13:52:17'),(12,81,'Sint quisquam et aut laborum sint. Ipsa asperiores velit quis reprehenderit eius voluptates. Quibusdam sint voluptas repellendus dolorem voluptas est quo.','1989-08-10 12:13:01','1976-11-11 14:09:08'),(13,155,'Cum eum quod tempore ducimus. Eveniet similique est cupiditate. Et accusantium est amet dicta sed. Recusandae vero qui consectetur eum nisi ipsum illo.','1981-05-09 03:52:12','2013-03-26 15:21:04'),(14,71,'Vel eveniet dignissimos architecto aut corporis voluptatem. A exercitationem ea commodi quibusdam similique earum. Quaerat error qui qui nihil. Totam voluptatem recusandae reprehenderit quod.','2012-11-30 23:17:25','1975-07-29 16:13:06'),(15,279,'Ea ducimus exercitationem voluptatum laborum. Et recusandae inventore ea voluptas. Iusto non iure et molestiae a cupiditate perspiciatis.','2005-05-14 22:53:22','1975-08-06 12:52:54'),(16,214,'Odit architecto facere hic voluptatibus amet alias hic error. Fugit ipsa velit sed sed. Reprehenderit dicta in mollitia vel provident.','1992-07-05 06:08:36','1999-07-28 10:24:20'),(17,108,'Iste quis qui alias corrupti ad placeat facilis. Qui sed rerum quia est fugit deserunt nemo. Non veniam illum neque eum quia ducimus voluptatem qui. Vel assumenda provident minima est reiciendis voluptatem. Ipsum magni exercitationem deserunt aut.','1981-06-14 22:50:38','1972-09-12 08:43:41'),(18,67,'Maxime aut nihil laborum eius laudantium. Similique consequuntur dolorum sed unde. Est sequi quae cum occaecati eum aperiam incidunt.','1979-12-09 22:32:02','2002-12-29 03:53:10'),(19,85,'Blanditiis cum asperiores excepturi et voluptatem consequuntur itaque. Rerum dolore commodi incidunt nemo minus cupiditate consectetur. Consequatur eum dolor recusandae cum quis nam qui excepturi. Ut enim nihil amet vel sit tempore.','1973-03-02 14:08:44','2019-03-29 20:46:52'),(20,245,'Molestias omnis ut dolorum est. Neque ipsum et eum. Ab et eius et minus. Unde quasi sit aut est est sed.','1988-03-29 19:28:33','1979-02-11 06:35:37'),(21,150,'Aliquid quo nam officia illum delectus quo ut recusandae. Rerum blanditiis in quia dolorem voluptates. Maxime vero repellendus voluptatum iste voluptas non.','2020-08-28 07:49:41','1987-10-04 23:48:11'),(22,237,'Debitis asperiores id odit aut. Alias deleniti necessitatibus reiciendis corrupti qui ex. Iure earum a architecto impedit illum ipsum. Voluptas et sed et quia animi corporis ut.','2006-05-09 06:37:42','1999-06-20 12:33:25'),(23,50,'Nihil consectetur omnis distinctio est. Velit rem nihil molestiae recusandae aut. Quo repudiandae natus rerum qui. Ipsum commodi est labore eos aut. Harum atque harum maxime vel sit ea.','2001-05-26 13:35:56','1984-08-26 06:21:48'),(24,77,'Repellat nemo autem quae sint suscipit libero. Recusandae qui ut similique est qui. Tenetur aut voluptatum minus sunt quaerat accusantium et. Aliquid autem omnis excepturi velit repellendus aut.','1972-09-27 16:27:52','2018-10-16 20:56:54'),(25,222,'Repellat animi ab est quis nesciunt odio repudiandae. Nemo commodi sit sapiente repellendus numquam modi quod. Non rem ipsa asperiores molestiae libero.','1974-07-02 19:58:06','1983-08-01 03:39:31'),(26,19,'Saepe distinctio numquam non qui laboriosam. Pariatur molestias sed animi assumenda iusto rem.','1976-11-05 22:28:16','1972-10-25 01:05:49'),(27,153,'Corrupti reiciendis repellat ut et voluptatem quisquam molestiae accusantium. Molestiae ut facilis consequatur veniam consequuntur itaque ut. Vitae libero nemo doloremque eum. Nobis eos voluptatem quia repellat sed commodi.','2014-11-29 02:45:11','1986-01-19 09:11:50'),(28,86,'Nihil et provident itaque qui. Incidunt accusantium esse aliquam ut. Nam a debitis aliquid molestias et consequatur animi inventore.','2013-01-24 16:56:30','2011-12-01 09:24:53'),(29,124,'Quo sed placeat eveniet. Iure rerum occaecati ut voluptatem nobis fuga.','1986-11-13 05:24:13','1990-12-07 23:14:04'),(30,213,'Cumque qui ut in earum facilis aspernatur aut. Voluptatem assumenda distinctio sint quisquam voluptatum eum quo. Inventore accusantium aut aut ducimus enim illo.','2006-12-04 02:56:01','1990-08-15 06:17:23'),(31,218,'Saepe reprehenderit ad quia totam nisi. Et quas placeat repudiandae. Ipsam est tempore doloribus corporis ut nulla.','2021-01-02 19:00:00','1983-08-14 16:51:33'),(32,95,'Quaerat quaerat tempore id. Incidunt mollitia harum autem ratione minus eum officiis. Quasi quidem reprehenderit saepe adipisci sapiente nam. Nobis dolores necessitatibus omnis consectetur consequatur ut aut.','1980-03-23 01:53:51','1989-03-08 02:13:04'),(33,268,'Placeat vel occaecati similique consequatur quis minima non. Distinctio enim blanditiis vel quo voluptate reprehenderit. Porro voluptatem eaque voluptatibus id qui quaerat tenetur.','1974-03-02 19:53:14','2017-07-29 12:44:04'),(34,277,'Aut est porro at error exercitationem. In explicabo voluptatem id illum qui natus. Officiis voluptas debitis cumque iure delectus velit est.','1995-05-03 05:34:45','1998-07-19 17:11:37'),(35,75,'Et sed quam eveniet ipsa dolor. Tempora ipsa tempore nam neque totam. Quae itaque aliquam libero nesciunt amet eligendi voluptatem. Possimus quia repellat est deleniti repudiandae.','2007-05-11 23:46:53','1983-04-29 08:46:05'),(36,251,'Officia vero esse tempore non. Qui aut minima itaque modi quae. Nisi inventore temporibus molestias accusamus rerum pariatur sit. Accusamus iste recusandae nesciunt.','2018-03-06 10:44:09','1983-02-02 20:25:04'),(37,280,'Ea reiciendis nisi quo doloribus. Earum veritatis veniam quia a. Est quo qui dignissimos eveniet enim nemo.','1979-11-18 08:54:03','1982-07-14 19:44:38'),(38,157,'Quia omnis nisi ratione sit culpa optio. Ea aut commodi quae nisi. Nisi deserunt eligendi quae eaque. Consequatur tempora harum soluta architecto ut ut architecto.','1975-10-29 13:21:32','1973-05-18 10:01:20'),(39,208,'Facilis iusto reprehenderit mollitia debitis impedit consequatur similique. Laborum aliquid neque qui possimus sint ipsum. Voluptates odio id inventore. Qui qui et quam quo enim totam. Et sit dicta velit est voluptatem.','2007-09-28 04:24:29','1986-10-23 22:32:58'),(40,144,'Harum perferendis necessitatibus deleniti dicta officiis repellat est. Ducimus mollitia doloremque animi. Rerum pariatur eius enim et aspernatur voluptate error et. Eveniet autem et est molestiae hic impedit corrupti.','2013-05-23 06:26:49','2001-04-07 03:10:45'),(41,17,'Itaque aspernatur ea illum ut neque placeat autem rerum. Quia laudantium commodi nostrum voluptate omnis dolorum similique ut. Illum voluptates voluptas quibusdam velit ut quisquam iure.','1980-01-28 20:47:46','1999-03-19 16:38:37'),(42,167,'Voluptatibus perspiciatis quia nobis distinctio. Et magni recusandae ut est molestiae minus molestias. Harum accusantium minus id perspiciatis consectetur dicta laborum. Est nobis laborum nemo aut et.','1975-12-31 04:03:26','1981-07-13 07:10:07'),(43,224,'Quia quisquam eveniet consequatur eligendi delectus. Aut voluptas dignissimos quo consequatur dolor delectus. Officiis illum totam reprehenderit facere.','1976-12-03 01:36:33','2010-10-22 06:59:26'),(44,172,'Rem facilis aut autem necessitatibus. At et fugit laboriosam adipisci. Iusto sint rerum adipisci laboriosam quas amet maxime. Eum quia sint voluptas qui commodi reiciendis architecto. Perferendis quia aut inventore sint recusandae.','1986-12-14 02:30:57','2015-07-25 13:45:01'),(45,237,'Corporis sunt exercitationem sed accusamus. Est quisquam blanditiis nihil recusandae. Laborum voluptatem quaerat consequatur est nemo. Nam quis quis accusamus dolorem iure.','1971-08-20 00:08:55','2005-08-07 22:44:50'),(46,203,'Molestiae exercitationem consequatur unde expedita veniam est quis. Voluptatem delectus velit expedita rerum. Qui unde illum eligendi dolore cupiditate voluptatem aliquam corporis.','1983-05-22 22:40:14','1984-01-12 01:37:29'),(47,85,'Quos voluptatem hic quo neque aut nam eveniet. Delectus molestiae sint pariatur qui. Atque ut aut minima expedita corrupti ut quo animi. Quasi sit sint enim sunt.','1980-11-19 16:53:06','1991-01-26 23:56:21'),(48,44,'Ut quia ut facere quia nulla et adipisci. Officiis est incidunt quaerat maiores.','2007-01-01 17:14:13','1995-10-04 17:58:22'),(49,270,'Magnam et non provident dicta eveniet incidunt aut. Et et aut consequuntur eum numquam. Quos eum pariatur veritatis ut.','1980-12-10 12:48:04','1981-06-01 23:00:26'),(50,170,'Praesentium ut quibusdam repellat molestiae voluptates vitae. Est ut optio rerum eaque. Est et corrupti corrupti quia aut. Laudantium eveniet temporibus illo.','2010-10-25 14:40:32','1998-04-02 17:52:47'),(51,289,'Rerum magni nostrum ut quos. Exercitationem et voluptatum non ducimus. Reiciendis voluptas nihil repellendus.','2003-06-17 23:38:04','2007-01-22 11:13:53'),(52,119,'Iure magnam commodi quasi quia omnis temporibus est. Omnis repellendus vitae est necessitatibus. Totam laudantium reprehenderit rerum eum laborum aliquid.','1979-03-12 04:02:51','1973-06-29 11:10:11'),(53,106,'Voluptatum et aut asperiores dolorem. Reprehenderit ex dolor facere aut omnis velit delectus. Provident labore aliquid architecto et velit non.','2011-01-13 16:58:34','1992-06-29 14:46:11'),(54,39,'Molestias at tenetur sapiente voluptate sit. Voluptatibus veniam soluta rerum eligendi non ipsa sint. Ipsa vel doloremque explicabo. Est reiciendis rerum explicabo nihil consequuntur modi voluptatibus veniam.','1993-06-24 10:54:08','1990-09-25 22:02:39'),(55,195,'Sint corporis vel minus minima. Et consequatur necessitatibus a dolores. Dignissimos laudantium in laboriosam praesentium aliquid corrupti officiis.','2018-10-25 18:10:44','1998-07-17 02:37:09'),(56,28,'Ipsa tempora ab perferendis sit cum sed et libero. Quia nesciunt et voluptas eos. Dolores fugiat a voluptatem rerum. Nemo perferendis est totam modi iste quam.','2002-03-01 01:02:14','1984-02-25 11:24:24'),(57,58,'Rerum non eius eos cumque quidem aut voluptatum. Consequuntur autem ab autem nihil placeat porro ipsum ipsam. Amet ut reprehenderit aut blanditiis iure. Quas est iste magnam.','1973-10-17 19:58:43','1993-11-13 10:19:03'),(58,48,'Occaecati et occaecati harum aliquid. Ut inventore minima adipisci et et. Rerum occaecati et numquam quas officia maxime. In animi molestias dolores mollitia.','2020-04-22 10:31:17','1974-05-08 15:55:20'),(59,113,'Animi voluptatem ut ut modi voluptas ullam. Animi commodi est reiciendis.','1986-06-13 11:17:19','1977-12-25 18:20:18'),(60,181,'Consequatur in quaerat et dolorem. Voluptas consequatur ad esse dolor quod aperiam. Consequatur dolorum ea pariatur accusamus.','2001-10-03 12:03:42','1982-07-02 12:15:24'),(61,260,'Voluptatibus aut earum maxime cum soluta ex non et. Amet sint minus et labore qui alias rerum recusandae. Est laudantium repudiandae velit. Quis aut odio dicta est aliquam voluptas.','1970-07-20 00:17:54','1991-03-27 17:28:19'),(62,30,'Mollitia aliquid est eum quos veniam. Et qui molestiae eos aut nemo aliquid. Rem sint sint aut.','1971-07-02 22:54:56','1991-09-03 16:53:54'),(63,276,'Id sequi ad fuga quis maiores optio sit. Assumenda esse sunt error minima et. Et quia non distinctio nihil explicabo omnis.','2009-10-05 06:38:07','2019-10-23 03:53:14'),(64,228,'Neque et occaecati architecto hic. Rerum nihil provident dolorem repudiandae cumque quia rerum. Provident facere recusandae voluptatibus quae magnam eos nisi. Odit repellendus sequi sint eum quo natus.','2000-12-07 21:41:31','2014-01-30 12:55:10'),(65,6,'Commodi voluptas omnis veniam velit. Deserunt voluptate ea autem quas. Aut qui inventore non aut possimus quasi nemo. Omnis sint magnam dolores molestiae sint ipsum atque.','2011-10-23 08:26:58','1976-05-24 06:41:29'),(66,50,'Mollitia quo voluptates ut et dolor corrupti ut. Sunt et ipsum cumque fugit sed dignissimos. Velit est id voluptate repellat voluptatem. Non fuga enim aut ut.','1972-01-15 11:15:02','2000-03-02 03:57:52'),(67,178,'Et quia consequatur modi incidunt et. Ea nesciunt error ducimus error molestiae minima.','1987-08-07 20:32:36','1996-01-05 18:43:24'),(68,286,'Aut sed possimus voluptatum possimus blanditiis non. Soluta ut voluptatem magni ea repellendus laudantium. Officia illum dolor iste a voluptatum ad. Exercitationem numquam voluptas suscipit earum hic blanditiis error ipsum.','1994-12-07 12:53:54','2020-12-08 02:00:13'),(69,206,'Sit totam possimus et id soluta possimus. Eos voluptatibus mollitia facere harum. Repudiandae et maxime nostrum et qui distinctio. Vero quisquam deleniti rerum eligendi.','2006-09-02 20:02:24','2002-07-23 00:04:58'),(70,86,'Sit magnam minus sunt molestiae eligendi ducimus rerum. Dolores in qui voluptatem totam iste. Eaque cupiditate magni dolorem maxime atque. Ad qui consequatur voluptatem sed sed repudiandae cumque dolorem.','1971-08-03 10:47:49','1987-03-05 04:59:13'),(71,130,'Quibusdam doloribus illum similique qui illum maxime dolores. Natus quo voluptas aliquid fuga enim. Repudiandae quibusdam quibusdam ut id similique dolores.','2015-01-20 01:02:37','2000-07-14 09:54:50'),(72,222,'Voluptatem aut sunt dicta fugit. Minima consequuntur sint esse.','1976-03-02 08:49:51','1998-08-24 10:25:13'),(73,252,'Molestiae nihil porro totam et. Sed qui doloremque rerum. Molestiae at corporis iure quo accusantium quos ut. Suscipit saepe assumenda asperiores et aut eos quibusdam.','2016-07-09 17:44:01','2019-12-25 23:13:08'),(74,54,'Et temporibus ea rerum dolores praesentium ut et. Quo ut expedita voluptates. Sit optio voluptatem culpa animi.','2001-11-02 09:54:42','2016-08-31 02:16:56'),(75,94,'Neque voluptas doloremque dolorem est voluptas. Eum id eius et molestiae. Asperiores quia et itaque cum ad quis ea. Dolores eum inventore itaque repellat omnis officiis iste.','2003-04-09 07:36:41','1978-11-24 18:18:03'),(76,189,'Quasi qui amet vero aut delectus ea. Voluptatem ea eveniet quod consequatur. Enim esse voluptates magnam nesciunt corporis accusantium. Quidem laboriosam earum nihil dolorem qui cupiditate.','1988-12-29 18:33:28','1996-07-16 01:19:25'),(77,257,'Nam est quia omnis ut illo ipsam a. Et rerum accusantium itaque optio. Fugit voluptatem minima enim suscipit dolorem vero perspiciatis fugit.','1989-08-02 01:21:24','1983-04-01 14:54:19'),(78,178,'Suscipit sequi non fugit voluptatem id ipsam autem. Ratione amet laborum dolore illo rerum molestiae blanditiis nihil. Hic id maiores sed sapiente excepturi consequuntur. Facere molestiae officia aut tenetur eos. Eius similique asperiores illum molestiae.','1978-09-04 09:33:53','1984-06-16 06:23:01'),(79,233,'Eius expedita ducimus distinctio delectus sit. Et quaerat magni corrupti consequuntur aut. Et quia sed libero quod repellendus quia. Voluptates debitis ut aliquam nihil vitae maiores. Dolores dolores velit tempora sunt voluptates aliquam aspernatur quam.','1972-12-18 22:46:44','1972-07-22 22:31:07'),(80,226,'Harum a eius molestiae temporibus dolor. Quo provident necessitatibus dolores. Quia dolore eos sunt nam est dicta.','2004-08-09 12:09:27','2005-06-05 03:11:01'),(81,47,'Rerum quis laudantium est in officiis animi. Suscipit sequi deserunt velit accusamus in. Necessitatibus voluptate placeat repellendus tenetur modi.','2000-09-25 04:58:00','1983-07-08 05:11:12'),(82,221,'Quod illo accusantium nihil autem sit reprehenderit impedit aut. Consectetur sit saepe nihil aut dicta rerum ab excepturi. Nam quam saepe facere culpa cum.','1997-12-03 19:43:30','2015-07-13 13:29:14'),(83,45,'Unde eligendi quod officia pariatur dolor velit distinctio odit. Possimus repudiandae sed omnis omnis consequatur asperiores. Explicabo commodi soluta vel ut eaque corporis enim. Commodi dolor enim molestias animi ab aut quo.','2016-04-14 19:20:56','1992-10-06 20:43:55'),(84,153,'Accusantium dolor necessitatibus quo facilis sequi non. Explicabo vitae vel voluptatum distinctio in deserunt fugiat. Ea ducimus explicabo nulla deleniti.','1989-03-07 23:50:41','1981-05-01 12:56:30'),(85,260,'Veniam voluptatum deleniti praesentium dolor alias possimus. Placeat voluptatem cupiditate quis. Ex quae odit earum perferendis dignissimos iure.','1992-05-27 13:53:18','2014-03-28 15:04:36'),(86,239,'Omnis cupiditate totam rerum qui voluptatem. Eligendi omnis ad ut autem et. Ratione illum in ea qui ex qui.','1970-08-04 22:25:41','1999-04-06 04:42:11'),(87,180,'Dolorem aut ab omnis occaecati aut doloribus. Ducimus ipsa qui laborum voluptatem autem ullam laudantium excepturi. Ex dignissimos quis amet enim occaecati vero doloremque. Sunt et reprehenderit quibusdam consequatur.','1998-12-06 06:54:46','1983-04-17 22:20:49'),(88,18,'Voluptatum minus sint dolor delectus vero eveniet qui. Tenetur sed voluptates unde illo nam quia molestias suscipit. Et aspernatur eaque ut velit eaque vero. Aspernatur suscipit nihil repellendus.','1973-10-30 17:19:26','1983-05-20 03:44:39'),(89,286,'Omnis et sint sed est iste nulla. Dolores nostrum error qui voluptatem. Et culpa provident qui dicta. Ea voluptas ut earum qui doloremque unde aspernatur optio. Neque eaque totam in sit.','1978-01-06 18:50:03','2012-07-08 03:25:21'),(90,292,'Distinctio placeat accusamus non et a. Autem sed nulla voluptatem impedit. Placeat atque quae tenetur.','1974-12-05 10:29:13','2021-02-12 13:04:24'),(91,198,'Sed nihil quibusdam earum sed et velit. Sunt voluptatem velit dolor vero. Provident reprehenderit sit dolorum temporibus quia id aliquam. Consequuntur eum nihil qui cum non et.','2009-01-20 10:34:53','2002-03-26 12:39:58'),(92,246,'Soluta quaerat sit labore placeat accusamus. Qui qui placeat voluptatum quae. Porro alias sint distinctio.','1980-03-23 09:19:32','1976-08-25 22:09:15'),(93,22,'Ut ea nihil incidunt voluptatibus et. Provident aperiam quos ipsum sit nesciunt nesciunt sit est. Dolores dolores molestiae fugit expedita et consequatur.','1974-04-14 16:32:57','2006-09-18 21:51:32'),(94,174,'Vel asperiores consectetur vel. Odit est voluptatem veniam quo veniam laboriosam nulla. Voluptatem sapiente ut praesentium cupiditate accusantium voluptatem eius. Et eveniet suscipit veritatis beatae assumenda quibusdam possimus.','1978-09-27 23:01:11','2019-03-03 05:19:47'),(95,173,'Ut sunt architecto sed sequi ipsam. Omnis pariatur ut nam dolor ut. Reiciendis molestiae consequatur consequatur. Modi rem qui ad cum natus est minima. Est non porro ducimus optio iste.','1999-08-30 04:07:01','1971-11-06 07:41:10'),(96,28,'Eaque quas nihil sit. Qui et soluta minima non. Vero quia non qui id totam earum. In quasi ea odit nihil.','1987-11-07 15:10:51','2015-10-09 11:45:01'),(97,223,'Harum praesentium ducimus tempora magni non similique. Sed modi nam enim quisquam. Consequatur ad distinctio eligendi quia eum dolor. Debitis perferendis non deserunt temporibus quis tempora ut doloremque.','1992-03-07 06:15:53','2001-12-19 01:29:46'),(98,51,'Et voluptatum rem sed libero ullam. Magni sed sunt sed itaque. Non dolores saepe aliquam et placeat nulla. Sequi ullam dicta dicta. Odit dignissimos et minus consequuntur nam.','1981-08-13 13:00:27','1995-03-08 05:27:02'),(99,13,'Rerum est dolores quis omnis repellendus eius. Vitae veniam culpa eaque quibusdam delectus et non. Aliquid aut amet rerum dolorum provident harum.','2015-02-13 18:53:31','1974-03-05 03:57:21'),(100,129,'Veniam voluptatibus saepe est quidem. Ut blanditiis non ipsum optio omnis ut. Dolorum doloremque quibusdam ea doloribus culpa. Rerum saepe in facilis rerum. Sequi assumenda enim dicta praesentium ut sit ut.','2006-05-27 10:37:57','2020-05-20 16:45:50'),(101,136,'Non laudantium doloribus quam error quia. Dicta consequatur qui maxime porro odio. Quam ab porro placeat porro facere.','1998-09-26 20:13:15','1972-05-21 20:20:04'),(102,143,'Reprehenderit et officia consequatur est maxime. Provident quo hic aliquid vero similique. Velit inventore dolorem qui atque. Maxime nihil inventore consequatur consequuntur.','2005-07-28 15:42:55','1973-08-26 08:32:40'),(103,51,'Nesciunt voluptatem enim aperiam dolorem. Qui occaecati nihil voluptas quas. Facere eos rem nisi voluptate tenetur.','1986-07-09 00:30:30','2010-11-11 13:35:37'),(104,88,'Maxime in impedit numquam ex eveniet delectus et voluptas. Nam assumenda error dolores sit. Nobis quos dolores sit. Enim est debitis exercitationem temporibus aliquam animi sapiente qui.','1978-10-27 18:02:34','1998-02-05 01:23:12'),(105,196,'Quia qui fuga numquam inventore. Veritatis illum quis blanditiis et alias quaerat. Nihil itaque sed et.','1988-12-07 16:08:30','1986-03-11 19:01:13'),(106,144,'In autem praesentium cumque quia. Cupiditate aut aut perferendis et numquam dolorum quidem.','2020-05-02 11:21:26','1987-02-23 17:37:40'),(107,276,'Hic quis nulla eligendi pariatur in nihil. Omnis et mollitia ducimus. Accusamus rerum similique vel consectetur voluptatibus reiciendis modi. Enim ipsum veniam nemo dicta illo voluptates eos.','1992-01-18 04:08:00','2020-06-13 17:14:09'),(108,153,'Reprehenderit non maxime fugiat commodi sunt esse officiis. Similique molestiae voluptas soluta explicabo est molestias pariatur. Placeat rerum harum corrupti deserunt. Dolor repellat maxime ratione in corporis illo.','1989-10-20 00:39:55','1984-07-17 18:55:39'),(109,22,'Dolorem assumenda et ad odit. Eligendi placeat beatae ducimus et provident amet et. Laudantium unde ut quod voluptas temporibus voluptate fugit est. Aspernatur earum delectus nulla totam. Repudiandae voluptas qui vero illum.','1990-02-15 20:04:58','1990-09-10 04:49:14'),(110,208,'Nesciunt hic et exercitationem voluptatum. Dignissimos nobis illum sunt expedita ipsa. Quam error mollitia eaque sit consequuntur facilis officia.','1975-10-16 03:01:50','2019-03-13 09:00:05'),(111,79,'Illum facere facilis deleniti. Inventore sequi soluta voluptatum sed aut. Rerum est cumque inventore et non est non repellendus. Rerum porro vel ut nihil quidem nesciunt.','1998-12-06 05:14:10','2012-01-08 22:08:39'),(112,68,'Non magnam rerum ipsam accusamus. Ullam commodi dolor recusandae molestiae. Ipsum porro corporis molestiae expedita ipsum. Facilis sed vel non aut iste.','2007-10-08 12:22:35','1980-07-27 17:09:57'),(113,129,'Perspiciatis dicta perspiciatis qui in autem illum voluptatem qui. Nemo vel esse voluptates rerum.','2004-02-12 18:45:36','2003-06-16 08:55:31'),(114,123,'Delectus quia voluptate fuga quis non sit perspiciatis ipsum. Qui sint rerum corporis veritatis eveniet est ut.','1971-05-07 19:13:24','1970-02-28 11:37:02'),(115,221,'Et sunt dolor quae in iure praesentium et et. Omnis pariatur eius placeat dolor. Odit necessitatibus eum qui aut. Repellendus ea consectetur dignissimos minima nemo cum rem molestiae.','1985-02-17 18:00:01','1990-03-18 04:42:49'),(116,89,'Asperiores nihil voluptatem et soluta minus quia. Dolor voluptates velit id labore consequuntur. Quam fugiat quaerat et accusamus.','1985-03-25 04:18:20','2004-11-25 06:51:27'),(117,61,'Consectetur earum odit omnis est cumque nisi incidunt. Praesentium fugit odio iure. Velit occaecati ea nobis itaque sit. Excepturi voluptatibus perspiciatis suscipit corporis optio.','2000-03-21 19:16:12','2013-05-02 16:40:08'),(118,100,'Asperiores sed officia eaque pariatur. Eaque perspiciatis maiores eos exercitationem corrupti aut. Placeat tempora est sed provident ex rerum.','2021-05-02 07:38:45','1978-08-28 11:03:41'),(119,106,'Similique dolorem voluptatem dolores dolor. Sit aperiam in quasi veniam ut. Quaerat aliquid dolorem nobis quia. Tenetur ipsum sit aut.','2004-06-22 02:23:24','1984-01-23 21:48:54'),(120,47,'Dolore voluptate eius distinctio aliquam ut numquam. Officiis rerum qui tempore quaerat et perferendis. Repellat minima et non hic.','2016-04-10 18:02:38','1980-01-28 18:07:59'),(121,92,'Optio asperiores et aut ullam repudiandae explicabo assumenda. Corrupti id inventore optio. Sunt doloribus saepe incidunt iusto eos id atque non. Dignissimos sit recusandae rerum dolores.','2013-04-11 22:53:25','1992-11-17 00:43:36'),(122,4,'Voluptas commodi praesentium omnis tempore placeat iure. Voluptas et fugit error quasi. Animi molestias eos architecto sunt minima. Optio alias blanditiis delectus culpa numquam.','2012-08-12 17:44:20','1987-02-07 22:44:01'),(123,293,'Dolor eum rerum ab quam praesentium. Quidem deleniti veritatis minus eaque. Quaerat facilis possimus minus quod autem ut aperiam. Eligendi vel quos rerum eum.','2002-09-30 11:35:23','2019-04-04 00:06:01'),(124,113,'Dolorem quasi quisquam nobis rerum sunt sapiente ut. Nihil ut iure nam. Laboriosam voluptatem est quidem voluptates quibusdam. In nihil assumenda esse.','1995-05-14 23:16:25','2015-04-20 06:39:55'),(125,177,'Minus accusamus vel dicta eos fugiat ex. Odio ut quos accusamus consectetur perspiciatis rem. Voluptatem occaecati corrupti sit. Minus voluptatem velit neque eius adipisci ea tenetur quod.','2013-11-15 03:10:33','1982-03-17 06:46:48'),(126,165,'Aspernatur repudiandae magnam recusandae et est consequatur. Et sapiente qui quidem enim. Sit expedita esse magnam dolor.','1995-10-22 21:27:22','1998-07-18 01:31:30'),(127,140,'Consequatur unde ipsa asperiores beatae. Tenetur et veniam omnis expedita temporibus repudiandae quisquam. Ut nulla explicabo est necessitatibus cumque natus corrupti omnis.','2018-04-14 03:10:13','1997-10-14 10:35:09'),(128,100,'Accusamus facere voluptates enim fuga vel dignissimos excepturi. Doloremque accusamus distinctio quia et. Et doloremque debitis eos et. Perspiciatis incidunt et adipisci optio.','1970-08-21 01:44:54','1991-12-27 22:29:49'),(129,216,'Qui ducimus voluptas voluptatem voluptas harum quidem iste. Sunt enim est at fugiat aut sit aut. Aliquam quae blanditiis mollitia aut. Officiis blanditiis tempore quia voluptas et.','2002-06-21 06:11:32','1998-05-03 03:58:09'),(130,153,'Quo doloribus expedita temporibus placeat maxime aut. Qui nulla corporis unde tenetur aperiam. Blanditiis qui ut dolores dolor et. Est blanditiis qui quod nihil natus reiciendis.','2001-01-29 19:37:08','1994-11-08 00:21:39'),(131,229,'Qui aut sunt eum deserunt maiores. Hic est sunt placeat molestias deserunt sit. Consequatur minima voluptatem cumque. Aliquam quo officia aspernatur dolore repellat veniam. Ipsa inventore sint quos quam error autem.','2016-05-26 01:26:21','1994-05-22 22:57:57'),(132,52,'Reiciendis veniam minima repudiandae autem animi. Aut tempora omnis aut exercitationem sit soluta distinctio.','1985-08-16 03:37:09','1987-06-21 21:39:03'),(133,295,'Culpa ab est voluptatem id sed. Nobis quidem aut qui modi eveniet recusandae ut. Nihil quo qui earum dolores dicta voluptatem eius.','2009-03-19 23:42:46','1984-07-26 22:46:16'),(134,279,'Repellendus quo veritatis aut et eum enim quae dolore. Quidem nemo eaque quis maiores ea. Nisi distinctio consequatur voluptas a libero.','1979-09-24 10:15:13','1989-02-15 01:47:06'),(135,139,'Repellat hic ut voluptatum recusandae. Nisi sunt alias dignissimos placeat quae. Aut provident rem quibusdam sunt quidem rerum adipisci. Quis aliquid dolore quo incidunt possimus et deleniti repudiandae.','1980-12-02 16:41:25','2004-04-30 07:16:35'),(136,191,'Ad velit quo adipisci est quae voluptatum aut. Sed sint eum corrupti id qui non. Vitae beatae rerum qui labore ut quos.','1994-06-05 11:43:41','2004-07-03 09:39:27'),(137,122,'Eum voluptatum sit suscipit. Dolorem et quia quaerat ut mollitia fugit. Corrupti quo aut et sint id. Magnam alias officiis et.','2019-08-25 07:29:08','2013-03-29 17:45:53'),(138,115,'Fuga sed quasi dignissimos maiores voluptatem qui sed. Id quisquam eveniet distinctio exercitationem.','2017-08-18 11:39:47','2002-12-02 06:10:13'),(139,44,'Eligendi voluptates iste dolores nostrum. Ut eos harum esse quis id. Maxime corrupti reiciendis laudantium. Est incidunt maxime iure harum.','1984-03-20 14:15:35','2019-10-10 13:00:50'),(140,143,'Sunt error molestiae soluta quia quibusdam qui. Sint qui quia ipsam dolor sit numquam corporis. Non dolore laudantium nihil expedita dolor possimus. Nihil distinctio dolores aliquam qui.','2001-09-16 17:28:30','1997-09-09 01:12:45'),(141,22,'Hic et animi saepe iusto. Eum fugit rerum a qui sint et. Esse dolor quia fugit delectus.','2012-10-05 11:32:58','2019-10-16 15:30:44'),(142,122,'Sed temporibus delectus libero adipisci rem porro. Aut magni explicabo omnis accusamus culpa. Inventore illo maiores et magnam. Rem voluptatibus recusandae qui vel inventore et.','1989-12-11 12:16:32','2017-09-30 11:51:32'),(143,211,'Voluptatem voluptas perferendis dolorem perspiciatis placeat. Quaerat necessitatibus temporibus minus qui numquam placeat. Sint itaque earum eos vel excepturi dolor. Voluptas totam sunt ut est. Odit sapiente eaque quam dolorum qui qui.','1997-07-17 14:33:38','1980-04-05 22:45:06'),(144,151,'Doloribus similique qui pariatur nostrum ullam. Ex delectus sit quia sunt praesentium. Magni voluptas occaecati assumenda quaerat sequi. Velit nihil voluptate qui incidunt nesciunt.','2021-02-13 23:05:25','2016-08-08 13:59:37'),(145,244,'Eius commodi possimus cum laudantium et. Praesentium soluta aspernatur aut ut ab necessitatibus. Doloribus ea non rerum excepturi mollitia voluptas ut debitis.','2020-06-18 17:37:58','1997-03-08 08:54:12'),(146,131,'Voluptatibus reiciendis porro voluptates quis saepe magni nemo. Qui et inventore tempore odit sint. Nisi debitis quis omnis iusto quaerat.','1971-03-28 01:02:55','2003-04-03 14:27:01'),(147,239,'Qui ad et vel. Dolor nemo necessitatibus iure sunt quidem. Consequatur esse ea expedita et vero.','1996-05-05 06:22:56','1972-11-23 23:27:12'),(148,5,'Vero consectetur magnam nesciunt nihil quo est ut. Beatae accusamus quo quo molestiae impedit dolores. Exercitationem ipsa ut quo laboriosam culpa perspiciatis omnis. Vel enim aut quam necessitatibus vel doloribus.','2000-11-23 08:46:56','1990-04-27 16:01:02'),(149,231,'Autem eum aliquid esse. Sequi similique aut rem aut placeat porro dicta necessitatibus. Rerum aut repellat amet minus quam provident. Corporis eum est delectus. Eligendi perferendis aperiam atque similique.','2004-07-09 11:58:32','1998-02-12 00:15:01'),(150,45,'Ipsa dolorem alias ea. Reprehenderit repudiandae quisquam aut quia mollitia expedita atque repudiandae. Maxime commodi laudantium rerum sapiente qui. Aut dolore laborum molestiae suscipit hic.','1983-10-29 21:04:33','1988-06-18 05:28:47');
/*!40000 ALTER TABLE `posts` ENABLE KEYS */;
UNLOCK TABLES;

--
-- Table structure for table `posts_likes`
--

DROP TABLE IF EXISTS `posts_likes`;
/*!40101 SET @saved_cs_client     = @@character_set_client */;
/*!50503 SET character_set_client = utf8mb4 */;
CREATE TABLE `posts_likes` (
  `post_id` bigint unsigned NOT NULL,
  `user_id` bigint unsigned NOT NULL,
  `like_type` tinyint(1) DEFAULT '1',
  PRIMARY KEY (`post_id`,`user_id`),
  KEY `post_idx` (`post_id`),
  KEY `user_idx` (`user_id`),
  CONSTRAINT `posts_likes_fk` FOREIGN KEY (`post_id`) REFERENCES `posts` (`id`),
  CONSTRAINT `users_likes_fk` FOREIGN KEY (`user_id`) REFERENCES `users` (`id`)
) ENGINE=InnoDB DEFAULT CHARSET=utf8mb4 COLLATE=utf8mb4_0900_ai_ci;
/*!40101 SET character_set_client = @saved_cs_client */;

--
-- Dumping data for table `posts_likes`
--

LOCK TABLES `posts_likes` WRITE;
/*!40000 ALTER TABLE `posts_likes` DISABLE KEYS */;
INSERT INTO `posts_likes` VALUES (1,120,1),(1,166,0),(1,227,0),(2,41,0),(2,85,1),(2,173,1),(2,227,1),(3,178,1),(3,281,1),(4,9,0),(4,32,1),(4,192,1),(5,214,0),(5,223,1),(5,252,0),(6,212,0),(6,291,0),(7,36,0),(7,138,0),(7,284,0),(7,295,0),(8,80,1),(8,252,0),(9,31,1),(9,93,0),(9,201,1),(9,278,1),(10,180,1),(11,181,1),(12,110,0),(13,163,1),(13,264,1),(14,81,1),(16,27,0),(16,101,1),(18,89,1),(19,134,1),(19,209,1),(20,265,1),(20,300,0),(23,62,1),(23,273,0),(25,97,1),(25,168,0),(25,248,1),(26,270,0),(27,247,1),(27,265,0),(28,36,0),(28,52,0),(28,123,1),(29,215,1),(30,80,1),(30,99,0),(31,78,1),(31,165,0),(32,57,0),(32,170,0),(33,24,0),(33,146,0),(33,247,0),(34,75,0),(34,193,1),(34,261,0),(35,87,0),(35,143,0),(36,48,0),(36,69,1),(37,164,0),(37,238,1),(38,269,1),(39,102,1),(39,206,0),(39,233,0),(40,127,1),(40,167,1),(40,220,0),(41,59,0),(41,221,1),(42,113,1),(42,202,1),(43,39,1),(43,80,0),(43,100,0),(44,4,1),(44,69,0),(45,41,0),(45,94,1),(45,276,0),(46,179,0),(46,186,1),(46,204,1),(46,289,0),(47,27,0),(47,161,0),(47,191,1),(47,278,1),(48,126,1),(48,196,1),(49,100,1),(49,195,0),(50,104,0),(50,269,1),(50,286,0),(51,187,1),(51,211,0),(52,103,1),(53,20,1),(53,88,0),(54,33,1),(55,34,0),(55,66,0),(55,79,0),(55,134,0),(56,24,1),(56,91,0),(56,102,0),(56,115,0),(56,177,1),(56,200,1),(58,285,1),(59,12,0),(60,222,0),(60,254,0),(61,188,0),(62,20,0),(62,154,1),(62,287,1),(63,10,0),(64,199,1),(65,176,0),(65,222,1),(66,245,1),(68,74,1),(69,34,0),(69,65,1),(69,140,1),(69,167,1),(69,191,0),(69,199,1),(69,245,0),(71,6,1),(73,65,0),(76,29,0),(76,128,1),(76,135,1),(77,9,1),(77,149,0),(77,151,1),(77,175,0),(78,229,1),(79,238,1),(79,250,1),(80,149,0),(81,195,0),(83,2,0),(83,276,1),(84,84,1),(85,61,0),(85,78,1),(85,228,1),(86,238,1),(86,267,1),(87,77,1),(87,98,1),(87,158,0),(87,213,0),(87,243,1),(87,266,0),(89,253,1),(90,52,0),(90,200,1),(90,205,0),(90,278,0),(92,63,0),(92,152,0),(93,175,0),(93,185,0),(93,214,1),(93,250,0),(94,117,0),(95,72,0),(95,248,1),(96,105,1),(96,119,1),(96,123,0),(96,175,0),(96,294,0),(98,269,1),(98,287,0),(99,65,1),(99,186,0),(99,190,1),(99,195,0),(100,57,1),(100,212,0),(100,292,1),(101,70,1),(101,189,0),(101,254,1),(103,88,1),(103,190,0),(103,213,0),(105,14,0),(105,145,1),(105,286,0),(106,76,0),(106,185,0),(106,201,1),(106,239,0),(107,183,1),(108,25,0),(109,66,1),(110,269,1),(111,17,0),(111,174,0),(111,215,0),(112,180,1),(112,288,1),(113,74,0),(113,114,0),(114,292,0),(115,97,0),(115,167,1),(116,256,0),(117,206,0),(118,43,1),(118,230,0),(119,120,1),(119,192,1),(119,276,1),(120,224,0),(120,288,0),(121,123,0),(122,26,0),(122,245,0),(122,287,0),(123,190,1),(123,223,0),(124,118,0),(125,90,1),(125,199,1),(127,246,1),(127,251,1),(128,236,1),(128,240,1),(129,21,0),(129,160,0),(131,211,0),(132,72,0),(132,243,1),(133,2,1),(133,278,1),(134,250,1),(135,204,0),(135,235,0),(136,187,0),(136,196,0),(136,250,1),(137,119,0),(137,174,0),(137,272,1),(137,278,0),(138,119,1),(138,201,1),(138,272,0),(139,20,1),(139,136,1),(139,167,0),(140,18,1),(140,66,0),(140,142,1),(140,245,0),(141,105,1),(141,122,1),(141,143,0),(142,252,0),(143,22,0),(143,67,1),(143,69,0),(143,141,1),(143,162,0),(143,205,1),(144,105,1),(144,119,1),(144,162,1),(144,214,1),(144,256,1),(144,267,1),(145,48,1),(145,175,1),(145,218,1),(146,91,1),(146,108,1),(146,225,1),(147,129,1),(147,265,0),(148,40,0),(148,60,0),(149,183,0);
/*!40000 ALTER TABLE `posts_likes` ENABLE KEYS */;
UNLOCK TABLES;

--
-- Table structure for table `profiles`
--

DROP TABLE IF EXISTS `profiles`;
/*!40101 SET @saved_cs_client     = @@character_set_client */;
/*!50503 SET character_set_client = utf8mb4 */;
CREATE TABLE `profiles` (
  `user_id` bigint unsigned NOT NULL,
  `gender` enum('f','m','x') NOT NULL,
  `birthday` date NOT NULL,
  `photo_id` bigint unsigned DEFAULT NULL,
  `city` varchar(130) DEFAULT NULL,
  `country` varchar(130) DEFAULT NULL,
  `user_status` varchar(30) DEFAULT NULL,
  PRIMARY KEY (`user_id`),
  KEY `fk_profiles_media` (`photo_id`),
  CONSTRAINT `fk_profiles_media` FOREIGN KEY (`photo_id`) REFERENCES `media` (`id`),
  CONSTRAINT `profiles_ibfk_1` FOREIGN KEY (`user_id`) REFERENCES `users` (`id`)
) ENGINE=InnoDB DEFAULT CHARSET=utf8mb4 COLLATE=utf8mb4_0900_ai_ci;
/*!40101 SET character_set_client = @saved_cs_client */;

--
-- Dumping data for table `profiles`
--

LOCK TABLES `profiles` WRITE;
/*!40000 ALTER TABLE `profiles` DISABLE KEYS */;
INSERT INTO `profiles` VALUES (1,'m','1973-02-10',194,'Lake Billymouth','Burkina Faso','inventore'),(2,'x','1982-11-01',249,'Port Erickaton','Palau','est'),(3,'m','2020-07-30',332,'East Lilianeshire','Bosnia and Herzegovina','nemo'),(4,'x','1975-06-08',302,'Mosehaven','Sierra Leone','voluptas'),(5,'m','1970-03-05',245,'Fatimaview','Malta','et'),(6,'x','1974-04-04',126,'Uptonland','Korea','iure'),(8,'f','1984-11-12',93,'New Derrickshire','Iceland','numquam'),(9,'x','1971-12-07',227,'Avisstad','Madagascar','quasi'),(10,'x','2012-12-27',44,'West Daisyland','Nigeria','et'),(11,'x','1997-04-30',210,'Kutchburgh','Saint Martin','maiores'),(12,'x','2009-06-10',47,'South Moseshire','Finland','velit'),(13,'x','2021-07-09',160,'Lake Janaeland','Fiji','commodi'),(16,'x','1970-12-14',88,'Mooretown','Gabon','maiores'),(17,'f','1975-03-08',281,'East Derickbury','Botswana','et'),(19,'m','1976-06-18',260,'Gleasonland','Turkey','magni'),(22,'x','2001-02-09',41,'New Jaylenburgh','Poland','ut'),(23,'x','1970-05-12',105,'Langberg','Andorra','quo'),(25,'x','2017-09-14',311,'Skyeside','Macao','numquam'),(27,'f','1993-10-22',355,'Port Deannamouth','Panama','enim'),(30,'f','2006-11-29',308,'West Herminioshire','Estonia','ducimus'),(31,'f','1973-03-21',217,'Taliachester','Mali','rem'),(36,'m','1989-02-19',400,'Mitchellmouth','Myanmar','sed'),(42,'f','2010-08-02',175,'Fritztown','India','facilis'),(43,'x','2010-02-20',306,'Schoenview','Cocos (Keeling) Islands','dolor'),(45,'m','1995-01-04',153,'East Sydneyside','Malawi','voluptatem'),(47,'x','2014-10-11',257,'North Owenview','Saint Lucia','quos'),(49,'m','1974-10-11',403,'Goyettefurt','Costa Rica','libero'),(50,'f','1978-08-03',426,'Lake Johanview','Saudi Arabia','hic'),(53,'m','1977-12-09',340,'Homenickfurt','United Arab Emirates','molestiae'),(56,'m','2016-02-09',11,'South Roderickfurt','Belize','quia'),(65,'x','1990-07-22',73,'Hettingerstad','Serbia','sequi'),(66,'m','2010-12-06',368,'Blockberg','Belgium','exercitationem'),(67,'m','1975-09-22',42,'Port Clifford','Croatia','corrupti'),(68,'f','2005-10-24',326,'Demarcohaven','Guinea','commodi'),(69,'f','1993-01-09',239,'Kossshire','Falkland Islands (Malvinas)','velit'),(71,'f','1982-01-26',204,'North Vivien','Belarus','accusantium'),(72,'f','2016-01-10',173,'North Enricoberg','Luxembourg','perferendis'),(73,'x','2018-07-31',142,'Port Laceyburgh','Heard Island and McDonald Islands','quis'),(77,'f','1989-03-21',242,'West Trace','Pakistan','ea'),(78,'f','1978-03-29',14,'Majorshire','Lithuania','accusantium'),(81,'x','1972-03-28',82,'North Candelario','Romania','illum'),(82,'f','2002-05-11',200,'Port Valentinamouth','Tuvalu','sed'),(83,'m','2019-05-20',184,'Watsicaport','Chile','aliquid'),(84,'f','1985-06-14',87,'Kulasport','Montenegro','at'),(87,'m','2020-03-12',297,'West Deanna','Guinea','fugit'),(88,'f','2009-04-03',101,'North Lenoraborough','China','ut'),(89,'f','2002-11-13',229,'Funkland','Iceland','et'),(93,'m','1996-04-12',373,'North Elton','Fiji','adipisci'),(97,'f','2013-05-23',6,'Port Delfinaville','Brunei Darussalam','qui'),(98,'m','1979-02-06',354,'New Katrina','Macedonia','ut'),(99,'f','1983-06-07',305,'Lindgrenfort','Congo','quaerat'),(104,'f','1989-04-16',282,'Jeanfort','Sao Tome and Principe','repudiandae'),(105,'x','2004-02-18',43,'Lake Wallaceton','India','a'),(112,'f','1983-08-22',292,'South Bret','Western Sahara','dicta'),(113,'m','1981-03-08',255,'Jonatanmouth','Zambia','inventore'),(118,'m','1972-07-24',24,'Schuppemouth','Azerbaijan','nulla'),(120,'x','2011-12-15',323,'Hazelfort','Guinea','error'),(121,'x','1987-11-09',58,'Kylestad','Timor-Leste','et'),(122,'m','1994-04-16',202,'Lake Addison','Germany','dignissimos'),(123,'x','2017-04-28',50,'North Jarret','Cote d\'Ivoire','quo'),(124,'x','1989-09-02',99,'Lake Thea','Korea','ut'),(125,'x','1992-05-22',444,'South Cecelia','Colombia','adipisci'),(126,'x','2007-07-12',89,'Myrtieborough','Yemen','illo'),(128,'f','2008-10-28',68,'Dickiland','Saint Barthelemy','sed'),(129,'x','2007-01-09',384,'West Enochside','Romania','provident'),(130,'x','1990-10-08',54,'Angelaborough','Belize','nisi'),(131,'m','2013-08-30',370,'West Quinnfurt','Liberia','consequatur'),(132,'x','2017-06-30',425,'Balistreriport','Slovakia (Slovak Republic)','ut'),(137,'m','2012-11-27',286,'Haileeton','Libyan Arab Jamahiriya','iste'),(139,'m','1983-12-27',353,'Lueilwitzchester','Jersey','consequatur'),(140,'f','1999-09-02',216,'Lake Madonna','Bulgaria','repellat'),(141,'m','1987-09-06',182,'Port Oscar','Saint Helena','quia'),(144,'f','2016-10-21',218,'Lysannestad','Comoros','aliquam'),(147,'m','1970-04-27',270,'East Lauryn','Switzerland','sit'),(149,'x','2012-10-22',179,'Leschborough','Japan','possimus'),(151,'m','2001-06-27',124,'Blickfort','Angola','consequatur'),(153,'x','2018-03-31',3,'Port Rita','Andorra','exercitationem'),(156,'m','1990-05-12',416,'Gislasonview','Belgium','quidem'),(158,'m','2015-12-28',125,'Geraldineburgh','Switzerland','quisquam'),(161,'f','2020-06-27',327,'South Nikki','Angola','perferendis'),(162,'m','2014-12-12',402,'Altenwerthview','Tuvalu','voluptatem'),(163,'x','2013-12-19',262,'Mohammadville','Iran','nobis'),(166,'x','1977-03-20',56,'South Adrienshire','Macao','qui'),(167,'m','1984-08-07',328,'Magdalenstad','Spain','est'),(170,'m','1988-07-10',287,'Port Felton','Haiti','illo'),(172,'f','1980-05-15',289,'Conroyborough','Argentina','labore'),(173,'m','1971-09-19',248,'North Chaimhaven','India','nostrum'),(175,'m','1977-04-25',215,'New Ana','Trinidad and Tobago','debitis'),(176,'m','1985-01-14',62,'Mireyaborough','Swaziland','quod'),(180,'f','2020-02-19',315,'Wolfside','Bolivia','magnam'),(181,'x','2001-05-27',429,'South Eric','Guyana','reprehenderit'),(182,'m','2004-06-24',151,'Ratketown','Bangladesh','voluptatibus'),(183,'f','1993-12-29',2,'East Dessie','Guyana','sint'),(186,'x','2002-08-15',206,'Sylvesterton','British Indian Ocean Territory (Chagos Archipelago)','laboriosam'),(189,'m','1993-01-08',193,'Port Efrenhaven','Egypt','autem'),(190,'m','2004-05-27',443,'North Delilah','Luxembourg','deserunt'),(193,'x','2007-05-01',236,'West Ricardo','Vanuatu','voluptas'),(195,'m','1989-11-30',301,'Romagueraville','Ethiopia','nemo'),(200,'m','2014-04-29',94,'Lake Reganbury','Faroe Islands','suscipit'),(201,'m','1977-02-04',437,'Karinafurt','Bosnia and Herzegovina','nisi'),(205,'x','1997-04-14',441,'Hillsmouth','Palestinian Territory','aut'),(207,'m','2003-04-09',67,'West Tony','Martinique','et'),(208,'x','2012-07-17',149,'Alfordchester','Madagascar','quaerat'),(211,'m','1983-11-10',320,'Sandyberg','Tuvalu','atque'),(212,'m','2019-06-07',392,'New Garthborough','Eritrea','sed'),(213,'f','2019-09-26',28,'Lebsackview','Djibouti','voluptatem'),(215,'f','1994-09-24',374,'Quitzonfurt','France','enim'),(216,'m','2015-08-10',177,'Andersonhaven','Comoros','modi'),(217,'x','1984-08-03',12,'New Ardenfurt','Iran','libero'),(220,'f','1971-05-16',197,'Lake Maude','Cote d\'Ivoire','aliquam'),(222,'m','1994-01-28',241,'Lake Ramirohaven','Syrian Arab Republic','id'),(224,'f','1981-12-14',261,'Klockoton','Botswana','non'),(225,'x','2001-11-01',342,'Ezekielton','Bahamas','ut'),(226,'x','1971-02-16',356,'Maybellestad','Vanuatu','fugiat'),(227,'x','2005-03-30',234,'Angelchester','Slovakia (Slovak Republic)','et'),(229,'f','1989-07-12',361,'North Amaya','Luxembourg','ullam'),(230,'f','1992-04-28',213,'Kareemhaven','Saint Vincent and the Grenadines','quos'),(231,'f','2001-06-07',23,'Metzmouth','United Arab Emirates','natus'),(234,'f','1972-02-13',401,'Murphybury','Guadeloupe','esse'),(235,'x','1994-01-16',127,'West Evangelinechester','Falkland Islands (Malvinas)','vel'),(237,'f','1987-02-19',220,'Mayerfort','Guyana','qui'),(239,'m','2008-02-05',278,'South Gregorio','Haiti','reiciendis'),(241,'m','2002-02-19',110,'Lake Mckaylachester','Jersey','quia'),(242,'f','2008-02-08',130,'Lake Michaleview','Georgia','debitis'),(244,'m','1997-08-13',138,'West Joshuaberg','Switzerland','cum'),(245,'m','2015-03-22',431,'Malindaland','Taiwan','cum'),(247,'m','1972-10-25',65,'Skileston','Bahamas','id'),(249,'x','2011-09-04',209,'Maciborough','Gambia','voluptates'),(250,'m','1997-04-28',120,'Courtneymouth','Zimbabwe','iste'),(252,'x','1991-05-07',324,'Port Katherineton','Nauru','modi'),(253,'x','1990-12-01',109,'Okeyhaven','Jordan','molestiae'),(254,'x','2011-04-16',36,'O\'Connellhaven','Romania','natus'),(255,'f','2015-03-13',168,'Donaldmouth','Uruguay','expedita'),(257,'m','2009-06-04',51,'Lake Brett','Afghanistan','a'),(261,'m','2013-11-25',18,'East August','Antigua and Barbuda','nihil'),(262,'f','2020-03-23',121,'Devontehaven','Cambodia','veniam'),(263,'f','2003-01-10',148,'Leifbury','Brunei Darussalam','dicta'),(264,'x','1996-12-07',57,'Alexandrafurt','Lao People\'s Democratic Republic','aliquam'),(271,'m','1978-03-01',64,'New Pasquale','Sierra Leone','nam'),(274,'f','1993-10-07',233,'East Elinore','Liechtenstein','rerum'),(275,'m','2001-06-24',303,'East Britney','British Indian Ocean Territory (Chagos Archipelago)','nesciunt'),(277,'f','1995-12-18',205,'South Evalynshire','Cocos (Keeling) Islands','dolorum'),(280,'m','2008-05-20',108,'Lake Luciusfort','Luxembourg','ipsum'),(282,'f','2004-05-01',84,'Johnstonstad','American Samoa','ipsa'),(283,'m','1980-08-28',10,'Juniorport','Macedonia','voluptatem'),(285,'m','1982-08-19',288,'Jaydaside','Kyrgyz Republic','quia'),(286,'f','2015-12-06',30,'Lindgrenhaven','Pakistan','sint'),(287,'f','2020-10-13',170,'South Maximilliantown','Lao People\'s Democratic Republic','enim'),(288,'m','2019-07-21',145,'Lake Peggie','Macedonia','et'),(290,'x','2017-11-11',417,'Bergnaumport','Slovenia','inventore'),(291,'f','1986-04-03',450,'Simonistown','Tuvalu','fugit'),(292,'m','1979-10-06',283,'Rossieburgh','Denmark','recusandae'),(293,'m','1975-08-21',195,'Walkerfurt','Montenegro','eum'),(297,'f','1999-07-10',207,'Lake Cassandre','Marshall Islands','rerum'),(298,'f','1989-08-03',321,'Port Nathaniel','Antigua and Barbuda','minus');
/*!40000 ALTER TABLE `profiles` ENABLE KEYS */;
UNLOCK TABLES;

--
-- Table structure for table `users`
--

DROP TABLE IF EXISTS `users`;
/*!40101 SET @saved_cs_client     = @@character_set_client */;
/*!50503 SET character_set_client = utf8mb4 */;
CREATE TABLE `users` (
  `id` bigint unsigned NOT NULL AUTO_INCREMENT,
  `first_name` varchar(145) NOT NULL,
  `last_name` varchar(145) NOT NULL,
  `email` varchar(145) NOT NULL,
  `phone` char(11) NOT NULL,
  `password_hash` char(65) DEFAULT NULL,
  `created_at` datetime NOT NULL DEFAULT CURRENT_TIMESTAMP,
  PRIMARY KEY (`id`),
  UNIQUE KEY `email` (`email`),
  KEY `phone` (`phone`),
  KEY `email_2` (`email`),
  CONSTRAINT `phone_check` CHECK (regexp_like(`phone`,_utf8mb4'^[0-9]{11}$'))
) ENGINE=InnoDB AUTO_INCREMENT=301 DEFAULT CHARSET=utf8mb4 COLLATE=utf8mb4_0900_ai_ci;
/*!40101 SET character_set_client = @saved_cs_client */;

--
-- Dumping data for table `users`
--

LOCK TABLES `users` WRITE;
/*!40000 ALTER TABLE `users` DISABLE KEYS */;
INSERT INTO `users` VALUES (1,'Gwen','Muller','micheal.ledner@example.com','20676331566','4b03c2c530012813ba3e71246afffc152792600e','2009-09-11 20:44:12'),(2,'Owen','Upton','schaefer.johnnie@example.org','64470420954','f21a7b56316ed472c36a010579a1b2e433e4229b','1992-03-30 22:48:20'),(3,'Hattie','Homenick','henri.hyatt@example.org','22427405100','dcb52c61c1366fda8e751a809724163350a707d1','1990-01-11 11:01:19'),(4,'Clark','Davis','zelma.ortiz@example.com','48911292916','a45253f6e39a44e32dcd289fb670bb72bdc58905','1973-05-23 09:10:38'),(5,'Shirley','Bergnaum','pbode@example.net','21227268152','7d1dcff2c7eb4b8bbc867b9a3b6201bf10c1fa85','1999-06-08 05:31:37'),(6,'Elta','Oberbrunner','kuhn.madalyn@example.net','27937807552','889d70d21f3209036a6c1f20070d2a896321f2e7','1997-01-11 17:00:04'),(7,'Tyree','Hettinger','kvon@example.com','98469799295','c06f08b3c701477f07fee55600260ca6cf6802e8','1991-06-13 09:32:06'),(8,'Issac','Ferry','dbahringer@example.net','23797794720','e74a33b2000780a4f484ae5d3c9f7728f0b91978','1979-05-08 06:33:31'),(9,'Ubaldo','Koch','elyssa77@example.com','35063961064','8a869dcf49471e5d4e9cc478ce093d711f1cc705','2016-08-21 16:56:52'),(10,'Benton','Hettinger','edietrich@example.net','39546635570','0b982b470a3d4319ab6ebbe56935bead8790fd24','2009-12-16 13:31:53'),(11,'Jaqueline','Johnston','mohammed16@example.net','68117960053','d178bd72ec9b8860715a582cda56b95356d2cd8e','1978-07-08 03:34:35'),(12,'Stella','Conroy','stoltenberg.jammie@example.net','68137703081','812a9474a552b8488fa6efb74b0190356973e64c','1987-02-28 07:47:06'),(13,'Piper','Bernhard','emoore@example.com','92636568052','febc21f52ec276ed67e84028eb381b98fef0e889','1995-01-20 18:06:12'),(14,'Felipa','Hauck','doris59@example.net','31904247808','cb86c44955fbfb35fb01ae0bd73caab5868472f0','1978-05-04 18:01:05'),(15,'Mable','Lesch','ellsworth.hammes@example.com','78180667744','2053348c906bd23a387fc283333af1bab6c92785','1989-01-01 01:20:20'),(16,'Jared','Will','cary.koepp@example.net','71837859661','2acc890427ff4dca292e56110b683ce321b05eba','2017-06-30 13:16:58'),(17,'Saul','Greenholt','glangosh@example.net','82512552649','589b879c4defecaf16ec100d67f4281e6f07f031','2004-05-24 05:53:28'),(18,'Jarvis','Howe','boyd22@example.org','26590058375','e4a6301826996a6d28d1b05dd3b6095b7374a185','1999-04-20 00:41:47'),(19,'Adan','Ferry','rey.schulist@example.com','17483495040','78a5557ba2b51fe9328978b13272511f3b44698d','1994-07-04 06:58:03'),(20,'Marielle','Schmitt','cordell07@example.com','33846811577','fce6130daa74d6357cf2da4a0787b70f1dfeb51e','2019-11-15 22:57:38'),(21,'Esta','Kassulke','prosacco.paxton@example.com','63556629768','786cc966bdc2a5ce26523e277c812f103b8c9419','2006-03-30 08:25:21'),(22,'Kobe','Wolff','zhayes@example.org','57838789336','e8203038df94bd9e88835c7ecf97910d1869a95f','1972-04-29 07:32:54'),(23,'Grayce','Maggio','blair67@example.com','13617733763','f2f1e3f08faa033e3905ddcfe5dbfd4e3608c24d','2015-08-15 16:22:00'),(24,'Jayme','Funk','yost.marjory@example.org','46079775593','8c7b62b39e3064f0e758f1edd9979a8530a1b6c1','1987-04-02 08:21:59'),(25,'Jaycee','Collins','marisol31@example.org','21628091013','ae5e5ab7c5cb14e3fd12626890cefee73ca098f9','1973-09-03 13:56:19'),(26,'Keshawn','Hahn','fhilpert@example.org','64029817581','46a6e5976c4c3e5f26b2ae39733e955bbf7b81c8','1991-11-15 02:16:08'),(27,'Brooklyn','Fahey','jakubowski.estelle@example.com','84740610159','a0a5b9fef1405686f6b04be8e961100324ab726e','1985-06-20 09:09:52'),(28,'Adolf','Nitzsche','bridie87@example.com','12914671334','9586f3b9a0bf24b24a100e7b00d0317e28ef2b9b','2011-05-16 04:43:30'),(29,'Cortez','Dicki','maxwell.cremin@example.com','98334941850','49707a2669dc8c16cb91bbd66ad0b4d8216d5399','1986-05-05 11:23:43'),(30,'Rosalia','Tromp','jefferey.hagenes@example.org','77233797879','b5e708284e669b0b2a1c278107f2151d0a71d717','2008-12-25 07:24:54'),(31,'Antwan','Purdy','lowe.fletcher@example.com','26649858225','ff32483e571b992de83f5de75ed854147a0668d8','1977-12-24 02:12:06'),(32,'Sim','Armstrong','pfeffer.althea@example.org','74940415336','c5c81e0b726e911b808d99f35ced52b1368007c8','2016-09-18 12:47:59'),(33,'Jade','Abernathy','annabelle57@example.net','55305965282','7d389b0d984f12268711348911aed61d14fcd5ef','1986-07-11 02:19:54'),(34,'Lane','Wyman','celia.wilderman@example.net','62122404580','8e1aa2d469bcacbb16391d3a23e7acc6a99a974a','1999-09-13 14:02:02'),(35,'Ike','Hayes','larkin.dana@example.org','38460962898','c4351e2ef5cbdd225a7eb2a592fb42fe9b6eeed5','1999-04-07 03:35:52'),(36,'Danielle','Ledner','lsmitham@example.net','35790945570','ae338d0bc576328d873e693689d0ae4f133a0d64','2004-09-11 02:12:40'),(37,'Norval','Schimmel','mertie.pfeffer@example.com','87862290656','22536184f21b8a9f6a660654cd8178afd98ce0e5','1989-03-26 23:23:13'),(38,'Kieran','McKenzie','graham.cortney@example.com','59751123813','845dc37e9009501ba8ac0911620c2afdf045d182','1998-02-13 15:49:17'),(39,'Karlee','Kris','swaniawski.kiel@example.net','14538155160','5986e423945435b1fdc0b508fcd67a0017328cf5','1997-11-11 14:03:09'),(40,'Coleman','Crona','vroob@example.org','53416478992','e7be6dee6b6457f2f7efaa5ec4cf55f18bdd61e0','1977-03-28 11:56:13'),(41,'Jean','Kihn','rmurray@example.com','72431643656','16dcc282c72ae22c8bbd1c6048f5f31f5aa9d333','1987-03-22 22:05:30'),(42,'Neoma','Schultz','aliyah58@example.net','10243450365','54cdca6b65693e7602be8ddab19efba0147fbc24','1996-08-05 04:39:06'),(43,'Rachel','Carter','jgreenholt@example.org','20621590027','97145be6f29a11fa15fb74f60ca4cf89fc946881','2018-03-07 03:55:15'),(44,'Mercedes','Bauch','dedrick.pagac@example.net','78398157553','68878f145d59f7a765bb7145132da437bd2713d4','2003-12-01 01:39:05'),(45,'Alvena','O\'Keefe','betsy89@example.com','22273161024','f5ca4b50d5cade7f1c010df05a29030e70ee5e88','2009-05-30 07:34:15'),(46,'London','Kunze','hturcotte@example.net','28606763263','bcd3d77673a0d1bf3ed4a810793539ea95340829','1992-08-12 14:43:29'),(47,'Torrance','Ernser','shyann.kulas@example.com','60370056242','835407a828a457920532a6c81fce4cf06661301a','1998-11-05 21:34:29'),(48,'Marianne','Labadie','windler.brant@example.net','14557873127','5937263daaafc5bf55ec2b9adf686f7f73ba51c6','2003-12-28 07:38:45'),(49,'Torey','Stark','rstiedemann@example.org','92047928534','05da0f2f5a1580493135fe25df00de8fef3ccae2','2001-06-06 05:02:30'),(50,'Libbie','Hayes','karolann33@example.com','67622856707','8f8559d45a2812aff7eaa275f3c580e263bee1cb','1986-07-29 03:49:33'),(51,'Fletcher','Kub','lstrosin@example.org','65178891639','717c65c5e1014aa471196ce786140d8e990dbf42','1993-08-11 17:26:22'),(52,'Samantha','Christiansen','lnader@example.org','42958497847','26f2043edef58f18a218477d574aaadb2e74bb4a','2000-06-25 17:53:14'),(53,'Alba','Thiel','hoyt01@example.org','44465917586','cd479fbe17e688e607b2ec63202cc58868f0f336','2013-09-17 15:52:32'),(54,'Deja','Feeney','tiffany70@example.net','75194801697','fc8f5ba8a185ee1a4408e1a348282e2ee7fe1d39','2010-12-26 16:04:40'),(55,'Joanny','Schumm','maribel.schmidt@example.org','72812959314','cd1ea95b287a5f8a0136129e86121ed4db469fec','1974-06-05 08:29:48'),(56,'Sonia','Baumbach','garnett.hayes@example.org','16376235196','38d4f07e67a1992bda9f02f6fc3997bca36dbd2b','2015-05-17 16:32:52'),(57,'Bert','Mueller','zkilback@example.org','42651954004','1ff2bfe82886d70eb46cb489eac74778136f50b0','2008-09-27 11:16:31'),(58,'Christophe','Balistreri','tyreek80@example.org','84179383404','0ea78f7e69e4d5a7bbedfe1e28c8096874d67aaf','2006-12-24 04:20:30'),(59,'Robyn','Jones','osborne21@example.net','16352588171','baf1b8a9cdb675a59ee512e6963e9528358823a9','1985-11-15 08:07:39'),(60,'May','Altenwerth','claudie32@example.net','67960947602','4a2dcc286c0e691e0d731a04ec0e70b4590c68a6','1984-01-17 01:21:06'),(61,'Rafaela','Jerde','amira.gaylord@example.org','88524947240','3f01a2c061f2f6288a01d9fbc52cb1082810335d','1983-10-06 11:57:38'),(62,'Norberto','Boehm','enoch14@example.com','49708424857','a83d71b1cb1994b8b67b4371827c15bb7f46fc48','1996-12-25 15:05:20'),(63,'Martin','Marquardt','saige.hamill@example.org','71756119257','1f69376822638dd2aa4fde2189db28cfcd2680d6','1989-06-25 00:25:31'),(64,'Nelle','Lemke','dejon05@example.net','10202831495','c522982fd861aeb5d2f8e9f4707fd10226dbdfa4','1987-06-27 06:24:46'),(65,'Michel','Williamson','chand@example.net','89723826567','4ca638b16123f1f8467ff3882280a3ba4e12c5ce','1986-12-21 00:33:33'),(66,'Bella','Conn','celestine95@example.net','62708339425','c8f06f5f66f7cc13692b2f5f9131f70abb140f76','2020-07-17 12:44:24'),(67,'Brenden','Quitzon','stephany.berge@example.net','77267408263','dbf6265f08f1c5a7b73eac1f77afd06f6715e267','2009-02-19 03:29:41'),(68,'Monty','Jones','haag.scot@example.org','53728822022','bda686dd24e48ebda651b7a8696005c59830a44d','1974-07-12 02:56:40'),(69,'Jay','Haley','alfreda88@example.org','77976075797','d5f2b0194f19cd8cdab67de9d8893324deaf77ec','2010-11-19 10:01:53'),(70,'Terrence','Weissnat','mireille.tremblay@example.com','49626182462','4e87f69235a000c927b52e82a82e18707f64139a','2014-11-09 02:17:12'),(71,'Haleigh','Maggio','hgottlieb@example.org','53219460598','a87aa2653531b6e209d90d5030efa7b3155a607f','1994-06-20 10:24:18'),(72,'Heaven','Upton','addie.stiedemann@example.net','21759523949','c0380344667c1701dfa7ecaeb0cee078e044a074','2004-08-06 08:50:43'),(73,'Hallie','Grady','ekeeling@example.net','18403332890','98da6b71bc12ffb24bf08e5799479c4164f2cd1e','2004-11-14 12:40:38'),(74,'Jarvis','Nolan','lfeest@example.com','31538463649','a010dcaab632d988a951c0e55935f6b78e8bd54e','1977-05-20 18:23:38'),(75,'Abe','Raynor','rowan.moen@example.com','66296329000','ab5732036561a2b6864d8752936be3b824c30d7a','1977-12-26 16:32:04'),(76,'Vallie','Runolfsson','satterfield.josefa@example.org','27597927916','0cedb55b83a58bc2a7ccde75e263a5610ccbff9a','1994-09-24 22:16:56'),(77,'Juliet','Schmeler','klangworth@example.net','31841065105','2dcb7224fe964ca21622c3972dec32c2a1ba7304','2017-10-27 17:11:15'),(78,'Jamie','Homenick','haleigh.oberbrunner@example.net','41366912568','0cdd16268a996fec4e22212bbb1521690f762142','1978-12-03 12:18:28'),(79,'Blanche','Grimes','natalie.harvey@example.net','58362400080','0f4be00550ef234aecf34bc0e1a449be6bd715f7','1970-01-08 19:36:37'),(80,'Isabella','Powlowski','dietrich.gerard@example.net','98849991317','0905d98936e26a6b7f2f172e5855f7d63e77cba1','1998-09-13 16:11:25'),(81,'Bobbie','Kuphal','christophe.jacobi@example.org','12299054325','8c866a2c4cb3b6dab8f150688251e43796bdc411','2009-03-04 16:59:25'),(82,'Albertha','Boehm','fschowalter@example.org','32112630722','19ee493230f9f67384c48a22a3279869b25389a6','1995-10-07 20:29:28'),(83,'Jack','Hills','price.wilmer@example.com','94587385314','44157f6f43f719d01f7bb6f33831ef77ea897ba3','1996-06-26 10:24:29'),(84,'June','Ratke','ernser.amara@example.com','44137278334','27d6f55ea63f887f6133e0a0d3fdd6f6da2e268e','1984-08-15 15:31:29'),(85,'Bobby','Ondricka','zmills@example.net','53269880595','ee37264d1df45897388413bb36b0df27ee00a548','2000-04-21 09:05:20'),(86,'Ashley','Wintheiser','o\'reilly.aaliyah@example.org','25317203681','ed13f41926c6a2941a8236d7d514166decfedf81','2018-11-19 01:03:43'),(87,'Jaylin','Hand','lorenz31@example.net','42375742802','d83c17f2771027c823a63a08c4863345674a9c0e','2011-11-27 07:09:55'),(88,'Sophie','Kuhn','carolanne.toy@example.org','82073871372','528058f066be9e8b0eb4a71095b9fbf772730bc3','1986-04-14 10:36:06'),(89,'Dorothy','Carter','jadon35@example.org','20726101212','c8ba3b573897499792cd1a11f891151308285a8a','1982-10-06 02:41:51'),(90,'Kendra','Gislason','tromp.adelia@example.net','99472718737','83eb33fa48a0da05471a9311cedd5c885cb79d63','1986-04-29 04:16:43'),(91,'Delilah','Pfeffer','jerde.deshawn@example.org','98679439453','47bb8837e8ca3675fc4d2f797f822bdc669fe8b6','1978-07-30 11:40:40'),(92,'Khalil','Kemmer','wisoky.alexandro@example.org','16605779984','5bb3c240935cb191c52c5ba4f08c46dceeaa13b4','1978-10-02 20:05:51'),(93,'Mohamed','Bauch','ygerlach@example.net','34355102675','0a7f303c3d851ec29200f5363bd24e94a6a8be2d','1991-05-02 16:26:00'),(94,'Asha','Boyle','antonietta35@example.org','41391732390','ff45752159cc4e973fe38a6d37210290e222d714','2001-09-01 18:09:47'),(95,'Ismael','Turner','breanna.nitzsche@example.com','30593595341','97002901fdf69c7b364eba2c347d3f64d68bc2b8','2015-01-17 13:06:51'),(96,'Clyde','Lindgren','dee.jacobs@example.org','34770583892','039e5a6423dc58de93b3b7aead49ecc11a3967b2','2013-06-28 11:41:26'),(97,'Patience','Schumm','schroeder.sister@example.com','60172893470','6c56a4883552f7a7c26b633c34aad4853dbbc387','2016-01-26 10:32:49'),(98,'Kraig','Hauck','adam90@example.com','68806758914','ed84eb30561cf13fbbf1305361489793dbd3964b','2009-01-31 02:02:52'),(99,'Eulah','Hoeger','dillon.beahan@example.net','83841102574','5a550b7b5c1b4dbcb559b6f4c05b6a56c3f994f5','2012-05-11 07:56:06'),(100,'Curtis','Hoppe','rylee47@example.org','14055554219','479f00bace582fa6bbf238f54f21ec2eddbeb18a','1975-10-22 09:08:04'),(101,'Constantin','Hermiston','shana26@example.net','35329614630','80b4bdc170c8883da08f87396b303a50836bf0dc','1984-08-07 00:52:37'),(102,'Maye','Bogan','lila53@example.org','45295127741','1096e7946be520e0905bd1202712de2a24f6dd74','2012-10-15 12:12:46'),(103,'Rae','Kuhn','cnienow@example.com','11564723164','5f08930bfbd630e56f559e9d358e14acd1916ca0','1970-06-26 08:17:06'),(104,'Dax','Larson','hand.marlin@example.net','82113447533','9e9b73da4317847aad64d129db9a94467d8d175c','1987-02-09 04:55:20'),(105,'Gerry','Paucek','sbuckridge@example.net','71065352787','971444d739a774f7af966f32598746d50eb50017','1987-11-27 07:04:37'),(106,'Alexanne','Wolf','jones.rubye@example.com','51250480548','0c8765b7c5ea527d8df937beaa31641a4714d604','2020-09-03 10:05:38'),(107,'Patience','Veum','hkoepp@example.org','89661542028','5043ff70f4c32522b05a9ec0424930d0f868ca5d','2015-08-02 07:58:30'),(108,'Greta','Daniel','deontae31@example.net','50374783435','cd8828a59876d2385f43016df3a03470df6f91a7','1971-02-03 00:33:56'),(109,'Emilio','Lang','mframi@example.org','96231043040','eed9aaf5adcef5709e03edf610104ed6bde8fb00','2017-09-23 02:32:24'),(110,'Elody','Langosh','julie.ritchie@example.net','36511936220','e507d9146588c11841708f306b2ad85dea8390d3','2012-02-09 07:02:05'),(111,'Aisha','Larkin','mcglynn.deion@example.net','89214091100','848d0e0aba1780eda940d489e3723d9f585dfd58','1974-02-06 02:59:56'),(112,'Abigayle','Wuckert','travon04@example.org','94457938764','302ff77ace122481694e6dd4da4dda30a33248c3','2016-02-08 00:17:01'),(113,'Judy','Hand','herman.micheal@example.net','49016730259','75e8c408d216f2b62d21ad6a3afc818619a61a3f','1990-12-04 16:44:02'),(114,'Keven','Botsford','mtillman@example.net','50306749455','d6f87023e429804661e58676d7bb4ca7ec91fce2','1993-12-16 14:10:08'),(115,'Jaron','Aufderhar','karolann.eichmann@example.com','57274650079','8ab5e2c4648f8df2383361813c780db9a86d6898','2015-10-06 22:22:34'),(116,'Joseph','Orn','christy.reynolds@example.net','12047445476','c59d10aeea94019c9c81a1946a7ca017944dd249','2011-11-22 12:29:11'),(117,'Ryann','Flatley','phintz@example.org','61186941899','abcf5e60a7ec84243f6c0dcfe228b06b8b4739a3','2004-03-08 00:51:21'),(118,'Rahul','Rohan','noble.kessler@example.com','84187911823','c8dc3db34bb9cfaea175f37ca3cace6deb35e8fb','2008-10-15 22:56:38'),(119,'Nils','Metz','tiara19@example.com','63003895180','bfa32fcf4a37f28194e5a4e748910e76dbabae6a','2019-05-04 08:05:32'),(120,'Easton','Douglas','zlangworth@example.com','50020861597','8c4f3ed4da07c8265b76d7e21dd592f77ac6df79','1985-03-04 20:07:06'),(121,'Lottie','Rohan','natalie.ebert@example.net','88836113074','1b22e7204a2dd54753a646e7eae9df84f0959d58','2018-08-28 02:51:47'),(122,'Madisen','D\'Amore','carissa34@example.org','26275111003','1ea810c99fa387eb82f60bdc14d52d055cde82f2','2015-05-16 02:18:43'),(123,'Hector','Stark','annamae29@example.net','73909690524','6185e3d66952d2247fb2117d23057a12167624fa','2008-07-10 20:01:44'),(124,'Reinhold','Auer','melba.lehner@example.org','38791540381','4850a8e07a5805f055e34ef5034ec90a334b1415','1973-07-26 21:18:19'),(125,'Sheila','McCullough','grady.retha@example.net','74181582657','e4f8939a0b99f5bf6acd890de7b2596b76b6074a','1993-10-10 05:39:08'),(126,'Missouri','Murray','arnoldo74@example.net','21134182172','309362ab8564edd42771debd25431d60b90393f2','1982-11-04 10:20:19'),(127,'Bennie','Collins','dstroman@example.org','40426665958','8dae0b556a2c4b924633a7f051a0cb6614b0d960','2010-04-02 22:49:03'),(128,'Zena','Hamill','bgraham@example.org','34322893200','2d1aa99bc0d2be0906e6a08139a5bc4a5b38ff5c','1992-06-17 12:40:22'),(129,'Florida','Stoltenberg','kohler.sedrick@example.org','47457535001','60a6c4b583e3a7b7360621203391f511cd5f4f5b','1983-04-16 14:24:36'),(130,'Nina','Cassin','mosciski.ole@example.org','24674311541','3e002ad5b150f4ea76e2bbc380fde0ee16010b3b','2017-06-17 12:37:43'),(131,'Gilberto','Feeney','edwardo85@example.net','42746150167','60eb438d3be1223d22655e38258194e62e3f3065','1980-06-18 07:03:46'),(132,'Winnifred','Nolan','missouri03@example.net','21930488497','3f60fcc48e1401825219bb9de32942e757e7f9d5','1978-07-18 01:16:45'),(133,'Kamren','Will','schmidt.avis@example.com','57161474018','861cc05cfef21e079cfe32d3c0bb9e27af6c5ce8','2009-05-10 22:40:14'),(134,'Sarai','Stark','bdibbert@example.org','74575021816','df35862bed6a3a34574ad36134c23bf5a4515be8','2006-08-24 11:15:02'),(135,'Candelario','McDermott','lula.aufderhar@example.org','40390180917','ed390a26dcc956ba5a2ace18169b51a98a687969','1998-03-29 08:46:26'),(136,'Kobe','Davis','brian57@example.org','52872860352','4c777a07282273493280b2ce340d63a093f53d80','2007-07-26 23:26:33'),(137,'Michele','Smith','evans.fritsch@example.net','72412403081','e145ca829a9b315ff84a5a3545bf593caa9d96ae','2003-07-09 19:51:25'),(138,'Kathleen','Mann','eileen87@example.org','39440299016','692f5d7fa15420efdc59d58bba81ff5c68960da3','1995-02-04 15:08:17'),(139,'Julia','Nicolas','izaiah.mckenzie@example.com','60144252590','4612dfd8f708d06b5d16a6d84af57986c007dd45','2010-12-24 03:20:44'),(140,'Carmelo','Heaney','murray.lilly@example.org','37176983659','3e801b25d499974dddfdb08728d4353bbca8fb91','1990-12-31 05:21:06'),(141,'Shawna','Dickens','jane.walker@example.org','20902842651','65392dd3350cba824e41398443370762f461ec02','2004-03-07 11:33:29'),(142,'Brannon','Considine','reina71@example.net','69384121168','5b9d376f2e28e83c05c815a9a79cc8f08da706ff','1994-05-02 16:35:00'),(143,'Jack','Hilll','palma39@example.org','86432741605','d5d5e3d86e75afba32a3e6bac74b6ba5ebd175c2','1973-10-28 08:28:20'),(144,'Gardner','Conroy','nicolette.goyette@example.com','41850216249','b50ff1d4e8269fffac22b120ce501b932e009e97','1998-11-14 02:28:21'),(145,'Vernie','O\'Reilly','vhuel@example.com','88223636220','d48f83fd59639b9f0d7d9575ddacc9d68e531dcd','1999-08-19 04:34:33'),(146,'Laron','Glover','kay00@example.org','81370662930','5e2d113da37d57d9008e43fb7c856e2f1b6d8311','1991-10-10 05:11:43'),(147,'Dorthy','Connelly','beverly.runolfsson@example.net','49266333822','eca4aac330a62757335152508f62bc49c915174f','2017-08-07 02:25:12'),(148,'Barrett','Gottlieb','homenick.paris@example.com','31516464632','ac252fe25c3d02c8a97b5402d90a9ac94a195b10','1978-07-07 22:10:05'),(149,'Syble','Kirlin','jake93@example.com','56989929107','8cf4e257815fbe88cdd88adca670ab5c0421c0eb','1971-12-23 11:07:16'),(150,'Roma','Gislason','louie.kerluke@example.com','44486548886','20fa16a267790cd36ffeaf1cb207e2801de780c0','1999-11-28 08:38:43'),(151,'Mittie','Towne','durgan.brisa@example.net','12608529068','7c5a6f80c28e3e613f096c9ce758d8dcfb7377b9','1974-08-16 17:59:26'),(152,'Adela','Shields','fwehner@example.net','95729333497','18c260909b3d250e4cc219ca69ed4374c158bb82','1987-08-09 16:33:10'),(153,'Rocio','Hettinger','vjohnson@example.net','44108504937','18af8aa95351b0c9e39c5c984ac6335adda0b2fa','2011-01-09 03:13:09'),(154,'Jacky','Nolan','bryce95@example.net','37867145962','d2e214a3c5a5527e03d9cd510bc2b6e114833e6c','1993-12-11 15:25:19'),(155,'Damien','Leffler','dbraun@example.net','91097678039','ebba0dcd82ae5c0c59afd61596ea5899097f7d6f','1979-01-29 20:28:25'),(156,'Rylan','Hartmann','kjerde@example.com','21574754198','87e27d3d776bfc91b0562612a142baccd907836d','2000-12-01 00:57:04'),(157,'Earl','Ebert','isaac22@example.org','73005361878','2392d22af59a76b927a62ae81c83429c7af725c8','2004-01-05 13:57:57'),(158,'Celine','Krajcik','deshaun05@example.org','87077270019','f84f5711a45d150cc5932e8931bedca06b9c1f1f','2004-06-19 02:53:18'),(159,'Robbie','Willms','sarah33@example.com','16183992600','2324e07d7f9453e16f8d5c652654ae0cfb2c78f1','1983-02-19 13:59:16'),(160,'Flavio','Cartwright','peggie12@example.com','11966976523','9cb0e638dfff672a0abf40d4a1d60a26c7142e88','2007-08-20 04:43:31'),(161,'Francis','Torphy','cyrus72@example.net','90687105683','081fe88a02a5f56c38401c6867a94f8a18051555','2017-11-24 02:55:00'),(162,'Jeremie','Leffler','rowe.aurelio@example.com','67124859802','1760c4b5e4b8e9720f5b0b6ea38b974357d60920','1998-08-21 04:47:30'),(163,'Lillian','Murray','monica63@example.org','57671888838','039c910f331387dbfb3bc5d6fed20b1269b7d063','1986-08-09 04:49:30'),(164,'Antonietta','Conroy','iswaniawski@example.net','29883117820','00d44810e94b2e9b1314a2f3d727c6ee08cbfc1f','2020-12-17 06:41:01'),(165,'Jamey','Sanford','jacklyn.crooks@example.com','70872465665','2496a31b3c7d6142e67ebe455e83c4f2f13ffa25','2009-09-09 06:10:49'),(166,'Carmela','Littel','gianni.cruickshank@example.org','32483742376','c3b02d139dd7fbd236642ebb1a38f6afd18c8c40','1987-01-19 07:09:24'),(167,'Colin','Bosco','herminio.hintz@example.net','12432208904','acc17a55bc0e6874ec432135d5f9abf32ea821bf','2002-11-09 00:22:59'),(168,'Isabelle','Brakus','marques.cartwright@example.org','48951232307','f46365dd6a5190496e9ac8a356f82cdc280dac3a','1983-05-02 22:37:50'),(169,'Easter','Schamberger','borer.heather@example.net','92575501152','b3985c74bc54ee844854fba14ec9c67815d3404d','1978-03-09 09:31:54'),(170,'Lavon','Jacobson','ellie08@example.net','73763437964','5d53c1136d1bc63d3930973146587dd07cc920f3','1978-05-11 10:14:50'),(171,'Marie','Breitenberg','eriberto.hahn@example.net','14026597426','873751de1add76364cef1dd6845e15d3313a50f9','1971-10-07 18:11:33'),(172,'Christopher','Bradtke','dicki.adan@example.com','20605060453','120cb804c36721ffc8e00e51631c2cb4d6e5250a','2012-11-01 11:57:18'),(173,'Ericka','Powlowski','greenholt.alvera@example.com','86655821935','636c37cba4a79d13f7c6a22276e5ed3b69b8f7a3','2014-05-28 03:00:53'),(174,'Maudie','Skiles','ewalter@example.org','11478148037','76f2079f290a6adf27c73c6ea1fd8bfd3bc15021','1985-09-10 01:38:43'),(175,'Ara','Heidenreich','elisa.sanford@example.net','56367203532','150ccb03bdd968484c38df59eb7e62a4d44f6154','1983-10-26 17:59:33'),(176,'Donna','Botsford','dillan49@example.net','63348314245','c8e996f4e70bffb07e1b462195df2f27da4545b2','2014-06-26 14:35:24'),(177,'Maybell','Oberbrunner','darrin.reinger@example.com','30631755799','d7eb0968abe00c3eb38f7fa23e62832e0b3b566a','1979-12-17 08:35:28'),(178,'Nash','White','christop.gutkowski@example.net','18304658401','e3ff4578659d2157f470e970328d4dcfd4afb118','2012-04-05 07:00:58'),(179,'Jodie','Goyette','elisha.white@example.org','34968491313','f5f493a3e774b60ebdd68064599cb15a25098b10','1975-07-23 13:04:12'),(180,'Carlo','Anderson','prosacco.thurman@example.org','35551042635','2d946d587575c90afdcbdbf66e25f113248e2678','2006-10-06 16:46:35'),(181,'Adrain','Swaniawski','nbauch@example.org','31846367875','431d1e3b4403ae33698c066ccc5afa0a62b53ee8','2016-05-11 05:03:57'),(182,'Judy','Botsford','giovanny55@example.com','54919635192','c2c48c84b8eb985c1ae6fd6be5b3ac554403ba4d','1984-11-12 20:40:54'),(183,'Idell','Cassin','qglover@example.net','82611120436','e32c8a32e7b7be56321325e0d64b15f98b5bc53a','1994-03-15 05:15:13'),(184,'Dusty','Kulas','qrosenbaum@example.com','55530001609','16b32a2d6928da50269b0f971bdc1429c23367ac','1998-10-09 08:13:07'),(185,'Jackeline','Barton','nbogisich@example.org','57149733696','146434e85817fd4885a703f3576f2c4fab044392','1983-01-01 23:30:14'),(186,'Una','Reynolds','marjory66@example.com','17487389817','4d3c466a1fdef793cfd829a0108307e98e3875bd','1979-10-13 10:21:30'),(187,'Deshawn','Tillman','conroy.giuseppe@example.org','86533230398','8ff7d94b74a021e87f5777e896b25271a2541c8f','2017-05-23 14:37:35'),(188,'Madie','Thompson','alena99@example.org','65144618791','ada86b1a75bcd1b5b78682bc6be35bb91d5efd92','2009-08-09 18:43:46'),(189,'Brown','Heidenreich','genevieve42@example.org','18288832362','aae4b0c1e3c707a485b676eeae606e9bd34d4d5b','2008-12-13 08:39:50'),(190,'Braden','Witting','josue66@example.com','97512153447','071c28e6d7055e5f88ec3fa77d101533eee5d28b','2015-08-03 07:50:24'),(191,'Layla','Kshlerin','macie.hintz@example.com','35457756286','4e3edd10e857d14588aa907aac46d1e284543d3a','1982-05-06 22:26:24'),(192,'Sheldon','Kuhlman','saige20@example.com','76119166864','51a4d869119b6dc19e2d17f70bc72d674ecbe6d2','1994-12-26 01:13:49'),(193,'Zoila','Kuphal','rudy.sanford@example.net','90691083609','13d9c0e7bbc72b73dec8d791103af76cb98dd982','1975-03-05 06:19:03'),(194,'Howell','Crona','desmond.jerde@example.org','21221405346','3a81432149740b0e53423fec6d0ce28d7cacbcdd','1980-05-08 16:50:49'),(195,'Tracey','Murazik','flakin@example.net','24894923190','de756c6e29c567bb628e5204c67b4f157754b636','1981-09-07 03:46:52'),(196,'Nellie','Kertzmann','paufderhar@example.net','79742738245','1606f073d05f76b8f89a3701a68f240b8cbba226','1994-07-12 00:17:16'),(197,'Hal','Abernathy','angel.grady@example.net','77546279630','25f81dda58299b884b14bcea0b1ba6dcbf35aed1','1970-04-08 19:29:48'),(198,'Maynard','Ullrich','julie80@example.com','42947107260','fa96a77d90fc0359ba80a3216bc7ddff585dee33','1987-03-22 17:17:05'),(199,'Loren','Casper','christine02@example.org','84489160357','84bfa9232a840ed59acb5c768561ad6672e307fd','1994-04-25 02:07:01'),(200,'Federico','Koch','nbernhard@example.com','90858347294','8ba94869dff7facf7541f6e9fffe55bfdbca21f0','2016-01-20 01:27:42'),(201,'Torrance','Stokes','nicholaus24@example.net','13361421157','512c72afc97a6b75ea30ffdb83a065e51352f7aa','2003-04-24 13:00:28'),(202,'Margie','Mann','orpha.gleason@example.org','61080747963','4822896c50ab343a01909632ddddf77a2bfc8848','1994-04-13 07:05:28'),(203,'Dorcas','Daugherty','prohaska.allene@example.com','23635487630','3260b4cb5220b7475a5782c801f26c50aad35fba','2009-01-20 16:25:28'),(204,'Felix','Jakubowski','skylar.stoltenberg@example.net','41567648295','747fd63326e5d329869a99a7050017c4266c6576','2016-12-02 13:05:05'),(205,'Arthur','Lehner','ola.weber@example.com','74518628916','2745937382324688e0a673079444e65b03558353','1999-07-11 23:58:57'),(206,'Loyal','Mills','bashirian.ismael@example.org','62414537458','6a992b8b09e92792eeb06e23f473f5934288303f','2015-02-26 02:44:00'),(207,'Casey','Bins','mohammed.trantow@example.org','94667026428','8e25a11381eabb300b617635ecb0cee93c4360be','1991-05-23 03:08:21'),(208,'Cora','Cronin','raul70@example.com','54286494641','027bb8d463495daf42ff6fe9844f4310881ce8c7','1986-05-07 22:31:59'),(209,'Florencio','Kub','melyssa.roob@example.com','24363879458','50e64f1eb7c43e36f87269367fdcb42405bfedac','2009-12-14 06:16:32'),(210,'Kylee','O\'Connell','huels.ciara@example.com','51467197630','e811ceaefcbeab6a9c2ab3262f7c9392552b1d5b','2002-10-29 20:06:18'),(211,'Immanuel','Smith','dvolkman@example.net','62888704780','ee16954cd5c47d846210fa6f693da87092282d6c','1974-01-24 20:25:49'),(212,'Kayden','Ratke','erdman.aaron@example.net','78619383974','2c5ea81cfd8d88b8a7adb98f8725e2deb29d97dc','1993-10-02 13:42:07'),(213,'Tatum','Gottlieb','abrekke@example.com','51901693027','b4fd64cedf4e1de966881d9be601cfd7deb63ae0','2012-08-30 14:38:52'),(214,'Pearl','Lebsack','jast.josephine@example.com','53826069030','94b5b0cb16ce7ebb50c85a95426472544ecc0b95','1988-03-29 02:28:22'),(215,'Camryn','Nienow','skye.walter@example.net','31592607055','58f052cf6bbb19d38c5051b1f377fda39babc895','1979-02-05 07:05:18'),(216,'Fermin','Medhurst','willie76@example.org','24883812642','1c81945f146c3a1c76c28f00fbe1932a5ce4a5ec','2010-02-02 15:44:44'),(217,'Darron','Mayert','irussel@example.com','75719781541','93450915fe4221b3ad2ad2d01fccef07bf8f89fb','1976-09-26 19:12:51'),(218,'Maggie','Rolfson','rickey81@example.net','36062087984','cf6a19418099ae0fa796c4d4aea433321bed6f2d','2007-12-22 11:09:29'),(219,'Shane','Stehr','cdooley@example.net','36209649462','faeecae5dd30d34cbc774e77683afb1ccd1c8a36','1998-04-25 11:25:30'),(220,'Garrison','Moore','molly38@example.net','21865732008','faeb191f0522daad35607259a8c6092a007c835f','2001-08-04 09:39:07'),(221,'Jerad','Pfeffer','liza.blick@example.com','78624113379','1aa6302f383960eb3c5b3c18e787e32e4bc14467','2020-07-02 09:41:56'),(222,'Federico','Zboncak','kim.mayert@example.com','43740676683','b0caf8e28254620c12f89a6f3d9838482bbfb6fa','1995-04-11 01:36:07'),(223,'Ruby','Green','egutmann@example.net','47344140592','143f856ab25de8fa467f7692a8e28bba7240efb0','2001-03-12 01:48:20'),(224,'Bradley','Anderson','ianderson@example.com','57870100103','b3d0bf2ccd51c152f0d2911c656056acd3251542','1986-10-27 04:07:39'),(225,'Anne','Von','xjacobson@example.com','29463628879','0562c3da4baca21a65750de125199fa201b80175','1982-06-02 07:42:28'),(226,'Angela','Breitenberg','kody.walter@example.net','18675162075','23e760d98437ff8dc688c0b0805c43f1f54b139e','1971-02-23 18:06:59'),(227,'Mia','Dooley','okuneva.una@example.com','41921194833','54afee160931218f72d7750cd9445dd0ceebf874','1982-10-15 21:31:46'),(228,'Keeley','O\'Conner','bayer.emie@example.org','19921490433','e69908a313ae45bd5e4915e6d149f6b1e7d989d7','1982-10-03 15:22:48'),(229,'Akeem','Lueilwitz','gusikowski.ryleigh@example.com','41808191901','c8de0020f99c3ef007caf45d2763cc332d1162b4','2000-12-23 05:08:40'),(230,'Ashly','Bode','marty.shanahan@example.org','84296938339','34619923944b7ca3d32e6c48ed94d751b5406363','2019-04-28 01:58:21'),(231,'Millie','Abshire','beatty.kellie@example.com','97329749823','7036a0216de9eee344118a5abaebdb15b9d96886','2015-04-27 07:53:57'),(232,'Alvah','Jerde','rwhite@example.net','59511652798','cd0410990e9d80aa6db3b5c6dd82d20cbe50d221','1976-05-04 23:50:06'),(233,'Meggie','Kutch','bhuel@example.org','31265272446','13cf806a7cb7067af225e4eb31b169ee59edaccf','1990-12-26 05:15:10'),(234,'Ronaldo','Bode','ybednar@example.com','71442309352','924b66ec56c19aeddfa35134d728b30a525a5bfd','1982-06-15 07:04:28'),(235,'Elsa','Reynolds','spencer.ansel@example.com','80327303363','a740ed96d5e44b5910a3ae9b7e85d8034f53c4a5','1977-10-28 17:43:43'),(236,'Sibyl','Deckow','rath.sarina@example.net','11960124652','1e1b4c75b8fbef310774a69cec893900ebc9f1cd','1996-07-07 08:42:01'),(237,'Kelley','Jacobi','sylvan76@example.org','99365363321','b4287685149c98418b297f6e3ad60eb837185681','1993-10-23 07:59:43'),(238,'Hillard','Jacobi','estokes@example.com','86609253757','49d9868fd85b98372a7f305207d2cd622ddb46a5','2000-05-15 14:18:12'),(239,'Leatha','Lebsack','wschuppe@example.org','81468278532','36daa1fa6e2e33e271ac6ccc1da8c40f69bd542f','1995-03-21 02:44:26'),(240,'Dillon','Ferry','npollich@example.org','16415261840','58937a214210a3a065ccd9f1a3dd3a9abc77b043','1978-10-20 01:14:58'),(241,'Rory','Jerde','jakayla80@example.com','85388286439','8e23b53f2e62522ab5b1471f8b711a4a56400ad9','1997-07-01 21:42:36'),(242,'Joana','Cruickshank','dietrich.sammy@example.com','72940332894','71149ac1a8252c3b667d53df7eaac622bafdd3b5','1975-01-21 13:09:24'),(243,'Tressie','Hane','ollie.kirlin@example.net','30278165298','db3427963937942ed4b015a861064331fcf8b4da','1996-12-30 15:23:43'),(244,'Keira','Huel','wisozk.garry@example.net','80138402422','2d1fd9a24c359d9b50b9c266795fe352292c2d56','2014-05-16 06:08:04'),(245,'Destiney','Sawayn','pkuphal@example.net','44741260926','e5395f4dfc8aad43cb0745f952e27b7069e04699','1989-08-20 08:36:07'),(246,'Earnest','Kovacek','elva.monahan@example.org','49161247680','336af0d53186410c004f7afbccba0bf344d41f0f','1990-12-03 04:09:03'),(247,'Santino','Dickinson','destiny09@example.com','56667833188','3e69f3d1bf44ecd2e8fb2115849ae833ee8bb434','2007-09-28 05:09:52'),(248,'Asia','Howell','annamarie01@example.org','75352299041','90605292f33d1515b9db41ca88d81a77dcfac4b4','1992-02-25 16:30:28'),(249,'Emmie','Green','rudy.denesik@example.net','73888731910','b5262f8fde71a75947aea1dfb6d43391f8c1f9e0','2006-07-17 16:15:27'),(250,'Kenna','Gulgowski','amina22@example.net','79668094129','ae610b1723a4d2ac17c777958f1834669b8f4f2e','1973-09-19 14:43:03'),(251,'Lolita','Upton','rippin.wilmer@example.net','32205117144','4346b0189987868e8408af6868d353363d179813','1976-12-11 18:00:08'),(252,'Jennifer','Schoen','dale.lebsack@example.net','22538945432','2f56b73fb9db17614219bc076f0dc744465f8490','2019-11-10 03:59:21'),(253,'Santiago','Champlin','zora12@example.net','71173852039','cf1653f0054bfd298ad294d79a09d1f7b110b9e4','1976-06-24 15:44:03'),(254,'Ruby','Kunze','allan16@example.com','63815639712','3ba8fdcce1f752888a7b77df5ac845a491614cbc','2017-07-08 03:32:02'),(255,'Norberto','Feeney','trent.upton@example.com','34615660924','99569945681ed00f20aaad04d2e84633c9adacb2','1984-01-16 03:54:13'),(256,'Arlene','Buckridge','fern.mohr@example.net','66542165107','6f8ffd7485cd5aee43d173a9c8b1daacbd6ea001','1994-07-05 17:22:56'),(257,'Garret','Haley','bobby.wolff@example.org','94912803652','6315cb8ef19242cecc70240164a7f0dd0a22f7c8','2019-03-04 03:18:27'),(258,'Ola','Langworth','trycia34@example.com','66619366374','22acb335d82c9edf47eaf7ede8704da285260117','1974-04-04 05:28:16'),(259,'Rose','Kutch','tcummings@example.com','30755089428','93f875498e513dce2c770711d0a608d939515b12','2008-06-27 04:47:56'),(260,'Rudy','Witting','jerrell78@example.net','17557644583','fb78896cb84d7704d5d2ab47019a3c1f6fe1c06a','1974-01-10 15:18:51'),(261,'Jasper','Raynor','reed89@example.org','86904392638','180ed5e53f65b2980cb1145207214defd70cde74','2006-10-13 00:18:04'),(262,'Anne','Funk','dickens.baylee@example.com','53698070328','9d77a6b869b0f54d1fb6d9592ba003cdad8c2f8b','2014-07-26 10:13:05'),(263,'Ashly','Barrows','bernhard.theodora@example.org','36635993877','698f76239fefcf8efb067ca0d50dde1814120515','2002-05-30 00:40:07'),(264,'Jody','Bernhard','leonard.koss@example.com','11349745956','585ce8b2b922acb46c362d32947eb3dcb0336954','1999-08-25 23:19:37'),(265,'Blair','Rowe','myriam.o\'conner@example.com','55094724558','d5b403123997569c285b6bc08902c8a8b866eb4c','1974-07-28 00:01:41'),(266,'Roxane','Stracke','marianna34@example.net','28258359064','c139f324726e0733eee46bcc53897a624f15ebd1','1993-11-22 22:48:54'),(267,'Georgianna','Parisian','patrick09@example.com','35920351636','1b7b211949b27014590b1146a51dde1b647fc745','1974-08-04 23:04:00'),(268,'Dillan','O\'Hara','bauch.keshaun@example.com','69600225239','bf059e4f178d581019f1840106b60171d86cf8dc','1981-08-27 10:03:22'),(269,'Rickie','Senger','bruce.kerluke@example.org','34437597743','2ad3d8924bc6accd5c22c711dcb05cae9edb9fe7','2015-12-08 00:27:00'),(270,'Lilian','Heidenreich','ohowell@example.org','27001961944','5b82e8eef715a29f68a097c258d102a1717d9b30','2004-02-10 07:18:22'),(271,'Stephany','Keebler','lfeest@example.org','96806287146','d649e88323aa0baa2f78e54d0da0cf8feb72821f','1980-01-26 01:00:50'),(272,'Lonzo','Yost','qrussel@example.net','77484728465','a02419b4cd5f09161ff912b37386fdd41b97f1f4','2006-03-06 01:16:02'),(273,'Bethel','Koepp','krajcik.cassidy@example.net','67970198919','0f344901a5cf192c018cd2ba385be60e14f93bd7','1997-09-16 05:01:50'),(274,'Loren','Robel','bergstrom.davion@example.net','78854025378','d5c5a99896132981d47fbdf508cd05732db605f1','2006-10-02 23:31:13'),(275,'Dolores','Armstrong','lvandervort@example.com','22266431027','ff291ffc54d73a2b6a81cba2df1d4a5707f02ecd','1987-07-27 00:14:42'),(276,'Carol','Johnston','parker.will@example.com','83391719409','435fd01d4e99cef2a1a7beb591c8b1c73cec9c30','1988-03-09 05:51:49'),(277,'Orlando','Johnson','curtis78@example.org','93991776537','36d7fd853dfdac3ef236c00d9000b031c081ebd6','1985-07-29 15:52:45'),(278,'Zella','Rippin','hessel.georgiana@example.net','86437585046','1473a165f8859c236e146e78cd0665a731b61da1','2009-11-25 19:38:57'),(279,'Jacey','Jones','zpowlowski@example.org','22271991958','26fe13c4a55fdbb27576f30e721f43f3cfc35835','1994-07-31 11:55:53'),(280,'Sasha','O\'Kon','co\'keefe@example.org','31669224901','c77d375ef2acbb1333a73e913365c188bbc3ccab','1998-01-15 23:06:32'),(281,'Chet','Von','georgette.jakubowski@example.com','36388506283','809958824becbc26dc6f000f5b5d98e8a4c0010b','1986-05-08 16:18:04'),(282,'Colin','Kessler','tre.kreiger@example.net','32966756755','ba433c1b8aecfcc1b9b9d64690e405c45b1e59dc','2015-01-02 07:51:32'),(283,'Marisol','Gutmann','ygraham@example.org','83299302514','1f4b04015431ce5aa88b013fd6a0868af0bf2fed','1992-06-11 06:02:39'),(284,'Amelie','Bailey','bdare@example.net','80125723201','e4a36f4d627bfe195bebc8d58858c26f709fc2b4','1993-02-22 09:48:26'),(285,'Chester','Jast','mohr.mathias@example.org','63774301968','0d1e53b2bb369379cb3c0310a0b276cbc610e5da','2019-11-29 22:39:41'),(286,'Horacio','Lubowitz','jbrekke@example.net','44849021816','03091c73ee4e2f5be218901883f9100e36c7d66e','1977-07-31 17:08:34'),(287,'Euna','Leuschke','marcelino.smitham@example.net','96071972749','02dfb46b69032d2f9c4b11ef100a07d308bbef84','2008-03-24 05:11:05'),(288,'Malinda','Bernier','sipes.donnell@example.com','97291688523','a7ba95de05f79188ba67d2115df77cd01e147b48','2003-01-05 21:07:14'),(289,'Broderick','Gerhold','lowe.nedra@example.net','24058790714','ddf0a4ef80c67c1aad23c73065931ad50dee01b0','2004-10-12 04:26:30'),(290,'Jayda','Ondricka','aufderhar.germaine@example.net','77479147166','0d913d05ab4f3a42a7d821736a39ef9c94b8b479','1990-10-07 01:55:00'),(291,'Marcellus','Swift','kenny.hamill@example.net','77884424212','82d6e8965ea6bdbbe2739e102b9f4f5461514d0f','2009-04-18 06:01:41'),(292,'Will','Trantow','xjones@example.org','54212030400','4b9b260a8d86a58c08296e3e289f18fbe6deaeb4','2004-11-23 17:19:45'),(293,'Kari','Beatty','helmer.strosin@example.com','56776775675','414b6c66d6b764298748070e771070726bb4d1fe','2000-07-27 11:31:24'),(294,'Rosalinda','Williamson','jwiza@example.com','83625560509','2d3e98b5009442f64b94bc53d63e332ecbd32d66','2016-05-10 18:49:21'),(295,'Adrain','Brakus','sporer.delmer@example.org','73475884161','f1217e4dd9acaada8d4fb5a404e3313aa7ee64dc','1988-05-13 07:03:02'),(296,'Fidel','Hoppe','virginie09@example.com','87071183333','7187376f046951d57381ef9b4094c0bb8fed2813','1978-12-29 17:28:26'),(297,'Reymundo','Veum','torphy.providenci@example.org','66262030419','0666a38765f2869d6c786b92ff83b0f46c054835','1981-03-28 16:39:31'),(298,'Laney','Krajcik','rosalia.turner@example.com','99075021655','cb296b5ecfb614c2be08918cd28493f148fe3347','1992-10-13 03:41:02'),(299,'Thea','Nolan','mcrist@example.com','23007893301','3b309f303386b415b7a10ee4251dfd0200f33208','1977-07-07 02:37:05'),(300,'Daphne','Little','mcglynn.ryann@example.org','89293981324','1bdfb762a8ff8dd48b17353ec8c01b637876d83d','2021-06-08 19:23:42');
/*!40000 ALTER TABLE `users` ENABLE KEYS */;
UNLOCK TABLES;
/*!40103 SET TIME_ZONE=@OLD_TIME_ZONE */;

/*!40101 SET SQL_MODE=@OLD_SQL_MODE */;
/*!40014 SET FOREIGN_KEY_CHECKS=@OLD_FOREIGN_KEY_CHECKS */;
/*!40014 SET UNIQUE_CHECKS=@OLD_UNIQUE_CHECKS */;
/*!40101 SET CHARACTER_SET_CLIENT=@OLD_CHARACTER_SET_CLIENT */;
/*!40101 SET CHARACTER_SET_RESULTS=@OLD_CHARACTER_SET_RESULTS */;
/*!40101 SET COLLATION_CONNECTION=@OLD_COLLATION_CONNECTION */;
/*!40111 SET SQL_NOTES=@OLD_SQL_NOTES */;

-- Dump completed on 2021-07-16  0:29:18
